,LocationName,StateAbbr,Data_Value_Type,TotalPopulation,TotalPop18plus,ARTHRITIS,BPHIGH,CANCER,CASTHMA,CHD,COPD,DEPRESSION,DIABETES,HIGHCHOL,OBESITY,STROKE,TEETHLOST
0,Abbeville,SC,Age-adjusted prevalence,24434,19650,0.267,0.37200000000000005,0.068,0.10400000000000001,0.062,0.079,0.248,0.132,0.34,0.38,0.038,0.23399999999999999
2,Acadia,LA,Age-adjusted prevalence,56489,41929,0.29100000000000004,0.408,0.068,0.10800000000000001,0.073,0.098,0.314,0.14300000000000002,0.342,0.41700000000000004,0.042,0.18899999999999997
4,Accomack,VA,Age-adjusted prevalence,33239,26487,0.265,0.385,0.065,0.11699999999999999,0.064,0.078,0.23399999999999999,0.134,0.35,0.40299999999999997,0.037000000000000005,0.243
6,Ada,ID,Age-adjusted prevalence,524673,411855,0.23399999999999999,0.28800000000000003,0.07200000000000001,0.10300000000000001,0.048,0.048,0.255,0.08,0.29100000000000004,0.289,0.025,0.177
8,Adair,IA,Age-adjusted prevalence,7389,5700,0.24100000000000002,0.324,0.07400000000000001,0.102,0.057999999999999996,0.068,0.21899999999999997,0.099,0.305,0.401,0.03,0.111
10,Adair,KY,Age-adjusted prevalence,19264,15466,,,,,,,,,,,,0.239
12,Adair,MO,Age-adjusted prevalence,25122,20545,0.264,0.33,0.076,0.10800000000000001,0.062,0.079,0.272,0.109,0.324,0.389,0.033,0.221
14,Adair,OK,Age-adjusted prevalence,19627,14357,0.28600000000000003,0.405,0.066,0.136,0.08199999999999999,0.10300000000000001,0.27,0.152,0.345,0.461,0.046,0.285
16,Adams,CO,Age-adjusted prevalence,533365,403764,0.20600000000000002,0.28,0.065,0.109,0.05,0.052000000000000005,0.203,0.099,0.299,0.33,0.027999999999999997,0.131
18,Adams,IA,Age-adjusted prevalence,3544,2778,0.23800000000000002,0.311,0.07400000000000001,0.102,0.055,0.063,0.222,0.095,0.309,0.392,0.027999999999999997,0.09
20,Adams,ID,Age-adjusted prevalence,4903,4062,0.248,0.3,0.07200000000000001,0.11,0.06,0.07,0.24,0.09300000000000001,0.278,0.33899999999999997,0.032,0.142
22,Adams,IL,Age-adjusted prevalence,64441,49972,0.237,0.316,0.07400000000000001,0.105,0.054000000000000006,0.066,0.23800000000000002,0.096,0.317,0.382,0.028999999999999998,0.11900000000000001
24,Adams,IN,Age-adjusted prevalence,36288,24924,0.27399999999999997,0.355,0.073,0.11800000000000001,0.066,0.091,0.27899999999999997,0.121,0.331,0.42100000000000004,0.034,0.195
26,Adams,MS,Age-adjusted prevalence,28746,22919,0.276,0.45799999999999996,0.057999999999999996,0.10400000000000001,0.073,0.09,0.182,0.168,0.33899999999999997,0.415,0.049,0.313
28,Adams,ND,Age-adjusted prevalence,2163,1737,0.242,0.31,0.07200000000000001,0.10400000000000001,0.059000000000000004,0.066,0.21600000000000003,0.098,0.307,0.35700000000000004,0.031,0.128
30,Adams,NE,Age-adjusted prevalence,30899,23578,0.22699999999999998,0.314,0.07200000000000001,0.09300000000000001,0.055999999999999994,0.059000000000000004,0.20600000000000002,0.099,0.285,0.419,0.027999999999999997,0.09699999999999999
32,Adams,OH,Age-adjusted prevalence,27521,20867,0.281,0.35100000000000003,0.076,0.11900000000000001,0.073,0.098,0.27899999999999997,0.127,0.326,0.39899999999999997,0.037000000000000005,0.318
34,Adams,PA,Age-adjusted prevalence,106748,86261,,,,,,,,,,,,0.159
36,Adams,WA,Age-adjusted prevalence,20820,13641,0.23199999999999998,0.322,0.06,0.106,0.066,0.067,0.223,0.131,0.314,0.38299999999999995,0.037000000000000005,0.16899999999999998
38,Adams,WI,Age-adjusted prevalence,21449,18664,0.242,0.32299999999999995,0.07,0.11,0.064,0.07,0.25,0.11199999999999999,0.303,0.40299999999999997,0.032,0.16399999999999998
40,Addison,VT,Age-adjusted prevalence,37720,31723,0.23,0.26899999999999996,0.075,0.11,0.045,0.049,0.262,0.065,0.27699999999999997,0.281,0.025,0.096
42,Aiken,SC,Age-adjusted prevalence,177130,139026,0.23800000000000002,0.335,0.07,0.099,0.054000000000000006,0.061,0.23800000000000002,0.113,0.312,0.345,0.033,0.175
44,Aitkin,MN,Age-adjusted prevalence,16102,13701,0.214,0.292,0.073,0.106,0.057,0.061,0.268,0.09699999999999999,0.281,0.33399999999999996,0.03,0.09300000000000001
46,Alachua,FL,Age-adjusted prevalence,285994,235265,0.23199999999999998,0.327,0.073,0.10099999999999999,0.057,0.063,0.198,0.11199999999999999,0.342,0.33399999999999996,0.031,0.099
48,Alamance,NC,Age-adjusted prevalence,179165,139859,0.248,0.33399999999999996,0.067,0.109,0.057,0.065,0.24600000000000002,0.107,0.308,0.389,0.033,0.149
50,Alameda,CA,Age-adjusted prevalence,1622188,1306255,0.17600000000000002,0.265,0.053,0.08800000000000001,0.043,0.038,0.18899999999999997,0.10099999999999999,0.303,0.225,0.025,0.057999999999999996
52,Alamosa,CO,Age-adjusted prevalence,16655,12672,0.23399999999999999,0.29100000000000004,0.064,0.11,0.059000000000000004,0.063,0.226,0.11199999999999999,0.299,0.321,0.033,0.12
54,Albany,NY,Age-adjusted prevalence,316659,260123,0.21899999999999997,0.298,0.071,0.109,0.048,0.052000000000000005,0.215,0.084,0.318,0.309,0.026000000000000002,0.078
56,Albany,WY,Age-adjusted prevalence,38257,32496,0.226,0.301,0.07400000000000001,0.10300000000000001,0.055999999999999994,0.059000000000000004,0.22699999999999998,0.092,0.304,0.306,0.028999999999999998,0.124
58,Albemarle,VA,Age-adjusted prevalence,115676,93582,0.217,0.285,0.073,0.10099999999999999,0.045,0.044000000000000004,0.218,0.087,0.327,0.29,0.024,0.057
60,Alcona,MI,Age-adjusted prevalence,10489,9146,0.265,0.321,0.077,0.11699999999999999,0.061,0.078,0.293,0.099,0.31,0.391,0.031,0.08900000000000001
62,Alcorn,MS,Age-adjusted prevalence,34135,26535,0.27,0.40700000000000003,0.071,0.098,0.066,0.083,0.22899999999999998,0.124,0.361,0.4,0.037000000000000005,0.201
64,Aleutians East,AK,Age-adjusted prevalence,3461,3270,0.184,0.33799999999999997,0.047,0.078,0.064,0.054000000000000006,0.12300000000000001,0.129,0.325,0.298,0.036000000000000004,0.16899999999999998
66,Aleutians West,AK,Age-adjusted prevalence,5160,4734,0.177,0.322,0.049,0.078,0.057,0.048,0.131,0.114,0.322,0.305,0.031,0.15
68,Alexander,IL,Age-adjusted prevalence,4695,3690,0.264,0.387,0.064,0.11900000000000001,0.068,0.091,0.23199999999999998,0.138,0.32,0.45299999999999996,0.042,0.191
70,Alexander,NC,Age-adjusted prevalence,36473,29341,0.251,0.335,0.07200000000000001,0.109,0.061,0.075,0.27,0.10099999999999999,0.319,0.36200000000000004,0.033,0.129
72,Alexandria,VA,Age-adjusted prevalence,155230,127357,0.21600000000000003,0.301,0.066,0.099,0.045,0.04,0.20600000000000002,0.098,0.341,0.312,0.024,0.065
74,Alfalfa,OK,Age-adjusted prevalence,5673,4620,0.245,0.37,0.071,0.106,0.066,0.071,0.239,0.111,0.33799999999999997,0.396,0.032,0.171
76,Alger,MI,Age-adjusted prevalence,8757,7484,0.257,0.332,0.075,0.11199999999999999,0.06,0.073,0.262,0.1,0.303,0.366,0.031,0.127
78,Allamakee,IA,Age-adjusted prevalence,14074,10623,0.23399999999999999,0.318,0.07200000000000001,0.099,0.057999999999999996,0.065,0.217,0.098,0.302,0.425,0.03,0.11699999999999999
80,Allegan,MI,Age-adjusted prevalence,121939,93939,0.248,0.3,0.076,0.111,0.055999999999999994,0.068,0.26899999999999996,0.094,0.292,0.353,0.028999999999999998,0.11800000000000001
82,Allegany,MD,Age-adjusted prevalence,67273,55228,0.27399999999999997,0.35600000000000004,0.07400000000000001,0.114,0.062,0.083,0.266,0.113,0.327,0.374,0.035,0.192
84,Allegany,NY,Age-adjusted prevalence,46651,37430,0.249,0.32,0.077,0.114,0.057999999999999996,0.07,0.223,0.095,0.33,0.361,0.031,0.147
86,Alleghany,NC,Age-adjusted prevalence,11342,9426,0.258,0.34700000000000003,0.073,0.11,0.067,0.084,0.276,0.11199999999999999,0.325,0.366,0.035,0.192
88,Alleghany,VA,Age-adjusted prevalence,14595,12022,0.268,0.33799999999999997,0.073,0.113,0.061,0.075,0.267,0.11,0.337,0.391,0.032,0.124
90,Allegheny,PA,Age-adjusted prevalence,1224825,998667,,,,,,,,,,,,0.11800000000000001
92,Allen,IN,Age-adjusted prevalence,394545,294905,0.23800000000000002,0.345,0.069,0.113,0.057,0.069,0.265,0.11800000000000001,0.317,0.395,0.03,0.16399999999999998
94,Allen,KS,Age-adjusted prevalence,12412,9628,0.24600000000000002,0.314,0.073,0.105,0.059000000000000004,0.07,0.239,0.10099999999999999,0.311,0.38,0.03,0.141
96,Allen,KY,Age-adjusted prevalence,21788,16791,,,,,,,,,,,,0.313
98,Allen,LA,Age-adjusted prevalence,22112,17025,0.275,0.423,0.065,0.10099999999999999,0.07400000000000001,0.091,0.276,0.14300000000000002,0.349,0.439,0.042,0.24
100,Allen,OH,Age-adjusted prevalence,100838,77234,0.27399999999999997,0.34299999999999997,0.07200000000000001,0.11199999999999999,0.063,0.077,0.282,0.122,0.32,0.4,0.032,0.154
102,Allendale,SC,Age-adjusted prevalence,7369,6040,0.272,0.44799999999999995,0.053,0.11,0.07,0.08800000000000001,0.204,0.179,0.33,0.469,0.052000000000000005,0.18100000000000002
104,Alpena,MI,Age-adjusted prevalence,28904,23463,0.278,0.33399999999999996,0.078,0.121,0.065,0.087,0.302,0.105,0.309,0.413,0.033,0.136
106,Alpine,CA,Age-adjusted prevalence,1141,955,0.20600000000000002,0.27899999999999997,0.07200000000000001,0.105,0.051,0.047,0.235,0.085,0.301,0.287,0.027000000000000003,0.091
108,Amador,CA,Age-adjusted prevalence,41811,35299,0.2,0.293,0.071,0.10099999999999999,0.052000000000000005,0.052000000000000005,0.23199999999999998,0.086,0.304,0.295,0.027999999999999997,0.115
110,Amelia,VA,Age-adjusted prevalence,13480,10676,0.261,0.361,0.067,0.115,0.063,0.077,0.249,0.128,0.348,0.38799999999999996,0.036000000000000004,0.18899999999999997
112,Amherst,VA,Age-adjusted prevalence,31396,25190,0.257,0.349,0.069,0.115,0.059000000000000004,0.07,0.248,0.11800000000000001,0.32799999999999996,0.396,0.033,0.131
114,Amite,MS,Age-adjusted prevalence,12442,9961,0.282,0.43200000000000005,0.063,0.105,0.07200000000000001,0.092,0.209,0.151,0.33899999999999997,0.45399999999999996,0.045,0.195
116,Anchorage,AK,Age-adjusted prevalence,286075,219385,0.22,0.314,0.065,0.106,0.051,0.052000000000000005,0.212,0.08800000000000001,0.295,0.35,0.027999999999999997,0.136
118,Anderson,KS,Age-adjusted prevalence,7838,5838,0.247,0.32799999999999996,0.07200000000000001,0.105,0.061,0.075,0.22899999999999998,0.102,0.321,0.40299999999999997,0.032,0.141
120,Anderson,KY,Age-adjusted prevalence,24613,18946,,,,,,,,,,,,0.11199999999999999
122,Anderson,SC,Age-adjusted prevalence,213076,165138,0.27,0.337,0.07400000000000001,0.102,0.057999999999999996,0.07,0.268,0.111,0.332,0.36200000000000004,0.033,0.17800000000000002
124,Anderson,TN,Age-adjusted prevalence,80234,63394,0.28800000000000003,0.365,0.07400000000000001,0.10800000000000001,0.061,0.079,0.314,0.115,0.354,0.419,0.032,0.14300000000000002
126,Anderson,TX,Age-adjusted prevalence,57736,46379,0.23199999999999998,0.37,0.063,0.099,0.064,0.073,0.221,0.13,0.32799999999999996,0.395,0.037000000000000005,0.166
128,Andrew,MO,Age-adjusted prevalence,18127,14052,0.249,0.32299999999999995,0.076,0.10400000000000001,0.053,0.065,0.25,0.092,0.324,0.358,0.027999999999999997,0.152
130,Andrews,TX,Age-adjusted prevalence,18664,12871,0.212,0.326,0.057999999999999996,0.095,0.059000000000000004,0.062,0.218,0.129,0.326,0.366,0.032,0.159
132,Androscoggin,ME,Age-adjusted prevalence,113765,90589,0.278,0.29600000000000004,0.07200000000000001,0.134,0.06,0.076,0.308,0.10300000000000001,0.321,0.361,0.031,0.196
134,Angelina,TX,Age-adjusted prevalence,87319,65255,0.249,0.379,0.063,0.111,0.066,0.077,0.249,0.13,0.36,0.41,0.036000000000000004,0.182
136,Anne Arundel,MD,Age-adjusted prevalence,594582,461032,0.223,0.314,0.073,0.1,0.046,0.046,0.204,0.091,0.316,0.342,0.025,0.13
138,Anoka,MN,Age-adjusted prevalence,372441,284448,0.191,0.284,0.069,0.099,0.05,0.046,0.251,0.09300000000000001,0.282,0.358,0.027000000000000003,0.068
140,Anson,NC,Age-adjusted prevalence,21897,17493,0.26899999999999996,0.42,0.059000000000000004,0.12,0.07,0.08900000000000001,0.243,0.146,0.319,0.434,0.046,0.255
142,Antelope,NE,Age-adjusted prevalence,6302,4745,0.225,0.306,0.073,0.095,0.054000000000000006,0.061,0.182,0.096,0.28600000000000003,0.43,0.027999999999999997,0.132
144,Antrim,MI,Age-adjusted prevalence,24409,20323,0.25,0.303,0.079,0.11199999999999999,0.054000000000000006,0.064,0.278,0.08800000000000001,0.303,0.364,0.027000000000000003,0.09
146,Apache,AZ,Age-adjusted prevalence,65036,48365,0.248,0.327,0.065,0.14400000000000002,0.078,0.10400000000000001,0.21,0.153,0.28600000000000003,0.36,0.052000000000000005,0.29600000000000004
148,Appanoose,IA,Age-adjusted prevalence,12119,9467,0.258,0.35200000000000004,0.07400000000000001,0.109,0.066,0.083,0.23800000000000002,0.115,0.314,0.435,0.035,0.15
150,Appling,GA,Age-adjusted prevalence,18457,13966,0.265,0.38799999999999996,0.067,0.10800000000000001,0.073,0.09300000000000001,0.22899999999999998,0.146,0.355,0.40700000000000003,0.042,0.23800000000000002
152,Appomattox,VA,Age-adjusted prevalence,16864,13156,0.259,0.35200000000000004,0.069,0.113,0.06,0.071,0.25,0.11699999999999999,0.35,0.38799999999999996,0.033,0.14
154,Aransas,TX,Age-adjusted prevalence,25374,20864,0.228,0.335,0.067,0.1,0.057999999999999996,0.065,0.243,0.114,0.33899999999999997,0.364,0.031,0.157
156,Arapahoe,CO,Age-adjusted prevalence,656061,510201,0.209,0.266,0.07200000000000001,0.105,0.046,0.046,0.218,0.08,0.278,0.259,0.026000000000000002,0.083
158,Archer,TX,Age-adjusted prevalence,9029,6979,0.228,0.317,0.071,0.10300000000000001,0.055,0.064,0.253,0.099,0.32,0.34700000000000003,0.028999999999999998,0.151
160,Archuleta,CO,Age-adjusted prevalence,14189,11826,0.22399999999999998,0.261,0.075,0.11,0.051,0.054000000000000006,0.231,0.08,0.287,0.272,0.027000000000000003,0.083
162,Arenac,MI,Age-adjusted prevalence,15145,12334,0.27,0.33,0.077,0.12,0.064,0.084,0.297,0.10300000000000001,0.307,0.384,0.033,0.134
164,Arkansas,AR,Age-adjusted prevalence,16307,12549,0.257,0.39299999999999996,0.067,0.10800000000000001,0.065,0.078,0.247,0.121,0.327,0.39,0.036000000000000004,0.214
166,Arlington,VA,Age-adjusted prevalence,234162,192107,0.204,0.272,0.068,0.09,0.040999999999999995,0.034,0.20600000000000002,0.085,0.34,0.252,0.021,0.05
168,Armstrong,PA,Age-adjusted prevalence,64074,52021,,,,,,,,,,,,0.177
170,Armstrong,TX,Age-adjusted prevalence,1832,1422,0.22,0.304,0.071,0.10099999999999999,0.051,0.055999999999999994,0.248,0.094,0.318,0.33299999999999996,0.027000000000000003,0.113
172,Aroostook,ME,Age-adjusted prevalence,67351,54697,0.27699999999999997,0.344,0.07200000000000001,0.136,0.064,0.083,0.27899999999999997,0.107,0.325,0.4,0.032,0.243
174,Arthur,NE,Age-adjusted prevalence,412,313,0.222,0.307,0.076,0.095,0.055999999999999994,0.06,0.191,0.09300000000000001,0.287,0.424,0.028999999999999998,0.11599999999999999
176,Ascension,LA,Age-adjusted prevalence,131632,97316,0.255,0.37,0.067,0.09699999999999999,0.055999999999999994,0.061,0.272,0.11199999999999999,0.35200000000000004,0.35,0.031,0.145
178,Ashe,NC,Age-adjusted prevalence,27063,22627,0.255,0.335,0.075,0.10800000000000001,0.061,0.07400000000000001,0.276,0.099,0.324,0.363,0.032,0.18100000000000002
180,Ashland,OH,Age-adjusted prevalence,52190,40545,0.272,0.349,0.075,0.11199999999999999,0.063,0.079,0.27399999999999997,0.11199999999999999,0.319,0.385,0.032,0.13
182,Ashland,WI,Age-adjusted prevalence,16079,12754,0.231,0.301,0.071,0.11599999999999999,0.062,0.069,0.268,0.10800000000000001,0.281,0.414,0.033,0.17
184,Ashley,AR,Age-adjusted prevalence,18262,14105,0.281,0.42100000000000004,0.065,0.11199999999999999,0.073,0.095,0.27399999999999997,0.142,0.344,0.452,0.042,0.303
186,Ashtabula,OH,Age-adjusted prevalence,96845,75784,0.27899999999999997,0.359,0.07400000000000001,0.114,0.071,0.09,0.29,0.13,0.325,0.457,0.036000000000000004,0.179
188,Asotin,WA,Age-adjusted prevalence,22549,18182,0.249,0.29600000000000004,0.075,0.12,0.054000000000000006,0.062,0.276,0.09300000000000001,0.294,0.355,0.03,0.106
190,Assumption,LA,Age-adjusted prevalence,20160,16073,0.272,0.39399999999999996,0.064,0.10800000000000001,0.068,0.086,0.285,0.134,0.34600000000000003,0.38299999999999995,0.04,0.201
192,Atascosa,TX,Age-adjusted prevalence,51784,38008,0.223,0.34600000000000003,0.054000000000000006,0.092,0.059000000000000004,0.057999999999999996,0.21,0.14,0.336,0.42200000000000004,0.032,0.11699999999999999
194,Atchison,KS,Age-adjusted prevalence,16016,12523,0.244,0.326,0.07,0.10400000000000001,0.057999999999999996,0.068,0.223,0.1,0.31,0.38799999999999996,0.03,0.149
196,Atchison,MO,Age-adjusted prevalence,5107,4077,0.264,0.34700000000000003,0.075,0.107,0.063,0.08199999999999999,0.27,0.109,0.322,0.41600000000000004,0.033,0.195
198,Athens,OH,Age-adjusted prevalence,62706,53669,0.273,0.366,0.078,0.115,0.066,0.083,0.3,0.126,0.32799999999999996,0.379,0.034,0.17600000000000002
200,Atkinson,GA,Age-adjusted prevalence,8293,6215,0.267,0.40399999999999997,0.062,0.107,0.079,0.10099999999999999,0.222,0.165,0.354,0.439,0.047,0.311
202,Atlantic,NJ,Age-adjusted prevalence,275213,218623,0.203,0.31,0.062,0.095,0.052000000000000005,0.053,0.171,0.10300000000000001,0.353,0.309,0.03,0.127
204,Atoka,OK,Age-adjusted prevalence,14525,11475,0.27399999999999997,0.389,0.069,0.11800000000000001,0.073,0.09,0.256,0.127,0.33899999999999997,0.40399999999999997,0.039,0.20600000000000002
206,Attala,MS,Age-adjusted prevalence,17359,13015,0.28,0.431,0.062,0.10400000000000001,0.065,0.081,0.19899999999999998,0.139,0.336,0.43,0.042,0.19
208,Audrain,MO,Age-adjusted prevalence,24394,18823,0.273,0.34600000000000003,0.073,0.114,0.065,0.09,0.271,0.11599999999999999,0.312,0.39899999999999997,0.036000000000000004,0.212
210,Audubon,IA,Age-adjusted prevalence,5534,4333,0.243,0.314,0.07400000000000001,0.10300000000000001,0.057999999999999996,0.067,0.21899999999999997,0.098,0.3,0.37799999999999995,0.03,0.154
212,Auglaize,OH,Age-adjusted prevalence,46050,35144,0.254,0.322,0.076,0.10800000000000001,0.057,0.066,0.261,0.098,0.313,0.395,0.027999999999999997,0.165
214,Augusta,VA,Age-adjusted prevalence,78247,64233,0.24600000000000002,0.317,0.07200000000000001,0.105,0.055,0.064,0.262,0.10300000000000001,0.332,0.408,0.028999999999999998,0.146
216,Aurora,SD,Age-adjusted prevalence,2782,2073,0.226,0.29100000000000004,0.075,0.10099999999999999,0.055999999999999994,0.06,0.214,0.098,0.294,0.36700000000000005,0.028999999999999998,0.099
218,Austin,TX,Age-adjusted prevalence,31677,24216,0.225,0.33399999999999996,0.065,0.10099999999999999,0.057999999999999996,0.066,0.23199999999999998,0.11800000000000001,0.32299999999999995,0.375,0.032,0.152
220,Autauga,AL,Age-adjusted prevalence,60342,46253,0.263,0.382,0.07,0.1,0.055999999999999994,0.064,0.259,0.114,0.363,0.395,0.032,0.12
222,Avery,NC,Age-adjusted prevalence,17561,15011,0.252,0.33799999999999997,0.07400000000000001,0.106,0.063,0.07400000000000001,0.264,0.102,0.32,0.374,0.032,0.134
224,Avoyelles,LA,Age-adjusted prevalence,38408,29196,0.292,0.441,0.065,0.11199999999999999,0.078,0.10400000000000001,0.289,0.152,0.35100000000000003,0.43200000000000005,0.046,0.24600000000000002
226,Baca,CO,Age-adjusted prevalence,3344,2584,0.257,0.299,0.07400000000000001,0.122,0.064,0.081,0.263,0.1,0.29600000000000004,0.303,0.035,0.115
228,Bacon,GA,Age-adjusted prevalence,11124,8340,0.254,0.369,0.069,0.107,0.066,0.083,0.22699999999999998,0.13,0.34600000000000003,0.369,0.038,0.21600000000000003
230,Bailey,TX,Age-adjusted prevalence,6672,4676,0.21600000000000003,0.33399999999999996,0.055,0.095,0.063,0.064,0.21600000000000003,0.14300000000000002,0.336,0.395,0.034,0.15
232,Baker,FL,Age-adjusted prevalence,28368,21295,0.242,0.342,0.073,0.10300000000000001,0.061,0.075,0.2,0.11,0.34600000000000003,0.35100000000000003,0.032,0.136
234,Baker,GA,Age-adjusted prevalence,2743,2242,0.268,0.424,0.059000000000000004,0.113,0.075,0.09300000000000001,0.21100000000000002,0.16899999999999998,0.34600000000000003,0.433,0.049,0.304
236,Baker,OR,Age-adjusted prevalence,16912,13632,0.258,0.3,0.077,0.122,0.059000000000000004,0.068,0.28,0.098,0.293,0.37799999999999995,0.03,0.121
238,Baldwin,AL,Age-adjusted prevalence,253507,200397,0.263,0.37,0.076,0.094,0.055,0.06,0.239,0.10400000000000001,0.354,0.35,0.028999999999999998,0.114
240,Baldwin,GA,Age-adjusted prevalence,43396,35399,0.25,0.396,0.062,0.10800000000000001,0.065,0.076,0.205,0.145,0.34299999999999997,0.409,0.040999999999999995,0.209
242,Ballard,KY,Age-adjusted prevalence,7582,6077,,,,,,,,,,,,0.237
244,Baltimore,MD,Age-adjusted prevalence,565239,447486,0.247,0.396,0.055,0.127,0.059000000000000004,0.069,0.23600000000000002,0.13699999999999998,0.336,0.38799999999999996,0.040999999999999995,0.147
245,Baltimore,MD,Age-adjusted prevalence,844703,661546,0.237,0.32899999999999996,0.065,0.111,0.05,0.055999999999999994,0.214,0.113,0.331,0.342,0.028999999999999998,0.113
248,Bamberg,SC,Age-adjusted prevalence,12974,10549,0.26899999999999996,0.41,0.057999999999999996,0.111,0.063,0.08,0.215,0.156,0.32799999999999996,0.431,0.045,0.276
250,Bandera,TX,Age-adjusted prevalence,22637,18811,0.226,0.319,0.069,0.102,0.057,0.063,0.249,0.10800000000000001,0.33,0.354,0.03,0.095
252,Banks,GA,Age-adjusted prevalence,19789,15562,0.247,0.34600000000000003,0.073,0.102,0.062,0.075,0.237,0.115,0.34,0.342,0.033,0.159
254,Banner,NE,Age-adjusted prevalence,674,520,0.214,0.29100000000000004,0.073,0.09300000000000001,0.052000000000000005,0.053,0.183,0.09,0.287,0.381,0.026000000000000002,0.102
256,Bannock,ID,Age-adjusted prevalence,90400,67958,0.244,0.298,0.071,0.11199999999999999,0.055,0.062,0.252,0.091,0.287,0.33399999999999996,0.03,0.12
258,Baraga,MI,Age-adjusted prevalence,8310,6876,0.27,0.35,0.07400000000000001,0.121,0.067,0.085,0.276,0.11599999999999999,0.307,0.40700000000000003,0.036000000000000004,0.146
260,Barber,KS,Age-adjusted prevalence,4071,3137,0.243,0.32299999999999995,0.07200000000000001,0.10400000000000001,0.06,0.07,0.226,0.1,0.317,0.386,0.03,0.156
262,Barbour,AL,Age-adjusted prevalence,24585,19517,0.289,0.45399999999999996,0.061,0.109,0.07400000000000001,0.09300000000000001,0.22899999999999998,0.165,0.365,0.47100000000000003,0.047,0.27699999999999997
264,Barbour,WV,Age-adjusted prevalence,15378,12288,0.32799999999999996,0.41100000000000003,0.07400000000000001,0.127,0.07200000000000001,0.1,0.335,0.138,0.37200000000000005,0.43799999999999994,0.036000000000000004,0.20800000000000002
266,Barnes,ND,Age-adjusted prevalence,10726,8591,0.23199999999999998,0.301,0.071,0.10099999999999999,0.054000000000000006,0.055,0.214,0.09,0.28800000000000003,0.385,0.027999999999999997,0.11800000000000001
268,Barnstable,MA,Age-adjusted prevalence,231735,199941,0.24100000000000002,0.275,0.079,0.11800000000000001,0.047,0.049,0.253,0.071,0.297,0.268,0.024,0.106
270,Barnwell,SC,Age-adjusted prevalence,20447,15569,0.264,0.40399999999999997,0.063,0.111,0.071,0.096,0.235,0.159,0.335,0.44299999999999995,0.047,0.209
272,Barren,KY,Age-adjusted prevalence,45008,34401,,,,,,,,,,,,0.257
274,Barron,WI,Age-adjusted prevalence,46833,37064,0.226,0.293,0.071,0.111,0.057,0.063,0.256,0.098,0.28800000000000003,0.38299999999999995,0.03,0.15
276,Barrow,GA,Age-adjusted prevalence,92792,69765,0.24100000000000002,0.34600000000000003,0.067,0.098,0.055999999999999994,0.062,0.19699999999999998,0.11599999999999999,0.34299999999999997,0.348,0.031,0.091
278,Barry,MI,Age-adjusted prevalence,63808,50005,0.254,0.298,0.078,0.113,0.055,0.068,0.276,0.08900000000000001,0.315,0.366,0.027999999999999997,0.11699999999999999
280,Barry,MO,Age-adjusted prevalence,35265,27271,0.272,0.34,0.071,0.10800000000000001,0.067,0.08900000000000001,0.26,0.11599999999999999,0.32899999999999996,0.377,0.035,0.191
282,Bartholomew,IN,Age-adjusted prevalence,84003,63788,0.251,0.34,0.07200000000000001,0.106,0.055999999999999994,0.067,0.254,0.11,0.34,0.389,0.027999999999999997,0.223
284,Barton,KS,Age-adjusted prevalence,24899,18848,0.244,0.325,0.069,0.102,0.061,0.07200000000000001,0.215,0.10800000000000001,0.324,0.392,0.031,0.156
286,Barton,MO,Age-adjusted prevalence,11731,8988,0.28,0.35600000000000004,0.07400000000000001,0.113,0.071,0.099,0.271,0.12,0.332,0.408,0.038,0.23
288,Bartow,GA,Age-adjusted prevalence,115041,88588,0.244,0.34299999999999997,0.071,0.1,0.055,0.064,0.215,0.10800000000000001,0.32299999999999995,0.384,0.031,0.098
290,Bastrop,TX,Age-adjusted prevalence,110778,82035,0.217,0.331,0.061,0.095,0.057,0.061,0.222,0.12,0.33299999999999996,0.401,0.032,0.136
292,Bates,MO,Age-adjusted prevalence,16242,12485,0.268,0.34600000000000003,0.073,0.11,0.065,0.08800000000000001,0.276,0.111,0.331,0.41,0.035,0.21
294,Bath,KY,Age-adjusted prevalence,12975,9671,,,,,,,,,,,,0.28
296,Bath,VA,Age-adjusted prevalence,4051,3378,0.275,0.36200000000000004,0.073,0.11599999999999999,0.07200000000000001,0.09300000000000001,0.278,0.126,0.34700000000000003,0.387,0.038,0.22
298,Baxter,AR,Age-adjusted prevalence,42875,35338,0.264,0.36200000000000004,0.075,0.105,0.068,0.083,0.287,0.10300000000000001,0.309,0.382,0.034,0.192
300,Bay,FL,Age-adjusted prevalence,190769,150387,0.245,0.335,0.07400000000000001,0.1,0.059000000000000004,0.067,0.215,0.1,0.34,0.332,0.031,0.102
302,Bay,MI,Age-adjusted prevalence,102500,82758,0.263,0.317,0.077,0.11599999999999999,0.057999999999999996,0.075,0.284,0.099,0.298,0.379,0.03,0.14
304,Bayfield,WI,Age-adjusted prevalence,16769,14035,0.231,0.299,0.07400000000000001,0.11199999999999999,0.055,0.054000000000000006,0.259,0.092,0.317,0.389,0.027999999999999997,0.107
306,Baylor,TX,Age-adjusted prevalence,3463,2691,0.237,0.342,0.069,0.106,0.063,0.077,0.257,0.11599999999999999,0.32899999999999996,0.365,0.034,0.138
308,Beadle,SD,Age-adjusted prevalence,19591,13979,0.222,0.305,0.07200000000000001,0.1,0.062,0.068,0.21100000000000002,0.113,0.309,0.354,0.033,0.20199999999999999
310,Bear Lake,ID,Age-adjusted prevalence,6766,5018,0.239,0.282,0.07200000000000001,0.11,0.055999999999999994,0.064,0.237,0.09,0.287,0.312,0.03,0.154
312,Beaufort,NC,Age-adjusted prevalence,44481,35939,0.257,0.36200000000000004,0.067,0.114,0.062,0.075,0.259,0.114,0.318,0.37,0.036000000000000004,0.17600000000000002
314,Beaufort,SC,Age-adjusted prevalence,198979,165010,0.222,0.302,0.07400000000000001,0.08800000000000001,0.048,0.051,0.195,0.09300000000000001,0.319,0.307,0.027000000000000003,0.081
316,Beauregard,LA,Age-adjusted prevalence,36827,27436,0.276,0.365,0.071,0.10300000000000001,0.064,0.079,0.295,0.11800000000000001,0.355,0.405,0.035,0.149
318,Beaver,OK,Age-adjusted prevalence,5018,3798,0.243,0.35600000000000004,0.068,0.106,0.063,0.069,0.24,0.113,0.34299999999999997,0.39,0.032,0.133
320,Beaver,PA,Age-adjusted prevalence,165631,133840,,,,,,,,,,,,0.159
322,Beaver,UT,Age-adjusted prevalence,7233,5146,0.22699999999999998,0.27699999999999997,0.075,0.106,0.051,0.05,0.257,0.08900000000000001,0.292,0.29,0.027000000000000003,0.136
324,Beaverhead,MT,Age-adjusted prevalence,9885,8156,0.243,0.289,0.07400000000000001,0.111,0.055,0.062,0.256,0.084,0.284,0.293,0.028999999999999998,0.114
326,Becker,MN,Age-adjusted prevalence,35283,27215,0.214,0.307,0.07400000000000001,0.10300000000000001,0.055,0.055999999999999994,0.258,0.08900000000000001,0.281,0.373,0.028999999999999998,0.135
328,Beckham,OK,Age-adjusted prevalence,22042,16887,0.263,0.391,0.069,0.11199999999999999,0.07200000000000001,0.08800000000000001,0.245,0.124,0.341,0.401,0.038,0.192
330,Bedford,PA,Age-adjusted prevalence,47350,38115,,,,,,,,,,,,0.21899999999999997
332,Bedford,TN,Age-adjusted prevalence,53055,39707,0.27899999999999997,0.371,0.07,0.109,0.063,0.084,0.299,0.12300000000000001,0.349,0.444,0.034,0.171
334,Bedford,VA,Age-adjusted prevalence,81525,65762,0.242,0.304,0.07400000000000001,0.107,0.054000000000000006,0.059000000000000004,0.25,0.10099999999999999,0.33399999999999996,0.36700000000000005,0.027999999999999997,0.095
336,Bee,TX,Age-adjusted prevalence,30850,24638,0.21,0.35600000000000004,0.053,0.087,0.063,0.059000000000000004,0.193,0.146,0.33299999999999996,0.395,0.034,0.19899999999999998
338,Belknap,NH,Age-adjusted prevalence,65027,53990,0.237,0.281,0.08,0.10400000000000001,0.049,0.057,0.249,0.077,0.287,0.301,0.026000000000000002,0.081
340,Bell,KY,Age-adjusted prevalence,23317,18156,,,,,,,,,,,,0.258
342,Bell,TX,Age-adjusted prevalence,393193,285194,0.237,0.341,0.061,0.107,0.055999999999999994,0.06,0.244,0.13,0.303,0.435,0.033,0.14800000000000002
344,Belmont,OH,Age-adjusted prevalence,64918,52858,0.276,0.354,0.075,0.11199999999999999,0.065,0.079,0.273,0.115,0.341,0.409,0.032,0.163
346,Beltrami,MN,Age-adjusted prevalence,46718,35293,0.239,0.3,0.07200000000000001,0.113,0.059000000000000004,0.063,0.275,0.102,0.287,0.39799999999999996,0.032,0.138
348,Ben Hill,GA,Age-adjusted prevalence,17128,12939,0.268,0.418,0.063,0.114,0.07200000000000001,0.094,0.217,0.16,0.348,0.415,0.046,0.254
350,Benewah,ID,Age-adjusted prevalence,10369,8064,0.255,0.303,0.071,0.11800000000000001,0.064,0.079,0.242,0.1,0.285,0.36,0.035,0.207
352,Bennett,SD,Age-adjusted prevalence,3305,2277,0.267,0.368,0.07,0.133,0.087,0.105,0.228,0.17300000000000001,0.31,0.431,0.051,0.316
354,Bennington,VT,Age-adjusted prevalence,37183,30362,0.24,0.282,0.077,0.11699999999999999,0.05,0.055999999999999994,0.315,0.073,0.264,0.308,0.027000000000000003,0.11199999999999999
356,Benson,ND,Age-adjusted prevalence,5745,3810,0.264,0.366,0.068,0.125,0.07400000000000001,0.084,0.222,0.134,0.317,0.43799999999999994,0.040999999999999995,0.223
358,Bent,CO,Age-adjusted prevalence,5681,4784,0.249,0.33899999999999997,0.065,0.10800000000000001,0.077,0.08900000000000001,0.225,0.131,0.304,0.34,0.042,0.231
360,Benton,AR,Age-adjusted prevalence,311013,232841,0.21600000000000003,0.317,0.07200000000000001,0.092,0.053,0.055999999999999994,0.23800000000000002,0.098,0.303,0.35100000000000003,0.027000000000000003,0.121
362,Benton,IA,Age-adjusted prevalence,25796,19933,0.22899999999999998,0.301,0.075,0.099,0.052000000000000005,0.057,0.213,0.086,0.306,0.406,0.026000000000000002,0.08800000000000001
364,Benton,IN,Age-adjusted prevalence,8729,6634,0.27,0.35200000000000004,0.073,0.115,0.064,0.085,0.276,0.11900000000000001,0.33899999999999997,0.424,0.033,0.21100000000000002
366,Benton,MN,Age-adjusted prevalence,41600,31235,0.205,0.289,0.07200000000000001,0.10400000000000001,0.053,0.055,0.261,0.09300000000000001,0.293,0.41200000000000003,0.028999999999999998,0.08199999999999999
368,Benton,MO,Age-adjusted prevalence,20552,16999,0.267,0.33399999999999996,0.07400000000000001,0.109,0.065,0.086,0.273,0.11,0.33,0.389,0.034,0.16
370,Benton,MS,Age-adjusted prevalence,7438,5911,0.276,0.423,0.064,0.102,0.067,0.083,0.205,0.14,0.344,0.423,0.042,0.24600000000000002
372,Benton,OR,Age-adjusted prevalence,97713,82818,0.253,0.27699999999999997,0.076,0.11699999999999999,0.053,0.057,0.268,0.09300000000000001,0.29600000000000004,0.28300000000000003,0.027999999999999997,0.135
374,Benton,TN,Age-adjusted prevalence,16103,12855,0.297,0.377,0.073,0.113,0.069,0.098,0.316,0.126,0.344,0.405,0.037000000000000005,0.20600000000000002
376,Benton,WA,Age-adjusted prevalence,215219,159518,0.221,0.26899999999999996,0.073,0.109,0.051,0.051,0.243,0.094,0.325,0.363,0.027000000000000003,0.11
378,Benzie,MI,Age-adjusted prevalence,18441,15317,0.255,0.303,0.079,0.113,0.054000000000000006,0.065,0.284,0.08900000000000001,0.29600000000000004,0.354,0.027000000000000003,0.099
380,Bergen,NJ,Age-adjusted prevalence,957736,759402,0.168,0.281,0.06,0.08,0.040999999999999995,0.036000000000000004,0.146,0.08,0.359,0.254,0.022000000000000002,0.079
382,Berkeley,SC,Age-adjusted prevalence,255217,195733,0.23800000000000002,0.34700000000000003,0.068,0.095,0.052000000000000005,0.057,0.226,0.11900000000000001,0.335,0.37799999999999995,0.031,0.086
384,Berkeley,WV,Age-adjusted prevalence,132440,101986,0.294,0.369,0.07200000000000001,0.122,0.06,0.075,0.299,0.12,0.35600000000000004,0.381,0.031,0.155
386,Berks,PA,Age-adjusted prevalence,432821,338644,,,,,,,,,,,,0.165
388,Berkshire,MA,Age-adjusted prevalence,126818,106721,0.237,0.27699999999999997,0.075,0.122,0.053,0.059000000000000004,0.27,0.08199999999999999,0.295,0.315,0.027000000000000003,0.10099999999999999
390,Bernalillo,NM,Age-adjusted prevalence,671586,538537,0.218,0.304,0.06,0.098,0.054000000000000006,0.049,0.252,0.102,0.312,0.332,0.028999999999999998,0.111
392,Berrien,GA,Age-adjusted prevalence,18570,14256,0.26899999999999996,0.37200000000000005,0.07,0.10800000000000001,0.071,0.091,0.23800000000000002,0.135,0.33899999999999997,0.38,0.04,0.226
394,Berrien,MI,Age-adjusted prevalence,152261,120080,0.263,0.337,0.075,0.11900000000000001,0.06,0.07400000000000001,0.271,0.107,0.299,0.389,0.032,0.09699999999999999
396,Bertie,NC,Age-adjusted prevalence,16922,14112,0.262,0.42700000000000005,0.055999999999999994,0.121,0.068,0.083,0.23,0.149,0.319,0.434,0.046,0.332
398,Bethel,AK,Age-adjusted prevalence,18224,11798,0.252,0.397,0.057,0.134,0.086,0.10400000000000001,0.203,0.147,0.3,0.39399999999999996,0.054000000000000006,0.315
400,Bexar,TX,Age-adjusted prevalence,2087679,1577040,0.21899999999999997,0.335,0.054000000000000006,0.09,0.054000000000000006,0.05,0.22,0.138,0.312,0.342,0.03,0.13
402,Bibb,AL,Age-adjusted prevalence,21868,17522,0.282,0.424,0.069,0.10400000000000001,0.07,0.08900000000000001,0.25,0.139,0.36700000000000005,0.43700000000000006,0.04,0.217
404,Bibb,GA,Age-adjusted prevalence,156512,118300,0.253,0.42,0.059000000000000004,0.113,0.063,0.075,0.19899999999999998,0.152,0.335,0.45,0.043,0.221
406,Bienville,LA,Age-adjusted prevalence,12366,9519,0.306,0.456,0.061,0.114,0.08,0.10800000000000001,0.287,0.175,0.355,0.47600000000000003,0.051,0.308
408,Big Horn,MT,Age-adjusted prevalence,12751,8784,0.255,0.335,0.064,0.141,0.07400000000000001,0.092,0.256,0.138,0.268,0.358,0.046,0.275
410,Big Horn,WY,Age-adjusted prevalence,12018,9180,0.22699999999999998,0.294,0.073,0.105,0.06,0.07,0.23,0.098,0.289,0.33899999999999997,0.031,0.188
412,Big Stone,MN,Age-adjusted prevalence,5105,3985,0.209,0.27899999999999997,0.073,0.10300000000000001,0.055,0.057,0.248,0.09300000000000001,0.289,0.382,0.028999999999999998,0.11900000000000001
414,Billings,ND,Age-adjusted prevalence,1034,812,0.228,0.308,0.07200000000000001,0.096,0.055999999999999994,0.055,0.203,0.092,0.301,0.364,0.027999999999999997,0.1
416,Bingham,ID,Age-adjusted prevalence,50395,35914,0.247,0.307,0.069,0.111,0.057,0.064,0.235,0.10099999999999999,0.281,0.392,0.031,0.107
418,Black Hawk,IA,Age-adjusted prevalence,130471,101949,0.25,0.324,0.071,0.105,0.057,0.064,0.21600000000000003,0.10800000000000001,0.33299999999999996,0.42,0.03,0.10099999999999999
420,Blackford,IN,Age-adjusted prevalence,11893,9240,0.28,0.369,0.07400000000000001,0.11800000000000001,0.069,0.09699999999999999,0.28300000000000003,0.127,0.345,0.442,0.036000000000000004,0.226
422,Bladen,NC,Age-adjusted prevalence,29484,23400,0.258,0.389,0.064,0.11800000000000001,0.065,0.078,0.258,0.127,0.322,0.413,0.04,0.20800000000000002
424,Blaine,ID,Age-adjusted prevalence,25041,20458,0.205,0.247,0.071,0.1,0.047,0.047,0.201,0.077,0.28,0.231,0.025,0.081
426,Blaine,MT,Age-adjusted prevalence,6899,4948,0.263,0.331,0.069,0.134,0.067,0.08,0.252,0.12300000000000001,0.284,0.41600000000000004,0.04,0.237
428,Blaine,NE,Age-adjusted prevalence,436,344,0.225,0.309,0.073,0.09699999999999999,0.055,0.06,0.192,0.094,0.294,0.38799999999999996,0.027999999999999997,0.1
430,Blaine,OK,Age-adjusted prevalence,8539,6321,0.256,0.37,0.07,0.114,0.064,0.076,0.259,0.114,0.34299999999999997,0.384,0.034,0.225
432,Blair,PA,Age-adjusted prevalence,120273,96265,,,,,,,,,,,,0.16699999999999998
434,Blanco,TX,Age-adjusted prevalence,13048,10896,0.21100000000000002,0.295,0.07,0.096,0.049,0.051,0.233,0.092,0.316,0.34299999999999997,0.026000000000000002,0.121
436,Bland,VA,Age-adjusted prevalence,6179,5302,0.253,0.32899999999999996,0.073,0.105,0.06,0.069,0.251,0.105,0.336,0.36200000000000004,0.031,0.192
438,Bleckley,GA,Age-adjusted prevalence,12465,9890,0.263,0.36700000000000005,0.069,0.109,0.063,0.077,0.22699999999999998,0.128,0.34700000000000003,0.38299999999999995,0.037000000000000005,0.152
440,Bledsoe,TN,Age-adjusted prevalence,15060,12741,0.304,0.39299999999999996,0.07200000000000001,0.111,0.077,0.11,0.303,0.138,0.34600000000000003,0.413,0.040999999999999995,0.255
442,Blount,AL,Age-adjusted prevalence,59816,46099,0.267,0.36,0.073,0.099,0.063,0.076,0.26,0.113,0.35700000000000004,0.36,0.033,0.168
444,Blount,TN,Age-adjusted prevalence,141456,113587,0.273,0.34700000000000003,0.075,0.106,0.055999999999999994,0.073,0.308,0.106,0.33799999999999997,0.361,0.028999999999999998,0.136
446,Blue Earth,MN,Age-adjusted prevalence,70006,56268,0.214,0.308,0.07200000000000001,0.105,0.055,0.055999999999999994,0.263,0.1,0.29100000000000004,0.368,0.03,0.125
448,Boise,ID,Age-adjusted prevalence,8517,7188,0.237,0.281,0.07400000000000001,0.10800000000000001,0.052000000000000005,0.055,0.237,0.08199999999999999,0.29,0.313,0.027000000000000003,0.114
450,Bolivar,MS,Age-adjusted prevalence,28968,21837,0.297,0.485,0.055999999999999994,0.11199999999999999,0.07400000000000001,0.094,0.195,0.179,0.353,0.46799999999999997,0.052000000000000005,0.235
452,Bollinger,MO,Age-adjusted prevalence,10544,8227,0.271,0.34700000000000003,0.073,0.11,0.065,0.08900000000000001,0.276,0.10800000000000001,0.325,0.389,0.035,0.252
454,Bon Homme,SD,Age-adjusted prevalence,7065,5697,0.231,0.32,0.075,0.099,0.063,0.067,0.205,0.107,0.293,0.375,0.033,0.131
456,Bond,IL,Age-adjusted prevalence,16450,13506,0.24100000000000002,0.32799999999999996,0.07200000000000001,0.105,0.057999999999999996,0.071,0.23399999999999999,0.10300000000000001,0.318,0.39799999999999996,0.031,0.109
458,Bonner,ID,Age-adjusted prevalence,52547,42293,0.231,0.282,0.07400000000000001,0.109,0.055999999999999994,0.062,0.233,0.084,0.284,0.318,0.028999999999999998,0.177
460,Bonneville,ID,Age-adjusted prevalence,131366,92871,0.24,0.287,0.071,0.107,0.053,0.057,0.255,0.08900000000000001,0.298,0.335,0.027999999999999997,0.21
462,Boone,AR,Age-adjusted prevalence,38530,29802,0.262,0.34600000000000003,0.07400000000000001,0.10400000000000001,0.063,0.076,0.26899999999999996,0.10400000000000001,0.332,0.408,0.032,0.223
464,Boone,IA,Age-adjusted prevalence,26590,21104,0.22899999999999998,0.31,0.075,0.099,0.051,0.055,0.213,0.08900000000000001,0.31,0.429,0.026000000000000002,0.092
466,Boone,IL,Age-adjusted prevalence,53202,40735,0.22899999999999998,0.309,0.069,0.1,0.055,0.063,0.222,0.10400000000000001,0.316,0.369,0.028999999999999998,0.163
468,Boone,IN,Age-adjusted prevalence,76120,56880,0.221,0.305,0.075,0.10400000000000001,0.047,0.052000000000000005,0.221,0.09300000000000001,0.32799999999999996,0.324,0.023,0.07
470,Boone,KY,Age-adjusted prevalence,140496,105062,,,,,,,,,,,,0.153
472,Boone,MO,Age-adjusted prevalence,189463,151585,0.24600000000000002,0.32,0.073,0.10300000000000001,0.054000000000000006,0.063,0.237,0.10099999999999999,0.325,0.316,0.028999999999999998,0.138
474,Boone,NE,Age-adjusted prevalence,5310,4024,0.22399999999999998,0.294,0.07200000000000001,0.091,0.055,0.06,0.184,0.094,0.295,0.33399999999999996,0.028999999999999998,0.11699999999999999
476,Boone,WV,Age-adjusted prevalence,20576,16396,0.332,0.40399999999999997,0.07400000000000001,0.126,0.07,0.098,0.32899999999999996,0.131,0.368,0.462,0.035,0.245
478,Borden,TX,Age-adjusted prevalence,572,455,0.214,0.301,0.07,0.099,0.051,0.055,0.244,0.09300000000000001,0.319,0.33,0.027000000000000003,0.086
480,Bosque,TX,Age-adjusted prevalence,18996,15064,0.226,0.316,0.069,0.102,0.055999999999999994,0.065,0.248,0.105,0.32299999999999995,0.361,0.03,0.17800000000000002
482,Bossier,LA,Age-adjusted prevalence,129795,97847,0.255,0.37,0.067,0.10099999999999999,0.06,0.069,0.272,0.121,0.33399999999999996,0.409,0.034,0.15
484,Botetourt,VA,Age-adjusted prevalence,34125,27833,0.23800000000000002,0.313,0.07400000000000001,0.106,0.052000000000000005,0.057999999999999996,0.256,0.095,0.33,0.348,0.027000000000000003,0.091
486,Bottineau,ND,Age-adjusted prevalence,6349,4933,0.23199999999999998,0.306,0.07400000000000001,0.10300000000000001,0.053,0.055,0.21,0.087,0.307,0.381,0.027000000000000003,0.065
488,Boulder,CO,Age-adjusted prevalence,326831,271124,0.19699999999999998,0.21,0.076,0.10300000000000001,0.044000000000000004,0.044000000000000004,0.235,0.067,0.276,0.174,0.023,0.085
490,Boundary,ID,Age-adjusted prevalence,13557,10356,0.254,0.28800000000000003,0.071,0.114,0.06,0.07200000000000001,0.23600000000000002,0.094,0.285,0.332,0.033,0.191
492,Bourbon,KS,Age-adjusted prevalence,14408,10633,0.258,0.33299999999999996,0.07200000000000001,0.105,0.061,0.07400000000000001,0.228,0.10400000000000001,0.326,0.373,0.032,0.14300000000000002
494,Bourbon,KY,Age-adjusted prevalence,20134,15577,,,,,,,,,,,,0.166
496,Bowie,TX,Age-adjusted prevalence,91687,69941,0.23800000000000002,0.355,0.065,0.109,0.059000000000000004,0.071,0.242,0.121,0.316,0.369,0.035,0.17600000000000002
498,Bowman,ND,Age-adjusted prevalence,2867,2165,0.22699999999999998,0.29,0.073,0.10099999999999999,0.052000000000000005,0.055999999999999994,0.21,0.085,0.297,0.36700000000000005,0.027000000000000003,0.124
500,Box Butte,NE,Age-adjusted prevalence,10692,8035,0.222,0.308,0.07,0.094,0.057,0.061,0.179,0.10400000000000001,0.285,0.39,0.03,0.147
502,Box Elder,UT,Age-adjusted prevalence,62684,43845,0.225,0.282,0.075,0.111,0.052000000000000005,0.054000000000000006,0.266,0.08900000000000001,0.284,0.327,0.027999999999999997,0.098
504,Boyd,KY,Age-adjusted prevalence,47826,37692,,,,,,,,,,,,0.153
506,Boyd,NE,Age-adjusted prevalence,1725,1404,0.225,0.316,0.073,0.094,0.057999999999999996,0.064,0.182,0.1,0.28300000000000003,0.387,0.03,0.121
508,Boyle,KY,Age-adjusted prevalence,30988,24639,,,,,,,,,,,,0.182
510,Bracken,KY,Age-adjusted prevalence,8426,6453,,,,,,,,,,,,0.20800000000000002
512,Bradford,FL,Age-adjusted prevalence,27858,21945,0.255,0.34600000000000003,0.075,0.105,0.07,0.09,0.209,0.124,0.326,0.35,0.039,0.205
514,Bradford,PA,Age-adjusted prevalence,59695,46501,,,,,,,,,,,,0.20600000000000002
516,Bradley,AR,Age-adjusted prevalence,10104,7612,0.272,0.429,0.062,0.109,0.07200000000000001,0.08800000000000001,0.243,0.14300000000000002,0.35,0.426,0.042,0.266
518,Bradley,TN,Age-adjusted prevalence,111579,87424,0.27399999999999997,0.37,0.07400000000000001,0.109,0.061,0.078,0.295,0.115,0.33899999999999997,0.415,0.032,0.134
520,Branch,MI,Age-adjusted prevalence,45215,34668,0.267,0.34299999999999997,0.076,0.11699999999999999,0.064,0.085,0.287,0.109,0.308,0.359,0.034,0.128
522,Brantley,GA,Age-adjusted prevalence,18401,14186,0.261,0.355,0.073,0.107,0.067,0.087,0.25,0.11900000000000001,0.349,0.387,0.036000000000000004,0.20800000000000002
524,Braxton,WV,Age-adjusted prevalence,12162,9951,0.32899999999999996,0.408,0.073,0.126,0.077,0.11199999999999999,0.324,0.14400000000000002,0.36,0.413,0.039,0.295
526,Brazoria,TX,Age-adjusted prevalence,398938,297394,0.204,0.335,0.06,0.09300000000000001,0.049,0.048,0.19899999999999998,0.113,0.318,0.358,0.027999999999999997,0.08900000000000001
528,Brazos,TX,Age-adjusted prevalence,244703,195226,0.223,0.33899999999999997,0.063,0.098,0.059000000000000004,0.063,0.23,0.125,0.326,0.32799999999999996,0.033,0.16
530,Breathitt,KY,Age-adjusted prevalence,12953,10214,,,,,,,,,,,,0.297
532,Breckinridge,KY,Age-adjusted prevalence,21124,16388,,,,,,,,,,,,0.253
534,Bremer,IA,Age-adjusted prevalence,25307,19617,0.226,0.295,0.076,0.098,0.05,0.054000000000000006,0.205,0.084,0.29,0.386,0.025,0.09300000000000001
536,Brevard,FL,Age-adjusted prevalence,643979,528274,0.22899999999999998,0.315,0.07400000000000001,0.09699999999999999,0.055,0.059000000000000004,0.2,0.1,0.327,0.342,0.027999999999999997,0.10800000000000001
538,Brewster,TX,Age-adjusted prevalence,9513,7906,0.19899999999999998,0.299,0.063,0.09,0.049,0.045,0.21100000000000002,0.105,0.32,0.336,0.025,0.083
540,Briscoe,TX,Age-adjusted prevalence,1445,1128,0.239,0.35100000000000003,0.064,0.10400000000000001,0.067,0.079,0.24600000000000002,0.133,0.33299999999999996,0.39799999999999996,0.037000000000000005,0.243
542,Bristol,MA,Age-adjusted prevalence,581841,463617,0.24,0.297,0.073,0.127,0.055999999999999994,0.065,0.245,0.091,0.317,0.32,0.028999999999999998,0.145
544,Bristol,RI,Age-adjusted prevalence,50255,41462,0.21600000000000003,0.27399999999999997,0.078,0.10800000000000001,0.046,0.048,0.247,0.079,0.293,0.26,0.023,0.081
546,Bristol,VA,Age-adjusted prevalence,16807,13451,0.272,0.348,0.073,0.114,0.064,0.08199999999999999,0.271,0.11800000000000001,0.34299999999999997,0.39299999999999996,0.035,0.129
548,Bristol Bay,AK,Age-adjusted prevalence,844,663,0.218,0.312,0.067,0.111,0.059000000000000004,0.057999999999999996,0.198,0.091,0.293,0.345,0.032,0.124
550,Broadwater,MT,Age-adjusted prevalence,8032,6410,0.23399999999999999,0.284,0.075,0.11,0.052000000000000005,0.057999999999999996,0.247,0.078,0.275,0.303,0.027999999999999997,0.115
552,Bronx,NY,Age-adjusted prevalence,1356476,1031703,0.212,0.34600000000000003,0.046,0.11800000000000001,0.063,0.064,0.161,0.14800000000000002,0.34,0.337,0.04,0.233
554,Brooke,WV,Age-adjusted prevalence,21373,17740,0.302,0.37,0.075,0.11900000000000001,0.06,0.076,0.308,0.11699999999999999,0.35200000000000004,0.40299999999999997,0.03,0.191
556,Brookings,SD,Age-adjusted prevalence,35980,28513,0.213,0.28600000000000003,0.08,0.09699999999999999,0.054000000000000006,0.055,0.22899999999999998,0.09699999999999999,0.29,0.395,0.027999999999999997,0.113
558,Brooks,GA,Age-adjusted prevalence,16245,12902,0.265,0.40700000000000003,0.063,0.11199999999999999,0.07200000000000001,0.091,0.215,0.157,0.349,0.402,0.045,0.20600000000000002
560,Brooks,TX,Age-adjusted prevalence,6848,5111,0.215,0.361,0.044000000000000004,0.08900000000000001,0.071,0.065,0.19699999999999998,0.182,0.342,0.43200000000000005,0.039,0.184
562,Broome,NY,Age-adjusted prevalence,196077,158802,0.262,0.317,0.07400000000000001,0.11599999999999999,0.057,0.067,0.21600000000000003,0.095,0.3,0.348,0.031,0.11599999999999999
564,Broomfield,CO,Age-adjusted prevalence,76860,61571,0.203,0.22899999999999998,0.075,0.10300000000000001,0.04,0.038,0.21600000000000003,0.065,0.28800000000000003,0.221,0.021,0.062
566,Broward,FL,Age-adjusted prevalence,1962531,1559291,0.19899999999999998,0.321,0.062,0.092,0.054000000000000006,0.053,0.162,0.114,0.32899999999999996,0.304,0.031,0.124
568,Brown,IL,Age-adjusted prevalence,6294,5228,0.23800000000000002,0.359,0.069,0.1,0.062,0.077,0.205,0.114,0.32,0.41600000000000004,0.034,0.18
570,Brown,IN,Age-adjusted prevalence,15653,13065,0.251,0.33299999999999996,0.075,0.111,0.055999999999999994,0.069,0.264,0.10300000000000001,0.33,0.35600000000000004,0.027999999999999997,0.168
572,Brown,KS,Age-adjusted prevalence,9250,6932,0.253,0.33299999999999996,0.071,0.107,0.06,0.071,0.226,0.10300000000000001,0.313,0.396,0.031,0.131
574,Brown,MN,Age-adjusted prevalence,25628,19942,0.203,0.284,0.073,0.10099999999999999,0.052000000000000005,0.053,0.251,0.09,0.27899999999999997,0.36200000000000004,0.027999999999999997,0.10400000000000001
576,Brown,NE,Age-adjusted prevalence,2853,2242,0.226,0.314,0.073,0.095,0.057,0.064,0.18600000000000003,0.099,0.287,0.41,0.03,0.134
578,Brown,OH,Age-adjusted prevalence,43777,33846,0.28300000000000003,0.363,0.076,0.115,0.067,0.086,0.287,0.11599999999999999,0.33399999999999996,0.41200000000000003,0.033,0.22899999999999998
580,Brown,SD,Age-adjusted prevalence,37733,28884,0.24100000000000002,0.281,0.076,0.098,0.053,0.054000000000000006,0.21,0.095,0.285,0.355,0.027999999999999997,0.09699999999999999
582,Brown,TX,Age-adjusted prevalence,38709,30770,0.22899999999999998,0.32799999999999996,0.067,0.102,0.06,0.07,0.24600000000000002,0.114,0.326,0.35200000000000004,0.032,0.134
584,Brown,WI,Age-adjusted prevalence,271417,209911,0.22399999999999998,0.287,0.07200000000000001,0.107,0.053,0.054000000000000006,0.237,0.09300000000000001,0.298,0.41100000000000003,0.027999999999999997,0.068
586,Brule,SD,Age-adjusted prevalence,5311,4007,0.235,0.304,0.076,0.10800000000000001,0.059000000000000004,0.064,0.21899999999999997,0.10300000000000001,0.301,0.385,0.031,0.172
588,Brunswick,NC,Age-adjusted prevalence,159964,137936,0.24100000000000002,0.301,0.07400000000000001,0.107,0.052000000000000005,0.057,0.26,0.08900000000000001,0.308,0.32899999999999996,0.027999999999999997,0.127
590,Brunswick,VA,Age-adjusted prevalence,15749,13267,0.266,0.406,0.057999999999999996,0.11800000000000001,0.066,0.079,0.21600000000000003,0.151,0.342,0.43700000000000006,0.043,0.23600000000000002
592,Bryan,GA,Age-adjusted prevalence,49739,35571,0.222,0.325,0.071,0.096,0.048,0.05,0.204,0.098,0.326,0.32799999999999996,0.027000000000000003,0.16
594,Bryan,OK,Age-adjusted prevalence,48967,37465,0.265,0.376,0.07,0.12300000000000001,0.069,0.085,0.276,0.12,0.354,0.40399999999999997,0.037000000000000005,0.155
596,Buchanan,IA,Age-adjusted prevalence,20691,15459,0.22899999999999998,0.305,0.07400000000000001,0.1,0.052000000000000005,0.057999999999999996,0.213,0.08900000000000001,0.298,0.374,0.027000000000000003,0.134
598,Buchanan,MO,Age-adjusted prevalence,82956,64505,0.261,0.34600000000000003,0.07200000000000001,0.109,0.064,0.08199999999999999,0.255,0.114,0.34,0.431,0.034,0.254
600,Buchanan,VA,Age-adjusted prevalence,19087,15806,0.284,0.366,0.07200000000000001,0.11699999999999999,0.075,0.102,0.284,0.132,0.35,0.38799999999999996,0.04,0.19699999999999998
602,Buckingham,VA,Age-adjusted prevalence,16978,13997,0.259,0.38299999999999995,0.063,0.113,0.065,0.077,0.237,0.136,0.349,0.431,0.039,0.23800000000000002
604,Bucks,PA,Age-adjusted prevalence,645984,518476,,,,,,,,,,,,0.12300000000000001
606,Buena Vista,IA,Age-adjusted prevalence,20567,15115,0.223,0.316,0.064,0.094,0.06,0.064,0.183,0.11699999999999999,0.321,0.389,0.032,0.17600000000000002
608,Buena Vista,VA,Age-adjusted prevalence,6566,5153,0.271,0.345,0.073,0.11599999999999999,0.064,0.081,0.275,0.11900000000000001,0.344,0.39,0.035,0.191
610,Buffalo,NE,Age-adjusted prevalence,50697,39269,0.21899999999999997,0.311,0.073,0.09300000000000001,0.053,0.055,0.183,0.091,0.289,0.389,0.027000000000000003,0.096
612,Buffalo,SD,Age-adjusted prevalence,1884,1197,0.28,0.379,0.064,0.138,0.09,0.105,0.22,0.187,0.295,0.49,0.055,0.26899999999999996
614,Buffalo,WI,Age-adjusted prevalence,13419,10742,0.23199999999999998,0.29,0.071,0.109,0.055,0.06,0.254,0.094,0.293,0.39399999999999996,0.027999999999999997,0.109
616,Bullitt,KY,Age-adjusted prevalence,84863,67051,,,,,,,,,,,,0.172
618,Bulloch,GA,Age-adjusted prevalence,84327,67469,0.248,0.38799999999999996,0.069,0.106,0.062,0.07200000000000001,0.209,0.129,0.35200000000000004,0.41700000000000004,0.037000000000000005,0.17800000000000002
620,Bullock,AL,Age-adjusted prevalence,9897,7878,0.306,0.524,0.052000000000000005,0.115,0.08800000000000001,0.11199999999999999,0.217,0.213,0.371,0.51,0.062,0.35100000000000003
622,Buncombe,NC,Age-adjusted prevalence,275901,227608,0.22899999999999998,0.312,0.076,0.10400000000000001,0.052000000000000005,0.057999999999999996,0.259,0.08900000000000001,0.301,0.312,0.027999999999999997,0.07200000000000001
624,Bureau,IL,Age-adjusted prevalence,32729,26017,0.239,0.31,0.07200000000000001,0.10400000000000001,0.057,0.069,0.24100000000000002,0.10099999999999999,0.317,0.384,0.03,0.157
626,Burke,GA,Age-adjusted prevalence,24438,18515,0.267,0.41,0.061,0.114,0.068,0.083,0.212,0.152,0.33799999999999997,0.39799999999999996,0.044000000000000004,0.257
628,Burke,NC,Age-adjusted prevalence,88338,72201,0.257,0.341,0.071,0.11,0.064,0.078,0.27399999999999997,0.109,0.314,0.36700000000000005,0.034,0.20800000000000002
630,Burke,ND,Age-adjusted prevalence,2134,1599,0.228,0.297,0.07400000000000001,0.099,0.05,0.051,0.21,0.08199999999999999,0.303,0.37200000000000005,0.026000000000000002,0.08199999999999999
632,Burleigh,ND,Age-adjusted prevalence,100012,76833,0.22399999999999998,0.276,0.07400000000000001,0.099,0.049,0.049,0.198,0.081,0.301,0.355,0.025,0.076
634,Burleson,TX,Age-adjusted prevalence,19475,15139,0.221,0.331,0.065,0.102,0.055,0.061,0.23199999999999998,0.11,0.322,0.358,0.031,0.158
636,Burlington,NJ,Age-adjusted prevalence,469167,373419,0.212,0.297,0.066,0.09300000000000001,0.044000000000000004,0.044000000000000004,0.163,0.087,0.34700000000000003,0.3,0.025,0.09
638,Burnet,TX,Age-adjusted prevalence,53991,43122,0.22399999999999998,0.312,0.068,0.099,0.054000000000000006,0.059000000000000004,0.23600000000000002,0.10300000000000001,0.322,0.354,0.028999999999999998,0.12300000000000001
640,Burnett,WI,Age-adjusted prevalence,17092,14468,0.239,0.294,0.07200000000000001,0.113,0.059000000000000004,0.066,0.252,0.1,0.292,0.38799999999999996,0.031,0.10400000000000001
642,Burt,NE,Age-adjusted prevalence,6727,5218,0.214,0.318,0.073,0.094,0.055999999999999994,0.061,0.18899999999999997,0.09699999999999999,0.28300000000000003,0.406,0.028999999999999998,0.14
644,Butler,AL,Age-adjusted prevalence,18382,14276,0.287,0.44799999999999995,0.062,0.111,0.067,0.083,0.23800000000000002,0.152,0.36,0.40700000000000003,0.043,0.228
646,Butler,IA,Age-adjusted prevalence,14172,11057,0.24600000000000002,0.316,0.07400000000000001,0.10099999999999999,0.055999999999999994,0.064,0.22,0.095,0.311,0.39299999999999996,0.028999999999999998,0.131
648,Butler,KS,Age-adjusted prevalence,68632,51856,0.23399999999999999,0.313,0.073,0.102,0.053,0.057999999999999996,0.218,0.09300000000000001,0.321,0.38799999999999996,0.027000000000000003,0.122
650,Butler,KY,Age-adjusted prevalence,12375,9514,,,,,,,,,,,,0.25
652,Butler,MO,Age-adjusted prevalence,41948,32109,0.294,0.376,0.07200000000000001,0.11699999999999999,0.071,0.1,0.287,0.126,0.345,0.413,0.039,0.21
654,Butler,NE,Age-adjusted prevalence,8459,6408,0.213,0.28800000000000003,0.07200000000000001,0.09300000000000001,0.052000000000000005,0.055999999999999994,0.174,0.08800000000000001,0.276,0.386,0.027000000000000003,0.161
656,Butler,OH,Age-adjusted prevalence,393043,302288,0.252,0.332,0.07200000000000001,0.10800000000000001,0.057999999999999996,0.066,0.261,0.113,0.313,0.396,0.028999999999999998,0.174
658,Butler,PA,Age-adjusted prevalence,198413,160653,,,,,,,,,,,,0.14
660,Butte,CA,Age-adjusted prevalence,207172,164973,0.21899999999999997,0.305,0.07,0.105,0.057,0.062,0.26,0.099,0.306,0.306,0.031,0.099
662,Butte,ID,Age-adjusted prevalence,2758,2126,0.26899999999999996,0.318,0.071,0.11800000000000001,0.071,0.09,0.261,0.111,0.298,0.35700000000000004,0.038,0.142
664,Butte,SD,Age-adjusted prevalence,10863,8174,0.233,0.302,0.075,0.106,0.059000000000000004,0.066,0.226,0.1,0.287,0.358,0.031,0.154
666,Butts,GA,Age-adjusted prevalence,26887,21395,0.24100000000000002,0.375,0.066,0.10400000000000001,0.061,0.073,0.20600000000000002,0.126,0.33299999999999996,0.382,0.036000000000000004,0.18899999999999997
668,Cabarrus,NC,Age-adjusted prevalence,240016,180188,0.233,0.327,0.067,0.10400000000000001,0.051,0.054000000000000006,0.23600000000000002,0.099,0.311,0.327,0.027999999999999997,0.161
670,Cabell,WV,Age-adjusted prevalence,92082,73859,0.335,0.371,0.076,0.129,0.066,0.08800000000000001,0.33399999999999996,0.132,0.361,0.457,0.034,0.213
672,Cache,UT,Age-adjusted prevalence,142393,101374,0.24,0.287,0.076,0.10400000000000001,0.052000000000000005,0.053,0.266,0.095,0.295,0.303,0.027999999999999997,0.168
674,Caddo,LA,Age-adjusted prevalence,226386,173794,0.278,0.425,0.06,0.109,0.067,0.08,0.276,0.145,0.34700000000000003,0.423,0.042,0.23
676,Caddo,OK,Age-adjusted prevalence,26214,20174,0.267,0.39899999999999997,0.066,0.115,0.07400000000000001,0.08800000000000001,0.244,0.139,0.331,0.40299999999999997,0.04,0.261
678,Calaveras,CA,Age-adjusted prevalence,46565,38409,0.218,0.282,0.071,0.105,0.055,0.059000000000000004,0.256,0.091,0.31,0.298,0.03,0.128
680,Calcasieu,LA,Age-adjusted prevalence,203761,153336,0.268,0.39,0.067,0.10300000000000001,0.062,0.07200000000000001,0.281,0.125,0.344,0.429,0.036000000000000004,0.146
682,Caldwell,KY,Age-adjusted prevalence,12551,9631,,,,,,,,,,,,0.19899999999999998
684,Caldwell,LA,Age-adjusted prevalence,9389,7310,0.289,0.41,0.068,0.106,0.077,0.10099999999999999,0.301,0.142,0.35100000000000003,0.38799999999999996,0.043,0.252
686,Caldwell,MO,Age-adjusted prevalence,8955,6849,0.262,0.332,0.075,0.10800000000000001,0.061,0.08,0.263,0.10300000000000001,0.33,0.389,0.032,0.20600000000000002
688,Caldwell,NC,Age-adjusted prevalence,80574,64820,0.248,0.335,0.07200000000000001,0.111,0.062,0.078,0.27699999999999997,0.10300000000000001,0.319,0.332,0.034,0.204
690,Caldwell,TX,Age-adjusted prevalence,49859,38288,0.218,0.331,0.055999999999999994,0.094,0.059000000000000004,0.062,0.21600000000000003,0.135,0.33,0.424,0.033,0.191
692,Caledonia,VT,Age-adjusted prevalence,30610,25067,0.24100000000000002,0.287,0.075,0.115,0.052000000000000005,0.062,0.28300000000000003,0.077,0.282,0.311,0.028999999999999998,0.147
694,Calhoun,AL,Age-adjusted prevalence,116429,91555,0.281,0.415,0.069,0.106,0.064,0.078,0.253,0.129,0.354,0.391,0.036000000000000004,0.174
696,Calhoun,AR,Age-adjusted prevalence,4641,3792,0.249,0.385,0.066,0.10400000000000001,0.061,0.071,0.24600000000000002,0.113,0.335,0.391,0.034,0.221
698,Calhoun,FL,Age-adjusted prevalence,13470,10766,0.26,0.359,0.07400000000000001,0.106,0.07400000000000001,0.095,0.207,0.128,0.34700000000000003,0.39899999999999997,0.04,0.205
700,Calhoun,GA,Age-adjusted prevalence,5457,4642,0.251,0.449,0.055,0.106,0.073,0.086,0.175,0.171,0.33799999999999997,0.436,0.049,0.318
702,Calhoun,IA,Age-adjusted prevalence,9763,7637,0.23800000000000002,0.308,0.07400000000000001,0.1,0.055999999999999994,0.063,0.21100000000000002,0.096,0.306,0.40299999999999997,0.028999999999999998,0.11800000000000001
704,Calhoun,IL,Age-adjusted prevalence,4317,3452,0.23,0.293,0.075,0.10300000000000001,0.049,0.057,0.23399999999999999,0.085,0.313,0.35100000000000003,0.026000000000000002,0.077
706,Calhoun,MI,Age-adjusted prevalence,133366,102982,0.268,0.349,0.07400000000000001,0.11900000000000001,0.061,0.078,0.27899999999999997,0.11199999999999999,0.316,0.425,0.033,0.09300000000000001
708,Calhoun,MS,Age-adjusted prevalence,12685,9911,0.282,0.428,0.066,0.10300000000000001,0.071,0.09300000000000001,0.212,0.146,0.33799999999999997,0.413,0.044000000000000004,0.217
710,Calhoun,SC,Age-adjusted prevalence,14186,11559,0.252,0.371,0.065,0.10300000000000001,0.055999999999999994,0.067,0.22899999999999998,0.129,0.319,0.40700000000000003,0.036000000000000004,0.158
712,Calhoun,TX,Age-adjusted prevalence,19696,15174,0.209,0.318,0.057999999999999996,0.09300000000000001,0.055999999999999994,0.055999999999999994,0.209,0.122,0.32799999999999996,0.35100000000000003,0.03,0.16399999999999998
714,Calhoun,WV,Age-adjusted prevalence,5959,4871,0.35100000000000003,0.413,0.073,0.13,0.083,0.122,0.33799999999999997,0.151,0.366,0.40399999999999997,0.042,0.289
716,Callahan,TX,Age-adjusted prevalence,14374,11235,0.22899999999999998,0.32,0.07,0.10300000000000001,0.055999999999999994,0.065,0.253,0.102,0.32799999999999996,0.36,0.03,0.147
718,Callaway,MO,Age-adjusted prevalence,44731,35515,0.258,0.33299999999999996,0.07400000000000001,0.106,0.059000000000000004,0.073,0.255,0.102,0.325,0.371,0.031,0.191
720,Calloway,KY,Age-adjusted prevalence,38280,31199,,,,,,,,,,,,0.207
722,Calumet,WI,Age-adjusted prevalence,53199,41590,0.218,0.268,0.07200000000000001,0.107,0.05,0.05,0.243,0.085,0.285,0.32799999999999996,0.025,0.10400000000000001
724,Calvert,MD,Age-adjusted prevalence,94728,72945,0.23800000000000002,0.326,0.07400000000000001,0.105,0.045,0.05,0.205,0.091,0.326,0.359,0.026000000000000002,0.091
726,Camas,ID,Age-adjusted prevalence,1232,960,0.23,0.27699999999999997,0.07200000000000001,0.107,0.053,0.057999999999999996,0.23,0.084,0.282,0.293,0.027999999999999997,0.109
728,Cambria,PA,Age-adjusted prevalence,130668,105683,,,,,,,,,,,,0.153
730,Camden,GA,Age-adjusted prevalence,58118,44234,0.24,0.34700000000000003,0.069,0.10099999999999999,0.057999999999999996,0.065,0.21100000000000002,0.11699999999999999,0.336,0.379,0.033,0.15
732,Camden,MO,Age-adjusted prevalence,44044,36598,0.255,0.314,0.075,0.106,0.057999999999999996,0.07200000000000001,0.258,0.099,0.331,0.355,0.03,0.166
734,Camden,NC,Age-adjusted prevalence,11137,8653,0.23600000000000002,0.31,0.071,0.106,0.05,0.055,0.256,0.08800000000000001,0.312,0.344,0.027000000000000003,0.145
736,Camden,NJ,Age-adjusted prevalence,527196,407842,0.209,0.303,0.062,0.09699999999999999,0.049,0.05,0.18,0.099,0.336,0.29600000000000004,0.028999999999999998,0.1
738,Cameron,LA,Age-adjusted prevalence,4768,3710,0.261,0.355,0.073,0.099,0.061,0.07200000000000001,0.29600000000000004,0.106,0.34,0.363,0.032,0.2
740,Cameron,PA,Age-adjusted prevalence,4380,3604,,,,,,,,,,,,0.198
742,Cameron,TX,Age-adjusted prevalence,426710,306297,0.19,0.32899999999999996,0.046,0.087,0.065,0.059000000000000004,0.191,0.175,0.335,0.41,0.036000000000000004,0.171
744,Camp,TX,Age-adjusted prevalence,13000,9495,0.244,0.365,0.063,0.10800000000000001,0.066,0.08,0.243,0.13699999999999998,0.33,0.402,0.039,0.20600000000000002
746,Campbell,KY,Age-adjusted prevalence,93702,74636,,,,,,,,,,,,0.142
748,Campbell,SD,Age-adjusted prevalence,1340,1094,0.218,0.28300000000000003,0.077,0.099,0.054000000000000006,0.055,0.213,0.091,0.28800000000000003,0.337,0.027000000000000003,0.129
750,Campbell,TN,Age-adjusted prevalence,40223,31958,0.298,0.375,0.075,0.115,0.071,0.10300000000000001,0.325,0.126,0.35100000000000003,0.42200000000000004,0.037000000000000005,0.187
752,Campbell,VA,Age-adjusted prevalence,55270,44734,0.251,0.335,0.07,0.11199999999999999,0.057999999999999996,0.068,0.244,0.113,0.34,0.35600000000000004,0.032,0.138
754,Campbell,WY,Age-adjusted prevalence,47498,35021,0.222,0.281,0.073,0.10300000000000001,0.053,0.061,0.23,0.091,0.303,0.353,0.027999999999999997,0.16899999999999998
756,Canadian,OK,Age-adjusted prevalence,175829,131131,0.247,0.34600000000000003,0.071,0.107,0.053,0.057,0.249,0.099,0.33799999999999997,0.386,0.027000000000000003,0.11699999999999999
758,Candler,GA,Age-adjusted prevalence,11059,8146,0.255,0.38299999999999995,0.065,0.10800000000000001,0.067,0.084,0.22,0.139,0.34299999999999997,0.423,0.04,0.242
760,Cannon,TN,Age-adjusted prevalence,15063,11758,0.28800000000000003,0.363,0.07400000000000001,0.11199999999999999,0.065,0.09,0.315,0.11900000000000001,0.34700000000000003,0.425,0.034,0.14
762,Canyon,ID,Age-adjusted prevalence,257674,189929,0.237,0.295,0.071,0.10800000000000001,0.054000000000000006,0.062,0.233,0.105,0.308,0.355,0.03,0.129
764,Cape Girardeau,MO,Age-adjusted prevalence,82984,65388,0.254,0.33299999999999996,0.07400000000000001,0.106,0.057,0.07,0.251,0.102,0.321,0.359,0.03,0.17
766,Cape May,NJ,Age-adjusted prevalence,94610,78642,0.207,0.29,0.07200000000000001,0.09699999999999999,0.048,0.05,0.195,0.08,0.35700000000000004,0.33899999999999997,0.026000000000000002,0.092
768,Capitol,CT,Age-adjusted prevalence,975328,780140,0.214,0.29,0.07,0.11599999999999999,0.048,0.049,0.218,0.092,0.341,0.324,0.027000000000000003,0.096
770,Carbon,MT,Age-adjusted prevalence,11419,9474,0.24600000000000002,0.306,0.076,0.111,0.052000000000000005,0.057999999999999996,0.252,0.08199999999999999,0.275,0.326,0.027999999999999997,0.125
772,Carbon,PA,Age-adjusted prevalence,65458,53158,,,,,,,,,,,,0.134
774,Carbon,UT,Age-adjusted prevalence,20609,15429,0.261,0.29600000000000004,0.07400000000000001,0.11699999999999999,0.06,0.066,0.29600000000000004,0.10800000000000001,0.272,0.35100000000000003,0.033,0.19899999999999998
776,Carbon,WY,Age-adjusted prevalence,14334,11192,0.21600000000000003,0.302,0.071,0.1,0.06,0.067,0.20600000000000002,0.107,0.299,0.38299999999999995,0.031,0.12
778,Caribou,ID,Age-adjusted prevalence,7219,5232,0.239,0.28300000000000003,0.073,0.10800000000000001,0.054000000000000006,0.062,0.23,0.087,0.284,0.348,0.028999999999999998,0.179
780,Carlisle,KY,Age-adjusted prevalence,4704,3595,,,,,,,,,,,,0.182
782,Carlton,MN,Age-adjusted prevalence,36825,28845,0.203,0.29,0.07400000000000001,0.106,0.054000000000000006,0.054000000000000006,0.275,0.09699999999999999,0.284,0.385,0.028999999999999998,0.114
784,Caroline,MD,Age-adjusted prevalence,33593,25618,0.27899999999999997,0.365,0.073,0.11800000000000001,0.063,0.08,0.251,0.11800000000000001,0.349,0.413,0.035,0.151
786,Caroline,VA,Age-adjusted prevalence,32640,25204,0.25,0.354,0.064,0.111,0.055999999999999994,0.064,0.235,0.12,0.33899999999999997,0.413,0.033,0.16399999999999998
788,Carroll,AR,Age-adjusted prevalence,28814,22640,0.253,0.374,0.07,0.099,0.068,0.079,0.257,0.114,0.337,0.377,0.034,0.177
790,Carroll,GA,Age-adjusted prevalence,127098,96984,0.251,0.359,0.068,0.10400000000000001,0.059000000000000004,0.07,0.214,0.122,0.33899999999999997,0.34700000000000003,0.034,0.14300000000000002
792,Carroll,IA,Age-adjusted prevalence,20522,15519,0.23600000000000002,0.308,0.07400000000000001,0.1,0.054000000000000006,0.061,0.212,0.09300000000000001,0.303,0.4,0.027999999999999997,0.122
794,Carroll,IL,Age-adjusted prevalence,15526,12708,0.242,0.326,0.07200000000000001,0.10300000000000001,0.057999999999999996,0.071,0.226,0.10300000000000001,0.316,0.39299999999999996,0.031,0.13
796,Carroll,IN,Age-adjusted prevalence,20525,16103,0.259,0.34299999999999997,0.07400000000000001,0.11199999999999999,0.06,0.077,0.265,0.109,0.335,0.414,0.03,0.191
798,Carroll,KY,Age-adjusted prevalence,10987,8019,,,,,,,,,,,,0.21899999999999997
800,Carroll,MD,Age-adjusted prevalence,176639,137462,0.231,0.298,0.078,0.10099999999999999,0.047,0.05,0.235,0.085,0.327,0.374,0.024,0.07
802,Carroll,MO,Age-adjusted prevalence,8391,6542,0.262,0.32899999999999996,0.073,0.10800000000000001,0.061,0.081,0.267,0.106,0.319,0.38799999999999996,0.032,0.2
804,Carroll,MS,Age-adjusted prevalence,9535,7933,0.27,0.425,0.065,0.1,0.071,0.08800000000000001,0.201,0.14300000000000002,0.34299999999999997,0.40399999999999997,0.043,0.233
806,Carroll,NH,Age-adjusted prevalence,52448,44871,0.226,0.252,0.078,0.10300000000000001,0.048,0.052000000000000005,0.24100000000000002,0.07,0.29,0.305,0.025,0.079
808,Carroll,OH,Age-adjusted prevalence,26758,21195,0.278,0.336,0.075,0.11199999999999999,0.065,0.08199999999999999,0.27399999999999997,0.11199999999999999,0.325,0.387,0.033,0.18100000000000002
810,Carroll,TN,Age-adjusted prevalence,28860,22607,0.29,0.37,0.07200000000000001,0.113,0.065,0.08800000000000001,0.311,0.124,0.345,0.431,0.035,0.18100000000000002
812,Carroll,VA,Age-adjusted prevalence,29239,24074,0.27,0.341,0.07400000000000001,0.113,0.066,0.083,0.281,0.115,0.35100000000000003,0.413,0.034,0.152
814,Carson,TX,Age-adjusted prevalence,5878,4511,0.218,0.303,0.071,0.1,0.051,0.055999999999999994,0.245,0.09300000000000001,0.319,0.33799999999999997,0.027000000000000003,0.094
816,Carson City,NV,Age-adjusted prevalence,58036,46575,0.22899999999999998,0.295,0.07,0.105,0.055,0.064,0.222,0.099,0.32299999999999995,0.331,0.03,0.10300000000000001
818,Carter,KY,Age-adjusted prevalence,26366,20511,,,,,,,,,,,,0.276
820,Carter,MO,Age-adjusted prevalence,5303,4026,0.29,0.365,0.073,0.114,0.07200000000000001,0.102,0.28300000000000003,0.122,0.332,0.39799999999999996,0.039,0.267
822,Carter,MT,Age-adjusted prevalence,1418,1121,0.243,0.298,0.075,0.11599999999999999,0.055999999999999994,0.068,0.261,0.085,0.284,0.332,0.031,0.125
824,Carter,OK,Age-adjusted prevalence,48596,36523,0.271,0.37799999999999995,0.069,0.11699999999999999,0.065,0.077,0.262,0.11900000000000001,0.341,0.397,0.035,0.217
826,Carter,TN,Age-adjusted prevalence,57022,47175,0.303,0.381,0.075,0.115,0.068,0.094,0.33299999999999996,0.125,0.36700000000000005,0.38,0.035,0.25
828,Carteret,NC,Age-adjusted prevalence,69615,58070,0.235,0.313,0.075,0.106,0.053,0.059000000000000004,0.263,0.087,0.311,0.337,0.027999999999999997,0.129
830,Carver,MN,Age-adjusted prevalence,111057,83547,0.182,0.239,0.073,0.095,0.043,0.038,0.235,0.073,0.263,0.313,0.022000000000000002,0.063
832,Cascade,MT,Age-adjusted prevalence,84900,66139,0.26899999999999996,0.301,0.07400000000000001,0.124,0.053,0.065,0.281,0.08800000000000001,0.293,0.359,0.03,0.149
834,Casey,KY,Age-adjusted prevalence,15918,12263,,,,,,,,,,,,0.258
836,Cass,IA,Age-adjusted prevalence,13130,10126,0.25,0.32299999999999995,0.075,0.10400000000000001,0.06,0.07200000000000001,0.228,0.105,0.309,0.41,0.031,0.153
838,Cass,IL,Age-adjusted prevalence,12596,9542,0.239,0.327,0.068,0.102,0.059000000000000004,0.07200000000000001,0.22399999999999998,0.11199999999999999,0.321,0.40700000000000003,0.032,0.207
840,Cass,IN,Age-adjusted prevalence,37666,28939,0.261,0.359,0.07,0.111,0.064,0.083,0.258,0.127,0.341,0.473,0.033,0.21100000000000002
842,Cass,MI,Age-adjusted prevalence,51642,41306,0.261,0.32299999999999995,0.075,0.11800000000000001,0.06,0.076,0.28600000000000003,0.1,0.31,0.361,0.031,0.099
844,Cass,MN,Age-adjusted prevalence,31446,25212,0.209,0.297,0.073,0.106,0.057999999999999996,0.059000000000000004,0.254,0.1,0.289,0.369,0.03,0.11
846,Cass,MO,Age-adjusted prevalence,111732,85880,0.244,0.309,0.075,0.102,0.051,0.062,0.249,0.095,0.32,0.37799999999999995,0.027000000000000003,0.125
848,Cass,ND,Age-adjusted prevalence,196362,152955,0.228,0.293,0.07200000000000001,0.098,0.052000000000000005,0.047,0.23399999999999999,0.085,0.307,0.35100000000000003,0.025,0.09699999999999999
850,Cass,NE,Age-adjusted prevalence,27446,21215,0.21,0.292,0.07400000000000001,0.092,0.05,0.051,0.191,0.086,0.275,0.396,0.025,0.12
852,Cass,TX,Age-adjusted prevalence,28659,22102,0.24600000000000002,0.355,0.067,0.111,0.062,0.078,0.258,0.12,0.324,0.39299999999999996,0.036000000000000004,0.16
854,Cassia,ID,Age-adjusted prevalence,25696,17834,0.233,0.305,0.067,0.106,0.057999999999999996,0.064,0.22399999999999998,0.102,0.294,0.379,0.031,0.134
856,Castro,TX,Age-adjusted prevalence,7227,5107,0.20800000000000002,0.33,0.055,0.091,0.06,0.057999999999999996,0.207,0.13699999999999998,0.331,0.389,0.032,0.16899999999999998
858,Caswell,NC,Age-adjusted prevalence,22807,18569,0.253,0.37200000000000005,0.063,0.113,0.062,0.075,0.249,0.12,0.315,0.391,0.038,0.218
860,Catahoula,LA,Age-adjusted prevalence,8414,6589,0.285,0.42100000000000004,0.064,0.107,0.076,0.099,0.27699999999999997,0.15,0.34700000000000003,0.41600000000000004,0.045,0.268
862,Catawba,NC,Age-adjusted prevalence,164645,129398,0.24,0.327,0.071,0.107,0.057,0.066,0.266,0.10099999999999999,0.324,0.37200000000000005,0.031,0.134
864,Catoosa,GA,Age-adjusted prevalence,68910,54038,0.23399999999999999,0.317,0.075,0.1,0.055,0.063,0.222,0.10300000000000001,0.336,0.33899999999999997,0.028999999999999998,0.096
866,Catron,NM,Age-adjusted prevalence,3825,3386,0.237,0.313,0.068,0.105,0.064,0.069,0.257,0.106,0.297,0.322,0.034,0.203
868,Cattaraugus,NY,Age-adjusted prevalence,75600,59190,0.242,0.32299999999999995,0.075,0.11599999999999999,0.06,0.076,0.22899999999999998,0.096,0.33299999999999996,0.359,0.032,0.122
870,Cavalier,ND,Age-adjusted prevalence,3596,2772,0.22899999999999998,0.3,0.07400000000000001,0.1,0.052000000000000005,0.052000000000000005,0.213,0.08199999999999999,0.31,0.401,0.026000000000000002,0.069
872,Cayuga,NY,Age-adjusted prevalence,74485,60227,0.239,0.31,0.075,0.11199999999999999,0.057,0.069,0.22,0.09300000000000001,0.326,0.35700000000000004,0.03,0.192
874,Cecil,MD,Age-adjusted prevalence,105672,82332,0.252,0.349,0.07400000000000001,0.105,0.054000000000000006,0.066,0.24,0.11,0.341,0.408,0.03,0.14300000000000002
876,Cedar,IA,Age-adjusted prevalence,18302,14479,0.22699999999999998,0.302,0.073,0.10099999999999999,0.052000000000000005,0.059000000000000004,0.221,0.092,0.295,0.405,0.027000000000000003,0.14
878,Cedar,MO,Age-adjusted prevalence,14672,11098,0.27399999999999997,0.348,0.07400000000000001,0.11199999999999999,0.069,0.095,0.273,0.11699999999999999,0.33299999999999996,0.401,0.037000000000000005,0.188
880,Cedar,NE,Age-adjusted prevalence,8262,6180,0.209,0.28300000000000003,0.073,0.091,0.051,0.053,0.174,0.084,0.271,0.405,0.026000000000000002,0.114
882,Centre,PA,Age-adjusted prevalence,157795,134873,,,,,,,,,,,,0.175
884,Cerro Gordo,IA,Age-adjusted prevalence,42406,33545,0.256,0.305,0.073,0.102,0.055,0.062,0.22899999999999998,0.095,0.299,0.405,0.027999999999999997,0.11
886,Chaffee,CO,Age-adjusted prevalence,20617,17609,0.225,0.259,0.076,0.10800000000000001,0.051,0.055,0.22899999999999998,0.078,0.285,0.254,0.027000000000000003,0.14400000000000002
888,Chambers,AL,Age-adjusted prevalence,34079,26970,0.282,0.428,0.064,0.109,0.065,0.08,0.239,0.145,0.348,0.41600000000000004,0.040999999999999995,0.179
890,Chambers,TX,Age-adjusted prevalence,53876,38951,0.218,0.319,0.065,0.099,0.053,0.057,0.233,0.107,0.317,0.34600000000000003,0.028999999999999998,0.121
892,Champaign,IL,Age-adjusted prevalence,205644,166549,0.23399999999999999,0.314,0.069,0.102,0.053,0.06,0.223,0.106,0.325,0.34,0.03,0.124
894,Champaign,OH,Age-adjusted prevalence,38845,30357,0.264,0.327,0.076,0.111,0.057999999999999996,0.07,0.268,0.102,0.313,0.43,0.028999999999999998,0.138
896,Chariton,MO,Age-adjusted prevalence,7399,5676,0.263,0.32799999999999996,0.07400000000000001,0.107,0.061,0.079,0.26,0.10400000000000001,0.322,0.38799999999999996,0.032,0.235
898,Charles,MD,Age-adjusted prevalence,171973,131229,0.231,0.385,0.06,0.107,0.047,0.05,0.179,0.11800000000000001,0.32799999999999996,0.413,0.031,0.076
900,Charles City,VA,Age-adjusted prevalence,6610,5657,0.263,0.377,0.059000000000000004,0.12,0.06,0.069,0.23199999999999998,0.13699999999999998,0.33,0.41600000000000004,0.038,0.17300000000000001
902,Charles Mix,SD,Age-adjusted prevalence,9240,6401,0.245,0.32799999999999996,0.07400000000000001,0.115,0.068,0.076,0.222,0.124,0.293,0.41,0.037000000000000005,0.217
904,Charleston,SC,Age-adjusted prevalence,424367,342698,0.22399999999999998,0.294,0.073,0.08800000000000001,0.047,0.05,0.218,0.1,0.322,0.299,0.027999999999999997,0.096
906,Charlevoix,MI,Age-adjusted prevalence,26159,21621,0.251,0.298,0.079,0.114,0.053,0.063,0.271,0.086,0.302,0.35,0.027000000000000003,0.061
908,Charlotte,FL,Age-adjusted prevalence,206134,181904,0.242,0.31,0.077,0.099,0.055999999999999994,0.062,0.19,0.098,0.332,0.316,0.027999999999999997,0.156
910,Charlotte,VA,Age-adjusted prevalence,11336,8826,0.278,0.374,0.066,0.121,0.069,0.08900000000000001,0.258,0.14,0.34299999999999997,0.425,0.040999999999999995,0.198
912,Charlottesville,VA,Age-adjusted prevalence,44983,37336,0.24600000000000002,0.33,0.07,0.107,0.055,0.057999999999999996,0.239,0.115,0.344,0.35200000000000004,0.03,0.107
914,Charlton,GA,Age-adjusted prevalence,12934,10660,0.254,0.401,0.064,0.1,0.073,0.085,0.20199999999999999,0.154,0.349,0.414,0.042,0.25
916,Chase,KS,Age-adjusted prevalence,2579,2057,0.24600000000000002,0.331,0.07200000000000001,0.102,0.063,0.073,0.217,0.10800000000000001,0.317,0.38799999999999996,0.032,0.171
918,Chase,NE,Age-adjusted prevalence,3724,2808,0.21600000000000003,0.294,0.07200000000000001,0.092,0.055,0.059000000000000004,0.177,0.09699999999999999,0.29,0.373,0.028999999999999998,0.146
920,Chatham,GA,Age-adjusted prevalence,303655,241631,0.233,0.37,0.064,0.10300000000000001,0.054000000000000006,0.057999999999999996,0.192,0.121,0.322,0.33399999999999996,0.033,0.127
922,Chatham,NC,Age-adjusted prevalence,81624,66141,0.231,0.313,0.071,0.10300000000000001,0.051,0.054000000000000006,0.24,0.094,0.311,0.302,0.027999999999999997,0.11
924,Chattahoochee,GA,Age-adjusted prevalence,8661,6690,0.248,0.386,0.061,0.09699999999999999,0.063,0.069,0.196,0.142,0.345,0.406,0.038,0.213
926,Chattooga,GA,Age-adjusted prevalence,25222,19718,0.268,0.375,0.07,0.10800000000000001,0.07200000000000001,0.096,0.24,0.135,0.34600000000000003,0.35100000000000003,0.040999999999999995,0.23199999999999998
928,Chautauqua,KS,Age-adjusted prevalence,3347,2613,0.254,0.34299999999999997,0.07,0.109,0.068,0.083,0.23199999999999998,0.113,0.315,0.409,0.035,0.139
930,Chautauqua,NY,Age-adjusted prevalence,124891,99281,0.247,0.316,0.075,0.113,0.059000000000000004,0.071,0.218,0.1,0.324,0.36700000000000005,0.031,0.13699999999999998
932,Chaves,NM,Age-adjusted prevalence,63561,47930,0.23800000000000002,0.34299999999999997,0.057999999999999996,0.099,0.065,0.065,0.242,0.129,0.31,0.40299999999999997,0.035,0.139
934,Cheatham,TN,Age-adjusted prevalence,42254,33283,0.27,0.342,0.07400000000000001,0.107,0.055999999999999994,0.071,0.294,0.105,0.32899999999999996,0.387,0.028999999999999998,0.11900000000000001
936,Cheboygan,MI,Age-adjusted prevalence,26048,22070,0.266,0.327,0.078,0.11900000000000001,0.062,0.08,0.293,0.102,0.307,0.41,0.032,0.079
938,Chelan,WA,Age-adjusted prevalence,79997,62106,0.222,0.273,0.07,0.106,0.051,0.051,0.256,0.087,0.297,0.294,0.027999999999999997,0.17300000000000001
940,Chemung,NY,Age-adjusted prevalence,81325,64334,0.237,0.316,0.07400000000000001,0.113,0.055999999999999994,0.068,0.225,0.09300000000000001,0.321,0.308,0.03,0.139
942,Chenango,NY,Age-adjusted prevalence,45920,36448,0.247,0.302,0.076,0.113,0.057999999999999996,0.071,0.22699999999999998,0.09300000000000001,0.315,0.361,0.031,0.20199999999999999
944,Cherokee,AL,Age-adjusted prevalence,25666,20877,0.276,0.375,0.075,0.10300000000000001,0.066,0.08199999999999999,0.271,0.11800000000000001,0.368,0.39299999999999996,0.035,0.18100000000000002
946,Cherokee,GA,Age-adjusted prevalence,286602,222757,0.218,0.308,0.073,0.095,0.049,0.049,0.207,0.095,0.331,0.331,0.026000000000000002,0.094
948,Cherokee,IA,Age-adjusted prevalence,11605,8953,0.235,0.321,0.073,0.102,0.057999999999999996,0.068,0.221,0.102,0.319,0.41,0.03,0.158
950,Cherokee,KS,Age-adjusted prevalence,19054,14716,0.257,0.32799999999999996,0.071,0.11,0.064,0.079,0.23800000000000002,0.106,0.32,0.43700000000000006,0.033,0.14300000000000002
952,Cherokee,NC,Age-adjusted prevalence,29959,25195,0.255,0.33299999999999996,0.075,0.11,0.062,0.075,0.285,0.10099999999999999,0.325,0.348,0.032,0.139
954,Cherokee,OK,Age-adjusted prevalence,48185,37972,0.268,0.38799999999999996,0.069,0.128,0.07,0.081,0.259,0.131,0.331,0.444,0.038,0.20800000000000002
956,Cherokee,SC,Age-adjusted prevalence,56714,43778,0.266,0.359,0.071,0.10300000000000001,0.064,0.08199999999999999,0.249,0.129,0.33799999999999997,0.38799999999999996,0.037000000000000005,0.188
958,Cherokee,TX,Age-adjusted prevalence,52217,39032,0.237,0.348,0.064,0.105,0.063,0.076,0.243,0.126,0.32299999999999995,0.359,0.036000000000000004,0.205
960,Cherry,NE,Age-adjusted prevalence,5492,4162,0.225,0.305,0.073,0.09699999999999999,0.057999999999999996,0.063,0.185,0.10099999999999999,0.285,0.409,0.03,0.125
962,Chesapeake,VA,Age-adjusted prevalence,253886,192778,0.24,0.342,0.064,0.11,0.051,0.053,0.21899999999999997,0.11599999999999999,0.317,0.396,0.03,0.155
964,Cheshire,NH,Age-adjusted prevalence,77703,63936,0.242,0.27899999999999997,0.08,0.107,0.049,0.057,0.25,0.075,0.273,0.302,0.026000000000000002,0.107
966,Chester,PA,Age-adjusted prevalence,549784,430192,,,,,,,,,,,,0.087
968,Chester,SC,Age-adjusted prevalence,32226,25136,0.261,0.38299999999999995,0.066,0.10800000000000001,0.065,0.08199999999999999,0.24100000000000002,0.13699999999999998,0.34,0.377,0.040999999999999995,0.19699999999999998
970,Chester,TN,Age-adjusted prevalence,17606,13796,0.28800000000000003,0.375,0.07200000000000001,0.115,0.065,0.08900000000000001,0.314,0.125,0.349,0.4,0.035,0.18600000000000003
972,Chesterfield,SC,Age-adjusted prevalence,44031,34239,0.26899999999999996,0.392,0.065,0.105,0.066,0.085,0.242,0.14800000000000002,0.341,0.45,0.042,0.228
974,Chesterfield,VA,Age-adjusted prevalence,383876,293524,0.24100000000000002,0.33399999999999996,0.066,0.106,0.049,0.049,0.218,0.10800000000000001,0.348,0.361,0.027000000000000003,0.099
976,Cheyenne,CO,Age-adjusted prevalence,1727,1301,0.23199999999999998,0.27399999999999997,0.07400000000000001,0.115,0.054000000000000006,0.062,0.244,0.087,0.294,0.287,0.028999999999999998,0.136
978,Cheyenne,KS,Age-adjusted prevalence,2636,2027,0.247,0.32899999999999996,0.07,0.10400000000000001,0.064,0.077,0.22899999999999998,0.111,0.316,0.385,0.033,0.149
980,Cheyenne,NE,Age-adjusted prevalence,9541,7351,0.21899999999999997,0.308,0.07200000000000001,0.095,0.057,0.063,0.184,0.099,0.28300000000000003,0.348,0.03,0.11599999999999999
982,Chickasaw,IA,Age-adjusted prevalence,11658,8978,0.23399999999999999,0.312,0.07400000000000001,0.099,0.055,0.062,0.20600000000000002,0.095,0.292,0.396,0.027999999999999997,0.133
984,Chickasaw,MS,Age-adjusted prevalence,16866,12706,0.281,0.435,0.061,0.105,0.07,0.09,0.19899999999999998,0.157,0.35600000000000004,0.43799999999999994,0.046,0.249
986,Chicot,AR,Age-adjusted prevalence,9538,7511,0.27,0.461,0.057,0.111,0.07400000000000001,0.091,0.22699999999999998,0.161,0.34,0.474,0.048,0.32899999999999996
988,Childress,TX,Age-adjusted prevalence,6788,5492,0.226,0.34,0.063,0.096,0.059000000000000004,0.067,0.222,0.12,0.326,0.373,0.033,0.228
990,Chilton,AL,Age-adjusted prevalence,46431,35269,0.273,0.39,0.07200000000000001,0.1,0.063,0.076,0.253,0.12,0.377,0.39799999999999996,0.034,0.23199999999999998
992,Chippewa,MI,Age-adjusted prevalence,36264,29773,0.26899999999999996,0.35600000000000004,0.07400000000000001,0.122,0.065,0.08,0.27399999999999997,0.11199999999999999,0.312,0.364,0.035,0.168
994,Chippewa,MN,Age-adjusted prevalence,12172,9114,0.215,0.28600000000000003,0.07200000000000001,0.102,0.057999999999999996,0.06,0.256,0.10099999999999999,0.287,0.408,0.031,0.11699999999999999
996,Chippewa,WI,Age-adjusted prevalence,66970,52829,0.23199999999999998,0.295,0.07200000000000001,0.11199999999999999,0.055999999999999994,0.059000000000000004,0.253,0.094,0.293,0.414,0.028999999999999998,0.14800000000000002
998,Chisago,MN,Age-adjusted prevalence,58535,45564,0.213,0.281,0.073,0.1,0.05,0.048,0.25,0.086,0.297,0.359,0.026000000000000002,0.115
1000,Chittenden,VT,Age-adjusted prevalence,169481,140894,0.21100000000000002,0.243,0.079,0.109,0.044000000000000004,0.046,0.272,0.062,0.259,0.23600000000000002,0.024,0.068
1002,Choctaw,AL,Age-adjusted prevalence,12252,9839,0.298,0.442,0.063,0.111,0.068,0.085,0.253,0.15,0.364,0.445,0.043,0.221
1004,Choctaw,MS,Age-adjusted prevalence,8088,6352,0.265,0.402,0.067,0.099,0.062,0.076,0.20800000000000002,0.129,0.342,0.405,0.038,0.203
1006,Choctaw,OK,Age-adjusted prevalence,14276,10723,0.278,0.39799999999999996,0.067,0.128,0.07400000000000001,0.09300000000000001,0.268,0.138,0.337,0.455,0.040999999999999995,0.248
1008,Chouteau,MT,Age-adjusted prevalence,5847,4657,0.247,0.308,0.071,0.121,0.055999999999999994,0.067,0.255,0.095,0.282,0.358,0.032,0.135
1010,Chowan,NC,Age-adjusted prevalence,13891,11123,0.257,0.38299999999999995,0.065,0.11699999999999999,0.064,0.079,0.255,0.125,0.322,0.406,0.039,0.146
1012,Christian,IL,Age-adjusted prevalence,33228,26982,0.244,0.325,0.073,0.10400000000000001,0.057,0.07200000000000001,0.23399999999999999,0.10099999999999999,0.318,0.381,0.031,0.16399999999999998
1014,Christian,KY,Age-adjusted prevalence,72032,51521,,,,,,,,,,,,0.21600000000000003
1016,Christian,MO,Age-adjusted prevalence,94422,70802,0.254,0.311,0.076,0.10400000000000001,0.052000000000000005,0.063,0.255,0.091,0.314,0.359,0.027000000000000003,0.154
1018,Chugach,AK,Age-adjusted prevalence,6769,5268,0.21,0.297,0.068,0.1,0.053,0.054000000000000006,0.19,0.08,0.298,0.307,0.027999999999999997,0.098
1020,Churchill,NV,Age-adjusted prevalence,25803,19917,0.252,0.311,0.07200000000000001,0.113,0.057999999999999996,0.069,0.228,0.098,0.33899999999999997,0.379,0.031,0.158
1022,Cibola,NM,Age-adjusted prevalence,26780,20607,0.24100000000000002,0.335,0.057,0.11599999999999999,0.07,0.073,0.24,0.146,0.29100000000000004,0.392,0.040999999999999995,0.20800000000000002
1024,Cimarron,OK,Age-adjusted prevalence,2191,1605,0.231,0.33,0.069,0.10400000000000001,0.055999999999999994,0.059000000000000004,0.23600000000000002,0.10099999999999999,0.33399999999999996,0.384,0.027999999999999997,0.12
1026,Citrus,FL,Age-adjusted prevalence,166696,142235,0.24,0.3,0.076,0.10099999999999999,0.062,0.07400000000000001,0.212,0.102,0.33899999999999997,0.32899999999999996,0.032,0.16399999999999998
1028,Clackamas,OR,Age-adjusted prevalence,423173,336240,0.22699999999999998,0.273,0.076,0.11699999999999999,0.047,0.05,0.287,0.086,0.278,0.337,0.025,0.083
1030,Claiborne,LA,Age-adjusted prevalence,13670,11034,0.304,0.486,0.059000000000000004,0.111,0.087,0.11599999999999999,0.262,0.188,0.35100000000000003,0.489,0.055999999999999994,0.28600000000000003
1032,Claiborne,MS,Age-adjusted prevalence,8617,6742,0.293,0.514,0.05,0.115,0.075,0.092,0.17800000000000002,0.196,0.341,0.505,0.057,0.326
1034,Claiborne,TN,Age-adjusted prevalence,32654,26424,0.297,0.377,0.075,0.114,0.067,0.095,0.322,0.12300000000000001,0.354,0.423,0.035,0.158
1036,Clallam,WA,Age-adjusted prevalence,77616,65282,0.252,0.28600000000000003,0.075,0.11800000000000001,0.051,0.054000000000000006,0.272,0.08199999999999999,0.31,0.313,0.028999999999999998,0.122
1038,Clare,MI,Age-adjusted prevalence,31316,25226,0.282,0.354,0.076,0.12300000000000001,0.069,0.095,0.304,0.111,0.322,0.401,0.036000000000000004,0.21899999999999997
1040,Clarendon,SC,Age-adjusted prevalence,31004,25502,0.267,0.40700000000000003,0.063,0.10800000000000001,0.065,0.08199999999999999,0.235,0.15,0.318,0.384,0.043,0.21899999999999997
1042,Clarion,PA,Age-adjusted prevalence,36970,29971,,,,,,,,,,,,0.166
1044,Clark,AR,Age-adjusted prevalence,21274,16965,0.27,0.41600000000000004,0.068,0.109,0.068,0.08,0.26,0.129,0.336,0.43200000000000005,0.038,0.21600000000000003
1046,Clark,ID,Age-adjusted prevalence,801,612,0.23399999999999999,0.31,0.063,0.106,0.063,0.068,0.217,0.115,0.294,0.36700000000000005,0.034,0.2
1048,Clark,IL,Age-adjusted prevalence,15088,11771,0.24,0.31,0.07400000000000001,0.105,0.055,0.067,0.23800000000000002,0.094,0.314,0.371,0.028999999999999998,0.121
1050,Clark,IN,Age-adjusted prevalence,125467,98156,0.262,0.364,0.07200000000000001,0.114,0.057,0.071,0.265,0.109,0.325,0.435,0.03,0.19699999999999998
1052,Clark,KS,Age-adjusted prevalence,1847,1425,0.23199999999999998,0.311,0.071,0.1,0.054000000000000006,0.06,0.21100000000000002,0.095,0.311,0.37200000000000005,0.027999999999999997,0.16899999999999998
1054,Clark,KY,Age-adjusted prevalence,37304,28972,,,,,,,,,,,,0.205
1056,Clark,MO,Age-adjusted prevalence,6641,5096,0.275,0.34600000000000003,0.075,0.11,0.068,0.09300000000000001,0.272,0.113,0.32899999999999996,0.414,0.036000000000000004,0.21899999999999997
1058,Clark,NV,Age-adjusted prevalence,2336573,1824661,0.21600000000000003,0.32,0.061,0.10099999999999999,0.055,0.063,0.20600000000000002,0.111,0.33899999999999997,0.312,0.031,0.113
1060,Clark,OH,Age-adjusted prevalence,134610,104368,0.273,0.361,0.07400000000000001,0.115,0.064,0.081,0.281,0.122,0.337,0.424,0.033,0.19699999999999998
1062,Clark,SD,Age-adjusted prevalence,3948,2819,0.22,0.29100000000000004,0.075,0.1,0.057999999999999996,0.063,0.21600000000000003,0.099,0.292,0.34299999999999997,0.03,0.141
1064,Clark,WA,Age-adjusted prevalence,521150,405348,0.226,0.282,0.073,0.11599999999999999,0.048,0.049,0.275,0.084,0.293,0.35,0.026000000000000002,0.11599999999999999
1066,Clark,WI,Age-adjusted prevalence,34774,24557,0.239,0.289,0.069,0.115,0.064,0.075,0.237,0.102,0.3,0.381,0.033,0.128
1068,Clarke,AL,Age-adjusted prevalence,22337,17444,0.28600000000000003,0.435,0.062,0.11,0.065,0.079,0.239,0.149,0.35,0.442,0.040999999999999995,0.198
1070,Clarke,GA,Age-adjusted prevalence,129933,108382,0.24100000000000002,0.365,0.065,0.105,0.06,0.067,0.21,0.133,0.33399999999999996,0.337,0.036000000000000004,0.162
1072,Clarke,IA,Age-adjusted prevalence,9588,7120,0.244,0.32799999999999996,0.069,0.102,0.064,0.077,0.21600000000000003,0.11599999999999999,0.312,0.43200000000000005,0.034,0.195
1074,Clarke,MS,Age-adjusted prevalence,15228,11869,0.28,0.42700000000000005,0.065,0.10300000000000001,0.067,0.085,0.21600000000000003,0.14,0.33899999999999997,0.389,0.042,0.237
1076,Clarke,VA,Age-adjusted prevalence,15466,12491,0.23,0.295,0.07400000000000001,0.102,0.049,0.052000000000000005,0.251,0.091,0.335,0.326,0.025,0.073
1078,Clatsop,OR,Age-adjusted prevalence,41102,33906,0.253,0.298,0.076,0.12300000000000001,0.055999999999999994,0.064,0.28300000000000003,0.095,0.292,0.348,0.028999999999999998,0.087
1080,Clay,AL,Age-adjusted prevalence,14111,11157,0.28300000000000003,0.406,0.071,0.106,0.068,0.085,0.26,0.129,0.366,0.424,0.037000000000000005,0.22399999999999998
1082,Clay,AR,Age-adjusted prevalence,14201,11154,0.263,0.368,0.073,0.105,0.069,0.087,0.285,0.111,0.337,0.402,0.035,0.20199999999999999
1084,Clay,FL,Age-adjusted prevalence,232439,179750,0.22399999999999998,0.32899999999999996,0.075,0.1,0.055,0.06,0.196,0.10300000000000001,0.33299999999999996,0.345,0.028999999999999998,0.083
1086,Clay,GA,Age-adjusted prevalence,2853,2290,0.259,0.43200000000000005,0.057999999999999996,0.11599999999999999,0.067,0.081,0.19899999999999998,0.161,0.33799999999999997,0.423,0.046,0.289
1088,Clay,IA,Age-adjusted prevalence,16511,12791,0.23199999999999998,0.305,0.07400000000000001,0.10099999999999999,0.054000000000000006,0.062,0.213,0.095,0.292,0.355,0.027999999999999997,0.098
1090,Clay,IL,Age-adjusted prevalence,12999,10006,0.253,0.33299999999999996,0.073,0.11,0.063,0.083,0.251,0.109,0.324,0.415,0.034,0.168
1092,Clay,IN,Age-adjusted prevalence,26460,20399,0.273,0.36,0.07400000000000001,0.115,0.061,0.08,0.278,0.115,0.348,0.429,0.031,0.252
1094,Clay,KS,Age-adjusted prevalence,8007,6150,0.245,0.32299999999999995,0.073,0.10300000000000001,0.057999999999999996,0.068,0.233,0.09699999999999999,0.308,0.39799999999999996,0.03,0.111
1096,Clay,KY,Age-adjusted prevalence,19648,15540,,,,,,,,,,,,0.34600000000000003
1098,Clay,MN,Age-adjusted prevalence,66258,50084,0.2,0.301,0.073,0.10400000000000001,0.053,0.051,0.259,0.09300000000000001,0.307,0.341,0.027999999999999997,0.113
1100,Clay,MO,Age-adjusted prevalence,259772,199234,0.248,0.325,0.073,0.10300000000000001,0.052000000000000005,0.057999999999999996,0.23800000000000002,0.09699999999999999,0.32799999999999996,0.371,0.027000000000000003,0.10099999999999999
1102,Clay,MS,Age-adjusted prevalence,18206,14127,0.28,0.45799999999999996,0.057999999999999996,0.107,0.069,0.087,0.18899999999999997,0.16,0.341,0.479,0.047,0.247
1104,Clay,NC,Age-adjusted prevalence,11864,10069,0.244,0.321,0.075,0.109,0.057999999999999996,0.068,0.27899999999999997,0.09300000000000001,0.315,0.355,0.03,0.17600000000000002
1106,Clay,NE,Age-adjusted prevalence,6116,4559,0.217,0.29600000000000004,0.07200000000000001,0.09300000000000001,0.054000000000000006,0.057,0.179,0.09300000000000001,0.29100000000000004,0.401,0.027999999999999997,0.109
1108,Clay,SD,Age-adjusted prevalence,15431,12763,0.22899999999999998,0.3,0.078,0.10300000000000001,0.059000000000000004,0.062,0.231,0.10300000000000001,0.298,0.39799999999999996,0.031,0.161
1110,Clay,TN,Age-adjusted prevalence,7714,6190,0.303,0.38299999999999995,0.07400000000000001,0.115,0.073,0.105,0.32799999999999996,0.13,0.349,0.39899999999999997,0.038,0.166
1112,Clay,TX,Age-adjusted prevalence,10738,8542,0.22899999999999998,0.315,0.071,0.10300000000000001,0.055,0.063,0.254,0.098,0.32299999999999995,0.348,0.028999999999999998,0.115
1114,Clay,WV,Age-adjusted prevalence,7783,6050,0.33899999999999997,0.40399999999999997,0.07400000000000001,0.128,0.077,0.111,0.33799999999999997,0.142,0.368,0.41600000000000004,0.039,0.278
1116,Clayton,GA,Age-adjusted prevalence,298300,219599,0.23600000000000002,0.41700000000000004,0.048,0.113,0.06,0.065,0.168,0.161,0.322,0.44799999999999995,0.044000000000000004,0.24
1118,Clayton,IA,Age-adjusted prevalence,16969,13315,0.23800000000000002,0.326,0.073,0.10300000000000001,0.06,0.07200000000000001,0.214,0.10099999999999999,0.306,0.41200000000000003,0.032,0.162
1120,Clear Creek,CO,Age-adjusted prevalence,9147,7938,0.20600000000000002,0.242,0.077,0.107,0.045,0.044000000000000004,0.22699999999999998,0.068,0.27699999999999997,0.23199999999999998,0.023,0.055999999999999994
1122,Clearfield,PA,Age-adjusted prevalence,77090,62920,,,,,,,,,,,,0.157
1124,Clearwater,ID,Age-adjusted prevalence,9214,7803,0.251,0.29100000000000004,0.07200000000000001,0.107,0.057999999999999996,0.067,0.22899999999999998,0.092,0.284,0.318,0.031,0.20800000000000002
1126,Clearwater,MN,Age-adjusted prevalence,8644,6482,0.214,0.28800000000000003,0.07200000000000001,0.107,0.06,0.064,0.265,0.1,0.27899999999999997,0.34700000000000003,0.032,0.09300000000000001
1128,Cleburne,AL,Age-adjusted prevalence,15639,12016,0.273,0.37,0.075,0.10099999999999999,0.065,0.081,0.26899999999999996,0.11699999999999999,0.36200000000000004,0.371,0.034,0.21899999999999997
1130,Cleburne,AR,Age-adjusted prevalence,25445,20693,0.262,0.355,0.073,0.10400000000000001,0.067,0.08199999999999999,0.273,0.107,0.32899999999999996,0.38,0.034,0.2
1132,Clermont,OH,Age-adjusted prevalence,211972,165743,0.255,0.317,0.077,0.107,0.055999999999999994,0.064,0.267,0.10400000000000001,0.314,0.344,0.027999999999999997,0.12
1134,Cleveland,AR,Age-adjusted prevalence,7378,5798,0.266,0.39399999999999996,0.07,0.106,0.067,0.08199999999999999,0.263,0.11599999999999999,0.331,0.42200000000000004,0.036000000000000004,0.23
1136,Cleveland,NC,Age-adjusted prevalence,101378,78793,0.258,0.363,0.069,0.11599999999999999,0.062,0.076,0.26899999999999996,0.11199999999999999,0.32299999999999995,0.386,0.036000000000000004,0.142
1138,Cleveland,OK,Age-adjusted prevalence,301193,240814,0.242,0.34299999999999997,0.07200000000000001,0.11,0.057,0.062,0.255,0.107,0.349,0.376,0.028999999999999998,0.10099999999999999
1140,Clinch,GA,Age-adjusted prevalence,6746,5045,0.264,0.397,0.066,0.11199999999999999,0.073,0.095,0.226,0.14800000000000002,0.342,0.41700000000000004,0.044000000000000004,0.275
1142,Clinton,IA,Age-adjusted prevalence,46158,35649,0.251,0.324,0.073,0.10400000000000001,0.057999999999999996,0.069,0.217,0.1,0.31,0.39299999999999996,0.03,0.076
1144,Clinton,IL,Age-adjusted prevalence,36785,28932,0.231,0.308,0.07400000000000001,0.10400000000000001,0.052000000000000005,0.062,0.226,0.09300000000000001,0.313,0.4,0.027999999999999997,0.124
1146,Clinton,IN,Age-adjusted prevalence,32730,24122,0.261,0.34600000000000003,0.071,0.11,0.06,0.077,0.253,0.11699999999999999,0.35100000000000003,0.40399999999999997,0.031,0.17600000000000002
1148,Clinton,KY,Age-adjusted prevalence,9148,7178,,,,,,,,,,,,0.245
1150,Clinton,MI,Age-adjusted prevalence,79720,62943,0.252,0.293,0.078,0.113,0.052000000000000005,0.061,0.281,0.086,0.312,0.35,0.026000000000000002,0.094
1152,Clinton,MO,Age-adjusted prevalence,21548,16643,0.253,0.32799999999999996,0.07400000000000001,0.105,0.057999999999999996,0.071,0.262,0.096,0.32299999999999995,0.391,0.03,0.179
1154,Clinton,NY,Age-adjusted prevalence,78115,63935,0.24,0.305,0.076,0.11699999999999999,0.057,0.067,0.235,0.091,0.31,0.33799999999999997,0.03,0.141
1156,Clinton,OH,Age-adjusted prevalence,41938,32506,0.275,0.335,0.076,0.113,0.063,0.079,0.27399999999999997,0.11199999999999999,0.32,0.39899999999999997,0.032,0.159
1158,Clinton,PA,Age-adjusted prevalence,37607,30135,,,,,,,,,,,,0.205
1160,Cloud,KS,Age-adjusted prevalence,8854,6762,0.245,0.33299999999999996,0.073,0.10300000000000001,0.057999999999999996,0.069,0.231,0.1,0.309,0.42100000000000004,0.03,0.16399999999999998
1162,Coahoma,MS,Age-adjusted prevalence,20077,14632,0.3,0.507,0.052000000000000005,0.115,0.077,0.098,0.184,0.195,0.35600000000000004,0.47100000000000003,0.057,0.273
1164,Coal,OK,Age-adjusted prevalence,5266,4013,0.29,0.395,0.07,0.131,0.079,0.102,0.29,0.139,0.349,0.429,0.043,0.256
1166,Cobb,GA,Age-adjusted prevalence,776743,603821,0.20199999999999999,0.307,0.066,0.094,0.047,0.045,0.183,0.10099999999999999,0.327,0.29600000000000004,0.027000000000000003,0.133
1168,Cochise,AZ,Age-adjusted prevalence,124640,99219,0.24100000000000002,0.319,0.069,0.105,0.057999999999999996,0.064,0.212,0.106,0.332,0.318,0.032,0.121
1170,Cochran,TX,Age-adjusted prevalence,2509,1832,0.24100000000000002,0.373,0.055,0.102,0.078,0.08800000000000001,0.233,0.171,0.342,0.428,0.044000000000000004,0.294
1172,Cocke,TN,Age-adjusted prevalence,37404,29763,0.302,0.382,0.073,0.11599999999999999,0.073,0.107,0.32899999999999996,0.132,0.35700000000000004,0.39799999999999996,0.039,0.278
1174,Coconino,AZ,Age-adjusted prevalence,144472,116865,0.22899999999999998,0.284,0.07200000000000001,0.11699999999999999,0.055,0.064,0.222,0.098,0.307,0.253,0.033,0.10300000000000001
1176,Codington,SD,Age-adjusted prevalence,28971,22438,0.22899999999999998,0.28600000000000003,0.079,0.10400000000000001,0.057,0.061,0.225,0.1,0.28600000000000003,0.36200000000000004,0.03,0.107
1178,Coffee,AL,Age-adjusted prevalence,55643,42235,0.271,0.395,0.07,0.102,0.063,0.075,0.25,0.127,0.35100000000000003,0.408,0.035,0.16699999999999998
1180,Coffee,GA,Age-adjusted prevalence,43317,32601,0.265,0.39899999999999997,0.064,0.10800000000000001,0.07200000000000001,0.091,0.218,0.15,0.348,0.39399999999999996,0.043,0.24
1182,Coffee,TN,Age-adjusted prevalence,60633,46066,0.28300000000000003,0.37200000000000005,0.073,0.11199999999999999,0.064,0.085,0.308,0.11699999999999999,0.35100000000000003,0.39399999999999996,0.033,0.17
1184,Coffey,KS,Age-adjusted prevalence,8251,6507,0.244,0.315,0.073,0.10400000000000001,0.057,0.067,0.22399999999999998,0.09699999999999999,0.309,0.369,0.028999999999999998,0.156
1186,Coke,TX,Age-adjusted prevalence,3352,2630,0.23399999999999999,0.33299999999999996,0.067,0.10300000000000001,0.062,0.07200000000000001,0.251,0.11800000000000001,0.32899999999999996,0.37,0.033,0.196
1188,Colbert,AL,Age-adjusted prevalence,58361,45890,0.275,0.386,0.071,0.10400000000000001,0.061,0.07400000000000001,0.258,0.121,0.359,0.374,0.034,0.131
1190,Cole,MO,Age-adjusted prevalence,77278,60406,0.245,0.332,0.07400000000000001,0.10300000000000001,0.052000000000000005,0.061,0.239,0.094,0.318,0.36700000000000005,0.027999999999999997,0.092
1192,Coleman,TX,Age-adjusted prevalence,7842,6188,0.23399999999999999,0.331,0.068,0.10300000000000001,0.06,0.07,0.252,0.113,0.327,0.37200000000000005,0.032,0.179
1194,Coles,IL,Age-adjusted prevalence,46060,37579,0.254,0.322,0.07400000000000001,0.109,0.059000000000000004,0.075,0.24600000000000002,0.10400000000000001,0.313,0.39399999999999996,0.032,0.156
1196,Colfax,NE,Age-adjusted prevalence,10566,7357,0.196,0.29600000000000004,0.061,0.084,0.057999999999999996,0.057999999999999996,0.14300000000000002,0.11900000000000001,0.294,0.39,0.031,0.193
1198,Colfax,NM,Age-adjusted prevalence,12255,10226,0.221,0.304,0.061,0.095,0.06,0.057999999999999996,0.228,0.114,0.292,0.321,0.032,0.10400000000000001
1200,Colleton,SC,Age-adjusted prevalence,38874,29998,0.268,0.38,0.065,0.109,0.063,0.08199999999999999,0.239,0.138,0.312,0.391,0.040999999999999995,0.252
1202,Collier,FL,Age-adjusted prevalence,404310,339282,0.205,0.281,0.075,0.08800000000000001,0.053,0.053,0.16899999999999998,0.095,0.318,0.28,0.027000000000000003,0.135
1204,Collin,TX,Age-adjusted prevalence,1195359,903972,0.185,0.297,0.063,0.08800000000000001,0.043,0.04,0.2,0.091,0.331,0.316,0.023,0.065
1206,Collingsworth,TX,Age-adjusted prevalence,2563,1897,0.233,0.345,0.064,0.105,0.065,0.076,0.242,0.127,0.32899999999999996,0.391,0.036000000000000004,0.221
1208,Colonial Heights,VA,Age-adjusted prevalence,18393,13796,0.242,0.325,0.069,0.109,0.051,0.057,0.237,0.105,0.33399999999999996,0.377,0.027999999999999997,0.125
1210,Colorado,TX,Age-adjusted prevalence,21117,16091,0.21899999999999997,0.33,0.063,0.099,0.055,0.061,0.22399999999999998,0.11599999999999999,0.321,0.36700000000000005,0.031,0.17800000000000002
1212,Colquitt,GA,Age-adjusted prevalence,46167,34375,0.261,0.39799999999999996,0.064,0.107,0.069,0.085,0.221,0.14800000000000002,0.348,0.358,0.040999999999999995,0.243
1214,Columbia,AR,Age-adjusted prevalence,22150,17425,0.26899999999999996,0.418,0.064,0.111,0.068,0.08199999999999999,0.242,0.135,0.32299999999999995,0.39899999999999997,0.04,0.23600000000000002
1216,Columbia,FL,Age-adjusted prevalence,73063,57020,0.258,0.363,0.07200000000000001,0.10400000000000001,0.069,0.084,0.21,0.124,0.342,0.397,0.037000000000000005,0.228
1218,Columbia,GA,Age-adjusted prevalence,165162,124488,0.22,0.341,0.069,0.096,0.048,0.05,0.198,0.107,0.336,0.32799999999999996,0.027000000000000003,0.146
1220,Columbia,NY,Age-adjusted prevalence,60470,51121,0.228,0.28600000000000003,0.075,0.107,0.052000000000000005,0.057,0.21100000000000002,0.085,0.332,0.307,0.027000000000000003,0.13
1222,Columbia,OR,Age-adjusted prevalence,53880,43031,0.257,0.294,0.076,0.12300000000000001,0.055999999999999994,0.064,0.28600000000000003,0.096,0.282,0.331,0.028999999999999998,0.114
1224,Columbia,PA,Age-adjusted prevalence,65439,54026,,,,,,,,,,,,0.165
1226,Columbia,WA,Age-adjusted prevalence,4053,3325,0.235,0.278,0.07400000000000001,0.11699999999999999,0.052000000000000005,0.055,0.27899999999999997,0.087,0.3,0.327,0.027999999999999997,0.11900000000000001
1228,Columbia,WI,Age-adjusted prevalence,58091,46376,0.225,0.276,0.073,0.109,0.053,0.055999999999999994,0.245,0.09,0.281,0.332,0.027000000000000003,0.092
1230,Columbiana,OH,Age-adjusted prevalence,100182,80055,0.272,0.354,0.075,0.113,0.065,0.08199999999999999,0.267,0.11800000000000001,0.311,0.41,0.033,0.158
1232,Columbus,NC,Age-adjusted prevalence,50121,39774,0.265,0.392,0.065,0.11900000000000001,0.066,0.083,0.255,0.128,0.322,0.41200000000000003,0.04,0.249
1234,Colusa,CA,Age-adjusted prevalence,22037,16122,0.203,0.29600000000000004,0.057,0.098,0.059000000000000004,0.057,0.21899999999999997,0.122,0.31,0.353,0.033,0.13699999999999998
1236,Comal,TX,Age-adjusted prevalence,193928,151068,0.20199999999999999,0.297,0.067,0.094,0.047,0.046,0.21100000000000002,0.092,0.284,0.345,0.024,0.138
1238,Comanche,KS,Age-adjusted prevalence,1655,1267,0.243,0.317,0.073,0.10300000000000001,0.057,0.065,0.228,0.09699999999999999,0.319,0.39799999999999996,0.028999999999999998,0.129
1240,Comanche,OK,Age-adjusted prevalence,121574,92715,0.268,0.377,0.066,0.113,0.064,0.07400000000000001,0.25,0.127,0.335,0.43700000000000006,0.035,0.21600000000000003
1242,Comanche,TX,Age-adjusted prevalence,14050,10881,0.225,0.326,0.066,0.1,0.059000000000000004,0.066,0.239,0.114,0.324,0.371,0.031,0.14800000000000002
1244,Concho,TX,Age-adjusted prevalence,3297,2894,0.21600000000000003,0.35200000000000004,0.06,0.091,0.063,0.067,0.203,0.127,0.32799999999999996,0.377,0.034,0.177
1246,Concordia,LA,Age-adjusted prevalence,17688,13579,0.3,0.456,0.063,0.11199999999999999,0.08,0.105,0.284,0.168,0.35600000000000004,0.45899999999999996,0.049,0.22899999999999998
1248,Conecuh,AL,Age-adjusted prevalence,11174,8894,0.3,0.465,0.062,0.113,0.076,0.09699999999999999,0.24100000000000002,0.168,0.36,0.46799999999999997,0.048,0.255
1250,Conejos,CO,Age-adjusted prevalence,7521,5620,0.218,0.27699999999999997,0.06,0.106,0.057,0.055999999999999994,0.217,0.11,0.294,0.305,0.031,0.121
1252,Contra Costa,CA,Age-adjusted prevalence,1155025,904586,0.18600000000000003,0.275,0.057999999999999996,0.094,0.045,0.04,0.19699999999999998,0.096,0.314,0.278,0.026000000000000002,0.084
1254,Converse,WY,Age-adjusted prevalence,13809,10503,0.223,0.294,0.073,0.10400000000000001,0.055999999999999994,0.065,0.22,0.09300000000000001,0.28800000000000003,0.369,0.03,0.174
1256,Conway,AR,Age-adjusted prevalence,21077,16337,0.27,0.405,0.07,0.107,0.071,0.08800000000000001,0.263,0.124,0.34299999999999997,0.41100000000000003,0.038,0.174
1258,Cook,GA,Age-adjusted prevalence,17714,13235,0.256,0.39,0.066,0.11,0.07,0.08900000000000001,0.22899999999999998,0.14400000000000002,0.34299999999999997,0.376,0.042,0.191
1260,Cook,IL,Age-adjusted prevalence,5087072,4031580,0.198,0.289,0.057,0.098,0.047,0.052000000000000005,0.19,0.107,0.31,0.31,0.028999999999999998,0.08800000000000001
1262,Cook,MN,Age-adjusted prevalence,5639,4830,0.195,0.275,0.07400000000000001,0.10099999999999999,0.05,0.046,0.249,0.08800000000000001,0.282,0.35200000000000004,0.026000000000000002,0.085
1264,Cooke,TX,Age-adjusted prevalence,43782,33539,0.228,0.325,0.068,0.102,0.057,0.065,0.24600000000000002,0.10800000000000001,0.321,0.36200000000000004,0.031,0.14800000000000002
1266,Cooper,MO,Age-adjusted prevalence,16947,13165,0.253,0.327,0.07400000000000001,0.105,0.057,0.07200000000000001,0.251,0.1,0.32299999999999995,0.377,0.03,0.16899999999999998
1268,Coos,NH,Age-adjusted prevalence,31372,26302,0.252,0.299,0.075,0.11599999999999999,0.057,0.071,0.245,0.094,0.301,0.361,0.031,0.14300000000000002
1270,Coos,OR,Age-adjusted prevalence,64212,53139,0.27,0.316,0.076,0.127,0.061,0.073,0.28800000000000003,0.102,0.29100000000000004,0.342,0.033,0.131
1272,Coosa,AL,Age-adjusted prevalence,10268,8603,0.276,0.40700000000000003,0.066,0.105,0.066,0.079,0.243,0.135,0.35100000000000003,0.41600000000000004,0.039,0.138
1274,Copiah,MS,Age-adjusted prevalence,27664,21515,0.275,0.441,0.061,0.10400000000000001,0.067,0.08199999999999999,0.19699999999999998,0.153,0.332,0.424,0.044000000000000004,0.287
1276,Copper River,AK,Age-adjusted prevalence,2674,1994,0.228,0.322,0.07,0.109,0.06,0.065,0.21100000000000002,0.08900000000000001,0.292,0.331,0.032,0.15
1278,Corson,SD,Age-adjusted prevalence,3782,2464,0.282,0.38,0.068,0.134,0.09300000000000001,0.114,0.243,0.183,0.305,0.44299999999999995,0.055,0.314
1280,Cortland,NY,Age-adjusted prevalence,45752,37332,0.24,0.3,0.077,0.114,0.055,0.064,0.23399999999999999,0.086,0.324,0.32299999999999995,0.028999999999999998,0.095
1282,Coryell,TX,Age-adjusted prevalence,84878,65792,0.239,0.32899999999999996,0.063,0.10400000000000001,0.055,0.062,0.235,0.115,0.313,0.38,0.032,0.14
1284,Coshocton,OH,Age-adjusted prevalence,36869,28085,0.293,0.353,0.075,0.115,0.069,0.091,0.292,0.122,0.331,0.414,0.035,0.159
1286,Costilla,CO,Age-adjusted prevalence,3628,2957,0.225,0.29,0.059000000000000004,0.106,0.061,0.06,0.214,0.121,0.297,0.317,0.033,0.16699999999999998
1288,Cottle,TX,Age-adjusted prevalence,1294,1043,0.242,0.36,0.062,0.107,0.068,0.08199999999999999,0.243,0.139,0.331,0.405,0.039,0.135
1290,Cotton,OK,Age-adjusted prevalence,5427,4179,0.266,0.377,0.071,0.11900000000000001,0.069,0.085,0.271,0.121,0.344,0.429,0.036000000000000004,0.242
1292,Cottonwood,MN,Age-adjusted prevalence,11319,8460,0.212,0.301,0.071,0.1,0.057999999999999996,0.059000000000000004,0.251,0.102,0.298,0.39799999999999996,0.031,0.139
1294,Covington,AL,Age-adjusted prevalence,37952,29514,0.27399999999999997,0.396,0.07200000000000001,0.10400000000000001,0.066,0.083,0.26,0.128,0.36700000000000005,0.381,0.037000000000000005,0.171
1296,Covington,MS,Age-adjusted prevalence,18059,13606,0.267,0.42100000000000004,0.065,0.102,0.064,0.078,0.19899999999999998,0.133,0.335,0.40399999999999997,0.04,0.248
1298,Covington,VA,Age-adjusted prevalence,5545,4241,0.27899999999999997,0.368,0.068,0.11800000000000001,0.068,0.091,0.26899999999999996,0.134,0.34600000000000003,0.40700000000000003,0.039,0.20199999999999999
1300,Coweta,GA,Age-adjusted prevalence,155892,120448,0.223,0.326,0.069,0.099,0.05,0.052000000000000005,0.19699999999999998,0.10800000000000001,0.33299999999999996,0.35200000000000004,0.027999999999999997,0.131
1302,Cowley,KS,Age-adjusted prevalence,34157,26072,0.252,0.33399999999999996,0.069,0.10300000000000001,0.059000000000000004,0.068,0.22399999999999998,0.109,0.335,0.415,0.031,0.16899999999999998
1304,Cowlitz,WA,Age-adjusted prevalence,112864,87722,0.278,0.304,0.075,0.124,0.055999999999999994,0.062,0.287,0.09300000000000001,0.287,0.40299999999999997,0.03,0.156
1306,Craig,OK,Age-adjusted prevalence,14494,11115,0.276,0.396,0.069,0.125,0.075,0.094,0.271,0.132,0.348,0.419,0.040999999999999995,0.287
1308,Craig,VA,Age-adjusted prevalence,4843,4041,0.256,0.32,0.075,0.109,0.057999999999999996,0.07,0.265,0.102,0.335,0.36200000000000004,0.03,0.20600000000000002
1310,Craighead,AR,Age-adjusted prevalence,113993,85259,0.267,0.385,0.071,0.106,0.064,0.076,0.265,0.11199999999999999,0.337,0.396,0.034,0.18600000000000003
1312,Crane,TX,Age-adjusted prevalence,4574,3247,0.21,0.33399999999999996,0.052000000000000005,0.091,0.061,0.06,0.204,0.145,0.332,0.4,0.034,0.162
1314,Craven,NC,Age-adjusted prevalence,102391,80675,0.248,0.349,0.068,0.11,0.057,0.066,0.253,0.105,0.308,0.375,0.032,0.152
1316,Crawford,AR,Age-adjusted prevalence,61891,47058,0.255,0.374,0.071,0.10300000000000001,0.066,0.079,0.271,0.109,0.35,0.387,0.033,0.175
1318,Crawford,GA,Age-adjusted prevalence,12277,9813,0.247,0.36,0.067,0.10400000000000001,0.06,0.07200000000000001,0.21899999999999997,0.121,0.335,0.369,0.035,0.218
1320,Crawford,IA,Age-adjusted prevalence,16013,12050,0.23,0.332,0.067,0.096,0.063,0.069,0.195,0.122,0.308,0.431,0.033,0.222
1322,Crawford,IL,Age-adjusted prevalence,18300,14700,0.239,0.32799999999999996,0.073,0.105,0.055999999999999994,0.07,0.233,0.099,0.322,0.4,0.03,0.134
1324,Crawford,IN,Age-adjusted prevalence,10438,8319,0.289,0.379,0.073,0.12,0.076,0.109,0.289,0.135,0.35,0.43,0.039,0.223
1326,Crawford,KS,Age-adjusted prevalence,38764,30098,0.258,0.349,0.073,0.105,0.064,0.076,0.228,0.10800000000000001,0.33299999999999996,0.38799999999999996,0.033,0.145
1328,Crawford,MI,Age-adjusted prevalence,13538,11172,0.27,0.325,0.077,0.11900000000000001,0.065,0.085,0.302,0.10400000000000001,0.302,0.371,0.033,0.16699999999999998
1330,Crawford,MO,Age-adjusted prevalence,22719,17715,0.265,0.32899999999999996,0.073,0.11,0.065,0.08800000000000001,0.273,0.11,0.326,0.41700000000000004,0.034,0.21
1332,Crawford,OH,Age-adjusted prevalence,41529,32618,0.275,0.33899999999999997,0.076,0.11199999999999999,0.066,0.084,0.285,0.115,0.314,0.395,0.033,0.145
1334,Crawford,PA,Age-adjusted prevalence,82001,65155,,,,,,,,,,,,0.159
1336,Crawford,WI,Age-adjusted prevalence,15944,12868,0.239,0.304,0.071,0.111,0.06,0.066,0.252,0.10099999999999999,0.289,0.376,0.031,0.175
1338,Creek,OK,Age-adjusted prevalence,73332,56335,0.264,0.348,0.07200000000000001,0.11800000000000001,0.064,0.076,0.26,0.11199999999999999,0.34700000000000003,0.397,0.033,0.22399999999999998
1340,Crenshaw,AL,Age-adjusted prevalence,13101,10066,0.278,0.408,0.068,0.106,0.065,0.08199999999999999,0.25,0.134,0.35600000000000004,0.40299999999999997,0.038,0.18100000000000002
1342,Crisp,GA,Age-adjusted prevalence,19631,15039,0.272,0.42200000000000004,0.063,0.11699999999999999,0.07200000000000001,0.091,0.214,0.16,0.335,0.449,0.046,0.272
1344,Crittenden,AR,Age-adjusted prevalence,47139,34414,0.268,0.447,0.057999999999999996,0.11599999999999999,0.069,0.083,0.244,0.14800000000000002,0.34700000000000003,0.46799999999999997,0.044000000000000004,0.285
1346,Crittenden,KY,Age-adjusted prevalence,8974,6977,,,,,,,,,,,,0.22
1348,Crockett,TN,Age-adjusted prevalence,13982,10774,0.27699999999999997,0.377,0.069,0.11199999999999999,0.063,0.084,0.29100000000000004,0.128,0.337,0.42200000000000004,0.035,0.187
1350,Crockett,TX,Age-adjusted prevalence,2858,2119,0.20800000000000002,0.321,0.054000000000000006,0.094,0.059000000000000004,0.059000000000000004,0.212,0.134,0.331,0.376,0.032,0.131
1352,Crook,OR,Age-adjusted prevalence,26952,21698,0.255,0.299,0.076,0.122,0.054000000000000006,0.062,0.28600000000000003,0.092,0.285,0.36,0.027999999999999997,0.139
1354,Crook,WY,Age-adjusted prevalence,7592,5694,0.22,0.26899999999999996,0.075,0.10300000000000001,0.051,0.057,0.218,0.084,0.28300000000000003,0.321,0.026000000000000002,0.105
1356,Crosby,TX,Age-adjusted prevalence,4917,3652,0.228,0.349,0.057,0.098,0.066,0.07200000000000001,0.22399999999999998,0.146,0.335,0.41,0.037000000000000005,0.22699999999999998
1358,Cross,AR,Age-adjusted prevalence,16420,12527,0.27,0.415,0.066,0.11,0.07200000000000001,0.092,0.264,0.134,0.341,0.44799999999999995,0.040999999999999995,0.292
1360,Crow Wing,MN,Age-adjusted prevalence,68304,54545,0.21,0.287,0.07400000000000001,0.105,0.054000000000000006,0.052000000000000005,0.248,0.087,0.267,0.374,0.027999999999999997,0.14400000000000002
1362,Crowley,CO,Age-adjusted prevalence,5636,5006,0.231,0.316,0.064,0.10099999999999999,0.067,0.073,0.203,0.113,0.299,0.315,0.036000000000000004,0.249
1364,Culberson,TX,Age-adjusted prevalence,2196,1675,0.217,0.354,0.048,0.09300000000000001,0.067,0.068,0.21,0.162,0.337,0.408,0.037000000000000005,0.17
1366,Cullman,AL,Age-adjusted prevalence,92016,71431,0.275,0.373,0.075,0.099,0.063,0.076,0.265,0.11,0.35200000000000004,0.36200000000000004,0.033,0.147
1368,Culpeper,VA,Age-adjusted prevalence,54973,41294,0.242,0.33299999999999996,0.068,0.107,0.054000000000000006,0.059000000000000004,0.233,0.109,0.342,0.382,0.03,0.11599999999999999
1370,Cumberland,IL,Age-adjusted prevalence,10261,7994,0.237,0.309,0.075,0.105,0.054000000000000006,0.065,0.245,0.092,0.318,0.385,0.027999999999999997,0.113
1372,Cumberland,KY,Age-adjusted prevalence,6000,4649,,,,,,,,,,,,0.35200000000000004
1374,Cumberland,ME,Age-adjusted prevalence,310230,255110,0.228,0.278,0.075,0.12,0.047,0.051,0.267,0.07400000000000001,0.285,0.267,0.024,0.092
1376,Cumberland,NC,Age-adjusted prevalence,337890,252626,0.259,0.389,0.061,0.115,0.057999999999999996,0.066,0.248,0.126,0.314,0.41100000000000003,0.037000000000000005,0.155
1378,Cumberland,NJ,Age-adjusted prevalence,152326,115216,0.225,0.36,0.061,0.09699999999999999,0.061,0.066,0.16399999999999998,0.121,0.34700000000000003,0.40399999999999997,0.036000000000000004,0.142
1380,Cumberland,PA,Age-adjusted prevalence,270738,215666,,,,,,,,,,,,0.109
1382,Cumberland,TN,Age-adjusted prevalence,64760,53834,0.28300000000000003,0.373,0.075,0.11199999999999999,0.066,0.08900000000000001,0.324,0.11699999999999999,0.35,0.39799999999999996,0.034,0.16899999999999998
1384,Cumberland,VA,Age-adjusted prevalence,9878,7919,0.254,0.35600000000000004,0.065,0.11599999999999999,0.059000000000000004,0.068,0.245,0.121,0.32899999999999996,0.39399999999999996,0.035,0.163
1386,Cuming,NE,Age-adjusted prevalence,8918,6695,0.215,0.309,0.07200000000000001,0.091,0.054000000000000006,0.057,0.18,0.095,0.295,0.41200000000000003,0.027999999999999997,0.076
1388,Currituck,NC,Age-adjusted prevalence,31593,24619,0.231,0.301,0.073,0.10400000000000001,0.051,0.055,0.258,0.086,0.307,0.336,0.027000000000000003,0.099
1390,Curry,NM,Age-adjusted prevalence,47222,34741,0.235,0.33,0.059000000000000004,0.10300000000000001,0.064,0.067,0.244,0.124,0.304,0.405,0.035,0.218
1392,Curry,OR,Age-adjusted prevalence,23296,20052,0.255,0.304,0.076,0.125,0.057999999999999996,0.069,0.28800000000000003,0.099,0.28800000000000003,0.386,0.031,0.11199999999999999
1394,Custer,CO,Age-adjusted prevalence,5534,4689,0.23399999999999999,0.266,0.077,0.115,0.052000000000000005,0.057,0.249,0.078,0.28800000000000003,0.263,0.027000000000000003,0.08
1396,Custer,ID,Age-adjusted prevalence,4523,3769,0.239,0.295,0.07400000000000001,0.109,0.057,0.064,0.233,0.09,0.301,0.314,0.03,0.165
1398,Custer,MT,Age-adjusted prevalence,11985,9637,0.249,0.289,0.075,0.11199999999999999,0.053,0.062,0.252,0.085,0.271,0.327,0.028999999999999998,0.094
1400,Custer,NE,Age-adjusted prevalence,10581,8019,0.21600000000000003,0.309,0.073,0.094,0.054000000000000006,0.057999999999999996,0.18,0.09300000000000001,0.272,0.402,0.027999999999999997,0.10400000000000001
1402,Custer,OK,Age-adjusted prevalence,28266,21204,0.257,0.35600000000000004,0.07,0.111,0.066,0.07400000000000001,0.26,0.11800000000000001,0.322,0.431,0.034,0.171
1404,Custer,SD,Age-adjusted prevalence,9117,7850,0.222,0.28300000000000003,0.077,0.10099999999999999,0.052000000000000005,0.052000000000000005,0.214,0.08900000000000001,0.29600000000000004,0.336,0.027000000000000003,0.122
1406,Cuyahoga,OH,Age-adjusted prevalence,1233088,982384,0.245,0.342,0.065,0.11699999999999999,0.055,0.066,0.247,0.113,0.32899999999999996,0.354,0.033,0.14
1408,Dade,GA,Age-adjusted prevalence,16165,13017,0.243,0.326,0.07400000000000001,0.10099999999999999,0.057,0.067,0.23800000000000002,0.102,0.33899999999999997,0.35200000000000004,0.03,0.18600000000000003
1410,Dade,MO,Age-adjusted prevalence,7716,6133,0.27399999999999997,0.353,0.07400000000000001,0.11199999999999999,0.069,0.094,0.275,0.11800000000000001,0.332,0.405,0.036000000000000004,0.23800000000000002
1412,Daggett,UT,Age-adjusted prevalence,992,782,0.24,0.3,0.076,0.109,0.057,0.059000000000000004,0.267,0.094,0.294,0.32799999999999996,0.03,0.10099999999999999
1414,Dakota,MN,Age-adjusted prevalence,447440,341048,0.19399999999999998,0.268,0.071,0.098,0.044000000000000004,0.04,0.235,0.084,0.301,0.342,0.024,0.061
1416,Dakota,NE,Age-adjusted prevalence,21268,15010,0.19899999999999998,0.3,0.06,0.08800000000000001,0.057,0.057999999999999996,0.16,0.11900000000000001,0.299,0.446,0.031,0.16399999999999998
1418,Dale,AL,Age-adjusted prevalence,49871,38227,0.27899999999999997,0.405,0.07,0.10400000000000001,0.066,0.08,0.255,0.13699999999999998,0.36700000000000005,0.415,0.038,0.161
1420,Dallam,TX,Age-adjusted prevalence,7237,4733,0.228,0.35200000000000004,0.057,0.096,0.067,0.073,0.222,0.146,0.336,0.397,0.037000000000000005,0.161
1422,Dallas,AL,Age-adjusted prevalence,36165,27736,0.29,0.49200000000000005,0.055,0.11800000000000001,0.07200000000000001,0.091,0.214,0.18100000000000002,0.36700000000000005,0.465,0.052000000000000005,0.23199999999999998
1424,Dallas,AR,Age-adjusted prevalence,6185,4934,0.254,0.413,0.061,0.109,0.062,0.07200000000000001,0.23600000000000002,0.127,0.32799999999999996,0.42100000000000004,0.038,0.233
1426,Dallas,IA,Age-adjusted prevalence,111092,81838,0.218,0.285,0.07400000000000001,0.092,0.044000000000000004,0.043,0.192,0.085,0.308,0.324,0.023,0.055999999999999994
1428,Dallas,MO,Age-adjusted prevalence,17768,13540,0.273,0.34600000000000003,0.07400000000000001,0.111,0.068,0.095,0.275,0.11699999999999999,0.32299999999999995,0.39299999999999996,0.036000000000000004,0.228
1430,Dallas,TX,Age-adjusted prevalence,2606358,1960720,0.19699999999999998,0.335,0.054000000000000006,0.09699999999999999,0.054000000000000006,0.055,0.191,0.125,0.345,0.35700000000000004,0.033,0.127
1432,Dane,WI,Age-adjusted prevalence,575347,463964,0.193,0.255,0.07,0.099,0.047,0.043,0.242,0.081,0.27399999999999997,0.33399999999999996,0.024,0.044000000000000004
1434,Daniels,MT,Age-adjusted prevalence,1633,1289,0.239,0.284,0.075,0.111,0.053,0.059000000000000004,0.247,0.08199999999999999,0.276,0.34,0.027999999999999997,0.121
1436,Danville,VA,Age-adjusted prevalence,41837,32396,0.28,0.426,0.057999999999999996,0.126,0.069,0.08900000000000001,0.231,0.166,0.342,0.423,0.046,0.214
1438,Dare,NC,Age-adjusted prevalence,38110,31485,0.225,0.297,0.076,0.102,0.049,0.051,0.26,0.081,0.306,0.31,0.025,0.08
1440,Darke,OH,Age-adjusted prevalence,51415,39329,0.268,0.336,0.076,0.11199999999999999,0.063,0.079,0.282,0.113,0.32899999999999996,0.366,0.032,0.17600000000000002
1442,Darlington,SC,Age-adjusted prevalence,62416,48521,0.26899999999999996,0.396,0.064,0.10800000000000001,0.063,0.079,0.239,0.145,0.335,0.456,0.040999999999999995,0.23
1444,Dauphin,PA,Age-adjusted prevalence,289234,224963,,,,,,,,,,,,0.14800000000000002
1446,Davidson,NC,Age-adjusted prevalence,174804,137346,0.249,0.33399999999999996,0.071,0.111,0.06,0.07200000000000001,0.267,0.10300000000000001,0.313,0.36,0.033,0.163
1448,Davidson,TN,Age-adjusted prevalence,712334,566997,0.266,0.344,0.066,0.106,0.053,0.063,0.276,0.11699999999999999,0.336,0.325,0.031,0.09699999999999999
1450,Davie,NC,Age-adjusted prevalence,44599,35409,0.243,0.321,0.07200000000000001,0.106,0.054000000000000006,0.061,0.265,0.092,0.312,0.33299999999999996,0.028999999999999998,0.13699999999999998
1452,Daviess,IN,Age-adjusted prevalence,33656,23700,0.27399999999999997,0.355,0.07200000000000001,0.11800000000000001,0.065,0.09,0.28,0.12,0.34600000000000003,0.41700000000000004,0.034,0.195
1454,Daviess,KY,Age-adjusted prevalence,103458,78324,,,,,,,,,,,,0.158
1456,Daviess,MO,Age-adjusted prevalence,8551,6434,0.271,0.344,0.075,0.11,0.066,0.08900000000000001,0.27399999999999997,0.11,0.342,0.387,0.035,0.207
1458,Davis,IA,Age-adjusted prevalence,9169,6446,0.242,0.318,0.073,0.105,0.057999999999999996,0.071,0.22699999999999998,0.09699999999999999,0.307,0.37799999999999995,0.03,0.107
1460,Davis,UT,Age-adjusted prevalence,373207,263292,0.21899999999999997,0.27399999999999997,0.076,0.109,0.047,0.043,0.287,0.084,0.28800000000000003,0.327,0.025,0.092
1462,Davison,SD,Age-adjusted prevalence,19922,15293,0.228,0.305,0.076,0.102,0.057,0.062,0.215,0.099,0.294,0.386,0.03,0.132
1464,Dawes,NE,Age-adjusted prevalence,8133,6654,0.22399999999999998,0.303,0.07400000000000001,0.095,0.054000000000000006,0.057,0.188,0.096,0.27699999999999997,0.38299999999999995,0.027999999999999997,0.106
1466,Dawson,GA,Age-adjusted prevalence,31732,25312,0.228,0.311,0.075,0.096,0.052000000000000005,0.057,0.218,0.096,0.331,0.315,0.027000000000000003,0.09300000000000001
1468,Dawson,MT,Age-adjusted prevalence,8810,6918,0.237,0.282,0.075,0.11,0.051,0.057999999999999996,0.245,0.08199999999999999,0.26899999999999996,0.33,0.027999999999999997,0.11900000000000001
1470,Dawson,NE,Age-adjusted prevalence,24085,17395,0.209,0.318,0.062,0.08800000000000001,0.059000000000000004,0.06,0.158,0.11900000000000001,0.27899999999999997,0.414,0.031,0.132
1472,Dawson,TX,Age-adjusted prevalence,12004,9004,0.223,0.361,0.055,0.094,0.069,0.075,0.21100000000000002,0.153,0.33799999999999997,0.4,0.038,0.22899999999999998
1474,Day,SD,Age-adjusted prevalence,5451,4249,0.233,0.3,0.076,0.107,0.061,0.066,0.21899999999999997,0.105,0.28600000000000003,0.35200000000000004,0.032,0.151
1476,De Baca,NM,Age-adjusted prevalence,1657,1294,0.22699999999999998,0.308,0.063,0.102,0.061,0.062,0.24600000000000002,0.109,0.298,0.33,0.033,0.168
1478,De Soto,LA,Age-adjusted prevalence,27114,20598,0.284,0.42,0.064,0.11,0.069,0.08800000000000001,0.284,0.146,0.341,0.442,0.042,0.177
1480,De Witt,IL,Age-adjusted prevalence,15365,12070,0.237,0.312,0.07400000000000001,0.105,0.055,0.068,0.239,0.096,0.312,0.379,0.028999999999999998,0.161
1482,DeKalb,AL,Age-adjusted prevalence,72569,55297,0.28,0.4,0.07200000000000001,0.10099999999999999,0.073,0.092,0.272,0.133,0.365,0.386,0.039,0.20199999999999999
1484,DeKalb,GA,Age-adjusted prevalence,762992,591931,0.2,0.363,0.055999999999999994,0.10300000000000001,0.049,0.049,0.16899999999999998,0.12300000000000001,0.331,0.315,0.033,0.138
1486,DeKalb,IL,Age-adjusted prevalence,100288,78892,0.235,0.316,0.071,0.10400000000000001,0.055,0.064,0.22899999999999998,0.106,0.32,0.371,0.03,0.11699999999999999
1488,DeKalb,IN,Age-adjusted prevalence,44198,33580,0.255,0.341,0.075,0.11199999999999999,0.057999999999999996,0.07400000000000001,0.27399999999999997,0.10800000000000001,0.33299999999999996,0.435,0.028999999999999998,0.18
1490,DeKalb,MO,Age-adjusted prevalence,9899,7741,0.257,0.335,0.07400000000000001,0.105,0.057999999999999996,0.07400000000000001,0.24600000000000002,0.10099999999999999,0.322,0.392,0.031,0.192
1492,DeKalb,TN,Age-adjusted prevalence,21225,16657,0.295,0.382,0.073,0.11199999999999999,0.07,0.099,0.312,0.13,0.35700000000000004,0.39899999999999997,0.037000000000000005,0.24600000000000002
1494,DeSoto,FL,Age-adjusted prevalence,35979,29486,0.247,0.36700000000000005,0.068,0.1,0.079,0.098,0.19399999999999998,0.147,0.374,0.418,0.042,0.218
1496,DeSoto,MS,Age-adjusted prevalence,193247,145706,0.24600000000000002,0.382,0.066,0.096,0.052000000000000005,0.057999999999999996,0.19899999999999998,0.114,0.33299999999999996,0.369,0.032,0.158
1498,DeWitt,TX,Age-adjusted prevalence,19929,15349,0.22399999999999998,0.345,0.061,0.098,0.062,0.069,0.225,0.131,0.325,0.375,0.035,0.134
1500,Deaf Smith,TX,Age-adjusted prevalence,18347,12613,0.22,0.35,0.052000000000000005,0.094,0.068,0.069,0.209,0.16,0.341,0.413,0.038,0.21899999999999997
1502,Dearborn,IN,Age-adjusted prevalence,51215,40242,0.255,0.32799999999999996,0.076,0.11,0.055,0.068,0.264,0.099,0.331,0.354,0.027999999999999997,0.17600000000000002
1504,Decatur,GA,Age-adjusted prevalence,29087,22056,0.256,0.409,0.062,0.11199999999999999,0.068,0.084,0.21,0.153,0.345,0.424,0.044000000000000004,0.21100000000000002
1506,Decatur,IA,Age-adjusted prevalence,7665,5875,0.252,0.316,0.073,0.10400000000000001,0.061,0.073,0.22399999999999998,0.106,0.311,0.41700000000000004,0.032,0.106
1508,Decatur,IN,Age-adjusted prevalence,26399,20278,0.261,0.335,0.07400000000000001,0.111,0.057,0.073,0.27,0.10400000000000001,0.33299999999999996,0.375,0.028999999999999998,0.13699999999999998
1510,Decatur,KS,Age-adjusted prevalence,2712,2127,0.233,0.302,0.073,0.102,0.055,0.06,0.217,0.094,0.313,0.373,0.027000000000000003,0.12
1512,Decatur,TN,Age-adjusted prevalence,11656,9281,0.303,0.386,0.073,0.115,0.07400000000000001,0.107,0.325,0.135,0.35200000000000004,0.428,0.039,0.147
1514,Deer Lodge,MT,Age-adjusted prevalence,9673,8546,0.249,0.305,0.07400000000000001,0.114,0.061,0.075,0.26,0.095,0.272,0.322,0.033,0.19699999999999998
1516,Defiance,OH,Age-adjusted prevalence,38315,29722,0.258,0.32299999999999995,0.07400000000000001,0.107,0.059000000000000004,0.068,0.262,0.109,0.31,0.355,0.028999999999999998,0.132
1518,Del Norte,CA,Age-adjusted prevalence,26589,21034,0.22,0.308,0.069,0.10800000000000001,0.059000000000000004,0.066,0.243,0.102,0.309,0.309,0.033,0.135
1520,Delaware,IA,Age-adjusted prevalence,17600,13528,0.237,0.306,0.07400000000000001,0.10099999999999999,0.055999999999999994,0.065,0.213,0.095,0.304,0.39799999999999996,0.028999999999999998,0.13
1522,Delaware,IN,Age-adjusted prevalence,112321,91956,0.28800000000000003,0.358,0.073,0.12,0.065,0.087,0.29600000000000004,0.129,0.35100000000000003,0.389,0.034,0.19699999999999998
1524,Delaware,NY,Age-adjusted prevalence,44410,37417,0.24,0.318,0.07400000000000001,0.111,0.057999999999999996,0.068,0.223,0.092,0.312,0.33399999999999996,0.031,0.20600000000000002
1526,Delaware,OH,Age-adjusted prevalence,231636,175070,0.23199999999999998,0.282,0.077,0.095,0.044000000000000004,0.044000000000000004,0.21600000000000003,0.087,0.302,0.309,0.022000000000000002,0.08900000000000001
1528,Delaware,OK,Age-adjusted prevalence,41703,33484,0.281,0.386,0.069,0.125,0.071,0.08800000000000001,0.275,0.125,0.359,0.38,0.038,0.158
1530,Delaware,PA,Age-adjusted prevalence,576720,450488,,,,,,,,,,,,0.163
1532,Delta,CO,Age-adjusted prevalence,31746,25772,0.244,0.28600000000000003,0.07400000000000001,0.11599999999999999,0.057,0.067,0.258,0.08800000000000001,0.292,0.26899999999999996,0.031,0.107
1534,Delta,MI,Age-adjusted prevalence,36790,29801,0.267,0.316,0.077,0.11900000000000001,0.061,0.079,0.306,0.1,0.292,0.4,0.031,0.1
1536,Delta,TX,Age-adjusted prevalence,5520,4187,0.23399999999999999,0.332,0.069,0.107,0.057999999999999996,0.07,0.257,0.109,0.32299999999999995,0.37,0.032,0.11900000000000001
1538,Denali,AK,Age-adjusted prevalence,1584,1291,0.205,0.299,0.068,0.098,0.054000000000000006,0.054000000000000006,0.19699999999999998,0.077,0.294,0.299,0.027999999999999997,0.129
1540,Dent,MO,Age-adjusted prevalence,14647,11351,0.268,0.34299999999999997,0.07400000000000001,0.11,0.066,0.08800000000000001,0.262,0.111,0.32,0.39299999999999996,0.035,0.22699999999999998
1542,Denton,TX,Age-adjusted prevalence,1007703,775771,0.207,0.293,0.065,0.09300000000000001,0.044000000000000004,0.042,0.207,0.096,0.34,0.332,0.024,0.083
1544,Denver,CO,Age-adjusted prevalence,716577,589711,0.19699999999999998,0.23199999999999998,0.066,0.102,0.045,0.044000000000000004,0.21899999999999997,0.078,0.284,0.21600000000000003,0.025,0.106
1546,Des Moines,IA,Age-adjusted prevalence,38253,29795,0.24,0.298,0.073,0.102,0.055,0.064,0.225,0.098,0.29,0.348,0.028999999999999998,0.172
1548,Deschutes,OR,Age-adjusted prevalence,208513,169747,0.23800000000000002,0.28,0.079,0.11699999999999999,0.049,0.052000000000000005,0.259,0.08199999999999999,0.289,0.268,0.025,0.15
1550,Desha,AR,Age-adjusted prevalence,10479,7909,0.287,0.467,0.057,0.11900000000000001,0.081,0.107,0.245,0.171,0.34600000000000003,0.466,0.052000000000000005,0.268
1552,Deuel,NE,Age-adjusted prevalence,1871,1493,0.221,0.309,0.073,0.096,0.055999999999999994,0.06,0.191,0.09699999999999999,0.29,0.39799999999999996,0.028999999999999998,0.10800000000000001
1554,Deuel,SD,Age-adjusted prevalence,4354,3280,0.21899999999999997,0.28,0.077,0.1,0.054000000000000006,0.057,0.217,0.091,0.28600000000000003,0.33399999999999996,0.027999999999999997,0.136
1556,Dewey,OK,Age-adjusted prevalence,4286,3145,0.253,0.363,0.071,0.114,0.064,0.076,0.261,0.11,0.33899999999999997,0.384,0.033,0.15
1558,Dewey,SD,Age-adjusted prevalence,5208,3180,0.27,0.384,0.066,0.136,0.085,0.102,0.22,0.18,0.304,0.439,0.052000000000000005,0.247
1560,Dickens,TX,Age-adjusted prevalence,1711,1399,0.23,0.336,0.065,0.1,0.061,0.071,0.237,0.122,0.33,0.381,0.033,0.146
1562,Dickenson,VA,Age-adjusted prevalence,13640,11035,0.287,0.361,0.073,0.11599999999999999,0.073,0.098,0.285,0.126,0.344,0.39,0.038,0.172
1564,Dickey,ND,Age-adjusted prevalence,4900,3734,0.24100000000000002,0.305,0.073,0.10300000000000001,0.055999999999999994,0.059000000000000004,0.214,0.092,0.309,0.396,0.027999999999999997,0.1
1566,Dickinson,IA,Age-adjusted prevalence,18056,14615,0.21899999999999997,0.293,0.075,0.099,0.05,0.054000000000000006,0.20600000000000002,0.085,0.292,0.376,0.026000000000000002,0.106
1568,Dickinson,KS,Age-adjusted prevalence,18445,14195,0.24,0.309,0.07400000000000001,0.10300000000000001,0.055,0.062,0.22,0.09300000000000001,0.313,0.39399999999999996,0.027999999999999997,0.071
1570,Dickinson,MI,Age-adjusted prevalence,25982,20842,0.259,0.315,0.078,0.115,0.057,0.071,0.297,0.09300000000000001,0.301,0.381,0.028999999999999998,0.079
1572,Dickson,TN,Age-adjusted prevalence,56729,44005,0.278,0.33799999999999997,0.07400000000000001,0.109,0.057,0.07400000000000001,0.302,0.10800000000000001,0.336,0.371,0.03,0.139
1574,Dillingham,AK,Age-adjusted prevalence,4607,3180,0.239,0.33899999999999997,0.059000000000000004,0.126,0.073,0.08199999999999999,0.2,0.125,0.294,0.385,0.044000000000000004,0.19699999999999998
1576,Dillon,SC,Age-adjusted prevalence,27698,20691,0.285,0.43200000000000005,0.061,0.115,0.07400000000000001,0.102,0.237,0.17300000000000001,0.33399999999999996,0.45299999999999996,0.05,0.314
1578,Dimmit,TX,Age-adjusted prevalence,8257,5890,0.24100000000000002,0.39899999999999997,0.045,0.095,0.085,0.086,0.215,0.215,0.354,0.47700000000000004,0.048,0.33299999999999996
1580,Dinwiddie,VA,Age-adjusted prevalence,28343,22735,0.25,0.35200000000000004,0.065,0.113,0.054000000000000006,0.061,0.23800000000000002,0.11800000000000001,0.331,0.401,0.033,0.159
1582,District of Columbia,DC,Age-adjusted prevalence,678972,552380,0.187,0.303,0.06,0.102,0.040999999999999995,0.042,0.21,0.085,0.33299999999999996,0.251,0.03,0.073
1584,Divide,ND,Age-adjusted prevalence,2135,1615,0.233,0.299,0.073,0.10400000000000001,0.055999999999999994,0.057999999999999996,0.215,0.09,0.294,0.37799999999999995,0.027999999999999997,0.096
1586,Dixie,FL,Age-adjusted prevalence,17465,14301,0.268,0.359,0.07400000000000001,0.105,0.07400000000000001,0.095,0.213,0.12300000000000001,0.324,0.348,0.039,0.247
1588,Dixon,NE,Age-adjusted prevalence,5491,4099,0.212,0.298,0.071,0.092,0.057999999999999996,0.062,0.171,0.10099999999999999,0.284,0.436,0.03,0.168
1590,Doddridge,WV,Age-adjusted prevalence,7680,6589,0.322,0.39799999999999996,0.073,0.11900000000000001,0.071,0.095,0.305,0.132,0.366,0.41,0.035,0.184
1592,Dodge,GA,Age-adjusted prevalence,19776,16128,0.251,0.397,0.065,0.107,0.068,0.08199999999999999,0.215,0.139,0.34600000000000003,0.40399999999999997,0.04,0.193
1594,Dodge,MN,Age-adjusted prevalence,21088,15823,0.19899999999999998,0.264,0.07400000000000001,0.099,0.048,0.045,0.249,0.083,0.28300000000000003,0.349,0.025,0.084
1596,Dodge,NE,Age-adjusted prevalence,37187,27891,0.22699999999999998,0.297,0.069,0.091,0.055,0.06,0.17300000000000001,0.1,0.28600000000000003,0.40299999999999997,0.028999999999999998,0.113
1598,Dodge,WI,Age-adjusted prevalence,88231,71376,0.23399999999999999,0.28800000000000003,0.071,0.10800000000000001,0.055,0.057999999999999996,0.23800000000000002,0.092,0.309,0.425,0.027999999999999997,0.106
1600,Dolores,CO,Age-adjusted prevalence,2513,2096,0.23600000000000002,0.28600000000000003,0.07400000000000001,0.114,0.057,0.065,0.242,0.08800000000000001,0.29100000000000004,0.271,0.03,0.11599999999999999
1602,Doniphan,KS,Age-adjusted prevalence,7493,5905,0.239,0.313,0.07200000000000001,0.10300000000000001,0.055999999999999994,0.063,0.22399999999999998,0.094,0.309,0.38,0.027999999999999997,0.132
1604,Donley,TX,Age-adjusted prevalence,3214,2573,0.233,0.32799999999999996,0.068,0.106,0.057999999999999996,0.07,0.253,0.109,0.322,0.359,0.032,0.16699999999999998
1606,Dooly,GA,Age-adjusted prevalence,10981,9303,0.248,0.419,0.059000000000000004,0.105,0.066,0.075,0.185,0.152,0.337,0.41100000000000003,0.042,0.18600000000000003
1608,Door,WI,Age-adjusted prevalence,30562,25848,0.225,0.27899999999999997,0.073,0.10800000000000001,0.051,0.051,0.23399999999999999,0.086,0.289,0.368,0.026000000000000002,0.096
1610,Dorchester,MD,Age-adjusted prevalence,32879,26096,0.27899999999999997,0.369,0.069,0.11699999999999999,0.062,0.077,0.21600000000000003,0.128,0.311,0.419,0.037000000000000005,0.146
1612,Dorchester,SC,Age-adjusted prevalence,169833,129270,0.223,0.32799999999999996,0.069,0.096,0.052000000000000005,0.057999999999999996,0.221,0.114,0.317,0.35,0.031,0.122
1614,Dougherty,GA,Age-adjusted prevalence,82645,62618,0.266,0.445,0.054000000000000006,0.12,0.066,0.081,0.191,0.171,0.32299999999999995,0.42700000000000005,0.048,0.228
1616,Douglas,CO,Age-adjusted prevalence,383906,296166,0.20199999999999999,0.237,0.077,0.10400000000000001,0.039,0.036000000000000004,0.215,0.06,0.282,0.24600000000000002,0.02,0.055999999999999994
1618,Douglas,GA,Age-adjusted prevalence,149160,111702,0.23199999999999998,0.361,0.059000000000000004,0.107,0.053,0.055,0.183,0.127,0.33399999999999996,0.359,0.034,0.16
1620,Douglas,IL,Age-adjusted prevalence,19629,14859,0.23800000000000002,0.311,0.07200000000000001,0.105,0.055,0.068,0.23600000000000002,0.098,0.32,0.38799999999999996,0.028999999999999998,0.125
1622,Douglas,KS,Age-adjusted prevalence,120553,99565,0.23199999999999998,0.292,0.07200000000000001,0.10099999999999999,0.052000000000000005,0.057,0.24,0.092,0.314,0.331,0.027000000000000003,0.109
1624,Douglas,MN,Age-adjusted prevalence,39953,31487,0.209,0.265,0.073,0.102,0.05,0.049,0.264,0.085,0.294,0.355,0.026000000000000002,0.094
1626,Douglas,MO,Age-adjusted prevalence,12228,9333,0.275,0.34600000000000003,0.07400000000000001,0.113,0.066,0.09,0.27399999999999997,0.113,0.32799999999999996,0.379,0.035,0.257
1628,Douglas,NE,Age-adjusted prevalence,589540,441789,0.204,0.294,0.069,0.087,0.05,0.052000000000000005,0.18899999999999997,0.09300000000000001,0.294,0.369,0.027999999999999997,0.147
1630,Douglas,NV,Age-adjusted prevalence,49545,42375,0.22899999999999998,0.272,0.076,0.10300000000000001,0.05,0.055,0.212,0.081,0.317,0.273,0.026000000000000002,0.11699999999999999
1632,Douglas,OR,Age-adjusted prevalence,112435,90938,0.262,0.313,0.077,0.131,0.061,0.07400000000000001,0.294,0.105,0.307,0.37799999999999995,0.032,0.15
1634,Douglas,SD,Age-adjusted prevalence,2838,2065,0.231,0.303,0.076,0.10400000000000001,0.059000000000000004,0.065,0.225,0.10099999999999999,0.298,0.359,0.031,0.111
1636,Douglas,WA,Age-adjusted prevalence,44798,34090,0.22,0.287,0.068,0.106,0.053,0.053,0.23199999999999998,0.095,0.29100000000000004,0.361,0.028999999999999998,0.128
1638,Douglas,WI,Age-adjusted prevalence,44264,35947,0.23199999999999998,0.303,0.07200000000000001,0.111,0.055,0.057,0.251,0.094,0.301,0.409,0.027999999999999997,0.11800000000000001
1640,DoÃ±a Ana,NM,Age-adjusted prevalence,225210,174328,0.218,0.314,0.055,0.094,0.06,0.055,0.222,0.131,0.3,0.375,0.033,0.147
1642,Drew,AR,Age-adjusted prevalence,16945,13230,0.268,0.418,0.066,0.111,0.071,0.087,0.25,0.135,0.33899999999999997,0.45,0.04,0.21100000000000002
1644,DuPage,IL,Age-adjusted prevalence,921213,719635,0.19,0.271,0.067,0.08900000000000001,0.043,0.043,0.179,0.085,0.313,0.29100000000000004,0.023,0.085
1646,Dubois,IN,Age-adjusted prevalence,43546,33017,0.256,0.326,0.07400000000000001,0.109,0.057,0.07,0.245,0.107,0.34,0.39899999999999997,0.028999999999999998,0.125
1648,Dubuque,IA,Age-adjusted prevalence,98887,76789,0.233,0.27399999999999997,0.07400000000000001,0.1,0.051,0.057,0.203,0.08800000000000001,0.284,0.349,0.027000000000000003,0.113
1650,Duchesne,UT,Age-adjusted prevalence,20477,14005,0.245,0.29600000000000004,0.075,0.113,0.059000000000000004,0.065,0.26,0.102,0.26899999999999996,0.316,0.032,0.163
1652,Dukes,MA,Age-adjusted prevalence,20819,17186,0.223,0.271,0.077,0.11699999999999999,0.047,0.049,0.257,0.073,0.289,0.253,0.024,0.055999999999999994
1654,Dundy,NE,Age-adjusted prevalence,1561,1277,0.226,0.311,0.073,0.096,0.055999999999999994,0.061,0.188,0.099,0.293,0.374,0.028999999999999998,0.127
1656,Dunklin,MO,Age-adjusted prevalence,27032,20004,0.29100000000000004,0.387,0.07,0.115,0.07200000000000001,0.10300000000000001,0.278,0.131,0.335,0.46399999999999997,0.04,0.266
1658,Dunn,ND,Age-adjusted prevalence,4019,2975,0.226,0.303,0.071,0.102,0.055999999999999994,0.055999999999999994,0.207,0.094,0.299,0.365,0.028999999999999998,0.109
1660,Dunn,WI,Age-adjusted prevalence,45794,37053,0.228,0.29,0.07200000000000001,0.109,0.055,0.059000000000000004,0.253,0.09300000000000001,0.29,0.40700000000000003,0.027999999999999997,0.1
1662,Duplin,NC,Age-adjusted prevalence,49520,37683,0.251,0.373,0.063,0.11199999999999999,0.064,0.077,0.244,0.127,0.321,0.396,0.039,0.18899999999999997
1664,Durham,NC,Age-adjusted prevalence,336892,271458,0.21600000000000003,0.32799999999999996,0.062,0.10800000000000001,0.049,0.05,0.228,0.10400000000000001,0.308,0.365,0.03,0.11900000000000001
1666,Dutchess,NY,Age-adjusted prevalence,297150,243026,0.21600000000000003,0.292,0.071,0.10400000000000001,0.048,0.049,0.196,0.083,0.311,0.285,0.026000000000000002,0.158
1668,Duval,FL,Age-adjusted prevalence,1030822,801179,0.23399999999999999,0.337,0.068,0.10300000000000001,0.057,0.065,0.198,0.11800000000000001,0.309,0.34299999999999997,0.033,0.149
1670,Duval,TX,Age-adjusted prevalence,9604,7139,0.213,0.35600000000000004,0.046,0.09,0.068,0.063,0.2,0.17,0.341,0.42200000000000004,0.037000000000000005,0.161
1672,Dyer,TN,Age-adjusted prevalence,36498,27693,0.298,0.384,0.071,0.115,0.065,0.08800000000000001,0.318,0.126,0.345,0.39399999999999996,0.036000000000000004,0.24
1674,Eagle,CO,Age-adjusted prevalence,54381,43620,0.20199999999999999,0.23,0.07200000000000001,0.102,0.047,0.045,0.20600000000000002,0.075,0.278,0.23600000000000002,0.024,0.111
1676,Early,GA,Age-adjusted prevalence,10563,7986,0.268,0.41600000000000004,0.06,0.11699999999999999,0.066,0.084,0.209,0.154,0.33399999999999996,0.41100000000000003,0.044000000000000004,0.276
1678,East Baton Rouge,LA,Age-adjusted prevalence,448467,347496,0.262,0.40299999999999997,0.062,0.10300000000000001,0.059000000000000004,0.066,0.259,0.136,0.33299999999999996,0.366,0.037000000000000005,0.155
1680,East Carroll,LA,Age-adjusted prevalence,6829,5465,0.303,0.525,0.053,0.11599999999999999,0.095,0.127,0.25,0.213,0.354,0.517,0.065,0.435
1682,East Feliciana,LA,Age-adjusted prevalence,19229,15872,0.261,0.424,0.062,0.10099999999999999,0.064,0.07200000000000001,0.253,0.132,0.348,0.419,0.038,0.21100000000000002
1684,Eastland,TX,Age-adjusted prevalence,18037,14154,0.237,0.331,0.069,0.10400000000000001,0.061,0.07400000000000001,0.254,0.114,0.325,0.36200000000000004,0.033,0.22
1686,Eaton,MI,Age-adjusted prevalence,108820,86607,0.249,0.31,0.076,0.115,0.053,0.062,0.27899999999999997,0.09300000000000001,0.306,0.38799999999999996,0.027000000000000003,0.075
1688,Eau Claire,WI,Age-adjusted prevalence,107903,86787,0.226,0.281,0.073,0.107,0.052000000000000005,0.054000000000000006,0.262,0.08900000000000001,0.293,0.314,0.027000000000000003,0.136
1690,Echols,GA,Age-adjusted prevalence,3709,2736,0.233,0.337,0.066,0.09699999999999999,0.06,0.068,0.209,0.12300000000000001,0.337,0.37799999999999995,0.033,0.184
1692,Ector,TX,Age-adjusted prevalence,164494,114193,0.21100000000000002,0.322,0.055,0.092,0.059000000000000004,0.059000000000000004,0.20800000000000002,0.136,0.326,0.401,0.033,0.16399999999999998
1694,Eddy,ND,Age-adjusted prevalence,2263,1680,0.251,0.316,0.073,0.107,0.061,0.067,0.22,0.102,0.307,0.38799999999999996,0.032,0.182
1696,Eddy,NM,Age-adjusted prevalence,60275,44384,0.21,0.305,0.06,0.09699999999999999,0.057999999999999996,0.055,0.231,0.107,0.299,0.39799999999999996,0.03,0.113
1698,Edgar,IL,Age-adjusted prevalence,16334,13132,0.25,0.326,0.07400000000000001,0.10800000000000001,0.059000000000000004,0.076,0.248,0.102,0.318,0.375,0.031,0.14300000000000002
1700,Edgecombe,NC,Age-adjusted prevalence,48832,37653,0.266,0.415,0.055999999999999994,0.126,0.066,0.081,0.239,0.14300000000000002,0.309,0.43799999999999994,0.045,0.253
1702,Edgefield,SC,Age-adjusted prevalence,27607,23040,0.24600000000000002,0.35700000000000004,0.066,0.098,0.062,0.07400000000000001,0.213,0.136,0.32799999999999996,0.397,0.038,0.16699999999999998
1704,Edmonson,KY,Age-adjusted prevalence,12448,10213,,,,,,,,,,,,0.287
1706,Edmunds,SD,Age-adjusted prevalence,4057,3140,0.225,0.28600000000000003,0.078,0.102,0.055,0.057,0.217,0.091,0.292,0.337,0.027999999999999997,0.076
1708,Edwards,IL,Age-adjusted prevalence,5968,4705,0.254,0.32899999999999996,0.07400000000000001,0.11,0.062,0.081,0.255,0.107,0.321,0.40299999999999997,0.033,0.161
1710,Edwards,KS,Age-adjusted prevalence,2733,2119,0.23800000000000002,0.32899999999999996,0.068,0.10099999999999999,0.061,0.068,0.21100000000000002,0.111,0.312,0.402,0.031,0.098
1712,Edwards,TX,Age-adjusted prevalence,1393,1097,0.21899999999999997,0.33899999999999997,0.057999999999999996,0.096,0.065,0.068,0.21899999999999997,0.13699999999999998,0.332,0.389,0.035,0.239
1714,Effingham,GA,Age-adjusted prevalence,71541,52772,0.231,0.332,0.07,0.1,0.053,0.057,0.20600000000000002,0.106,0.32899999999999996,0.37200000000000005,0.028999999999999998,0.13699999999999998
1716,Effingham,IL,Age-adjusted prevalence,34331,26215,0.23399999999999999,0.304,0.07400000000000001,0.10300000000000001,0.053,0.064,0.235,0.092,0.307,0.342,0.027999999999999997,0.124
1718,El Dorado,CA,Age-adjusted prevalence,192215,155106,0.203,0.265,0.07200000000000001,0.099,0.047,0.046,0.239,0.08,0.28800000000000003,0.27399999999999997,0.025,0.08199999999999999
1720,El Paso,CO,Age-adjusted prevalence,744215,574278,0.226,0.27699999999999997,0.073,0.11599999999999999,0.047,0.05,0.253,0.084,0.311,0.285,0.026000000000000002,0.078
1722,El Paso,TX,Age-adjusted prevalence,869880,646273,0.2,0.33,0.046,0.086,0.055999999999999994,0.048,0.19899999999999998,0.153,0.32,0.344,0.031,0.157
1724,Elbert,CO,Age-adjusted prevalence,28806,22667,0.218,0.247,0.076,0.111,0.045,0.047,0.22899999999999998,0.069,0.281,0.24100000000000002,0.024,0.055999999999999994
1726,Elbert,GA,Age-adjusted prevalence,20013,15564,0.25,0.38,0.066,0.10800000000000001,0.063,0.077,0.21600000000000003,0.133,0.336,0.38299999999999995,0.038,0.188
1728,Elk,KS,Age-adjusted prevalence,2467,1897,0.255,0.335,0.07200000000000001,0.107,0.065,0.08,0.23399999999999999,0.11,0.32,0.405,0.034,0.204
1730,Elk,PA,Age-adjusted prevalence,30198,24436,,,,,,,,,,,,0.15
1732,Elkhart,IN,Age-adjusted prevalence,206409,150600,0.251,0.35700000000000004,0.068,0.113,0.062,0.079,0.257,0.122,0.341,0.441,0.033,0.156
1734,Elko,NV,Age-adjusted prevalence,54293,40093,0.23800000000000002,0.308,0.07,0.106,0.059000000000000004,0.069,0.21600000000000003,0.10400000000000001,0.326,0.376,0.032,0.184
1736,Elliott,KY,Age-adjusted prevalence,7245,6028,,,,,,,,,,,,0.207
1738,Ellis,KS,Age-adjusted prevalence,28810,23071,0.242,0.321,0.073,0.099,0.057999999999999996,0.065,0.207,0.09699999999999999,0.311,0.389,0.028999999999999998,0.073
1740,Ellis,OK,Age-adjusted prevalence,3648,2849,0.253,0.358,0.07200000000000001,0.11199999999999999,0.062,0.073,0.262,0.106,0.34299999999999997,0.401,0.032,0.24
1742,Ellis,TX,Age-adjusted prevalence,222829,164247,0.21899999999999997,0.32899999999999996,0.064,0.1,0.051,0.053,0.22699999999999998,0.109,0.331,0.369,0.028999999999999998,0.11800000000000001
1744,Ellsworth,KS,Age-adjusted prevalence,6357,5224,0.231,0.324,0.071,0.095,0.055,0.06,0.195,0.096,0.302,0.39899999999999997,0.027999999999999997,0.155
1746,Elmore,AL,Age-adjusted prevalence,90441,71010,0.262,0.382,0.071,0.1,0.057999999999999996,0.066,0.23600000000000002,0.114,0.35700000000000004,0.387,0.032,0.127
1748,Elmore,ID,Age-adjusted prevalence,29724,22520,0.243,0.313,0.068,0.107,0.059000000000000004,0.068,0.228,0.102,0.293,0.35100000000000003,0.032,0.18899999999999997
1750,Emanuel,GA,Age-adjusted prevalence,23119,17452,0.266,0.41200000000000003,0.064,0.11199999999999999,0.069,0.08900000000000001,0.212,0.147,0.354,0.428,0.043,0.252
1752,Emery,UT,Age-adjusted prevalence,10144,7361,0.239,0.3,0.076,0.113,0.055,0.059000000000000004,0.282,0.094,0.289,0.307,0.03,0.159
1754,Emmet,IA,Age-adjusted prevalence,9229,7456,0.235,0.321,0.073,0.10099999999999999,0.057999999999999996,0.066,0.21,0.1,0.304,0.43200000000000005,0.03,0.155
1756,Emmet,MI,Age-adjusted prevalence,34123,28041,0.242,0.301,0.079,0.11199999999999999,0.052000000000000005,0.06,0.272,0.085,0.3,0.327,0.026000000000000002,0.14300000000000002
1758,Emmons,ND,Age-adjusted prevalence,3224,2561,0.233,0.305,0.07400000000000001,0.105,0.057999999999999996,0.063,0.21600000000000003,0.092,0.3,0.38799999999999996,0.028999999999999998,0.102
1760,Emporia,VA,Age-adjusted prevalence,5463,4042,0.272,0.42100000000000004,0.054000000000000006,0.13,0.067,0.083,0.221,0.166,0.332,0.449,0.046,0.243
1762,Erath,TX,Age-adjusted prevalence,44195,35075,0.23,0.319,0.069,0.102,0.057,0.066,0.247,0.11,0.321,0.358,0.031,0.132
1764,Erie,NY,Age-adjusted prevalence,946147,756717,0.237,0.29,0.071,0.11599999999999999,0.052000000000000005,0.057999999999999996,0.213,0.091,0.32,0.33,0.027999999999999997,0.10400000000000001
1766,Erie,OH,Age-adjusted prevalence,74035,59711,0.261,0.344,0.07400000000000001,0.111,0.057999999999999996,0.069,0.262,0.11,0.315,0.40299999999999997,0.03,0.12300000000000001
1768,Erie,PA,Age-adjusted prevalence,267571,212685,,,,,,,,,,,,0.155
1770,Escambia,AL,Age-adjusted prevalence,36558,28282,0.292,0.44,0.065,0.11,0.076,0.09699999999999999,0.249,0.156,0.366,0.439,0.046,0.28600000000000003
1772,Escambia,FL,Age-adjusted prevalence,326928,258632,0.245,0.361,0.073,0.106,0.061,0.069,0.21,0.114,0.332,0.364,0.033,0.109
1774,Esmeralda,NV,Age-adjusted prevalence,736,636,0.253,0.331,0.069,0.11199999999999999,0.071,0.085,0.22399999999999998,0.121,0.336,0.366,0.038,0.187
1776,Essex,MA,Age-adjusted prevalence,810089,642879,0.214,0.28,0.071,0.115,0.05,0.053,0.23,0.087,0.306,0.3,0.026000000000000002,0.156
1778,Essex,NJ,Age-adjusted prevalence,851117,652264,0.188,0.298,0.053,0.098,0.051,0.051,0.157,0.11,0.35100000000000003,0.294,0.033,0.162
1780,Essex,NY,Age-adjusted prevalence,36775,31123,0.235,0.295,0.075,0.109,0.054000000000000006,0.062,0.223,0.085,0.311,0.34700000000000003,0.027999999999999997,0.081
1782,Essex,VA,Age-adjusted prevalence,10598,8706,0.264,0.37799999999999995,0.063,0.12,0.062,0.07400000000000001,0.245,0.135,0.341,0.425,0.038,0.20199999999999999
1784,Essex,VT,Age-adjusted prevalence,6010,4937,0.249,0.301,0.075,0.11900000000000001,0.06,0.075,0.29,0.086,0.28600000000000003,0.341,0.033,0.20199999999999999
1786,Estill,KY,Age-adjusted prevalence,13936,10995,,,,,,,,,,,,0.384
1788,Etowah,AL,Age-adjusted prevalence,103241,80652,0.28300000000000003,0.409,0.07200000000000001,0.10300000000000001,0.066,0.08199999999999999,0.261,0.134,0.36,0.436,0.037000000000000005,0.17300000000000001
1790,Eureka,NV,Age-adjusted prevalence,1917,1480,0.27,0.344,0.073,0.115,0.075,0.09699999999999999,0.25,0.12300000000000001,0.341,0.377,0.04,0.18
1792,Evangeline,LA,Age-adjusted prevalence,31754,23809,0.29,0.42200000000000004,0.065,0.11,0.075,0.099,0.289,0.15,0.353,0.449,0.044000000000000004,0.293
1794,Evans,GA,Age-adjusted prevalence,10754,8115,0.259,0.39899999999999997,0.063,0.11,0.068,0.085,0.214,0.14800000000000002,0.33899999999999997,0.426,0.042,0.21
1796,Fairbanks North Star,AK,Age-adjusted prevalence,94840,72305,0.209,0.317,0.069,0.1,0.05,0.05,0.201,0.083,0.312,0.358,0.027000000000000003,0.115
1798,Fairfax,VA,Age-adjusted prevalence,25144,18626,0.20800000000000002,0.295,0.064,0.092,0.046,0.042,0.19699999999999998,0.102,0.33799999999999997,0.316,0.024,0.075
1799,Fairfax,VA,Age-adjusted prevalence,1141878,884086,0.193,0.272,0.063,0.091,0.044000000000000004,0.037000000000000005,0.188,0.095,0.341,0.23800000000000002,0.023,0.07400000000000001
1802,Fairfield,OH,Age-adjusted prevalence,165360,125997,0.262,0.327,0.07400000000000001,0.10800000000000001,0.055,0.062,0.261,0.10400000000000001,0.324,0.353,0.027999999999999997,0.133
1804,Fairfield,SC,Age-adjusted prevalence,20422,16771,0.257,0.409,0.06,0.109,0.063,0.078,0.221,0.154,0.342,0.456,0.044000000000000004,0.22899999999999998
1806,Fall River,SD,Age-adjusted prevalence,7393,6194,0.24,0.319,0.076,0.107,0.064,0.071,0.225,0.109,0.303,0.376,0.034,0.179
1808,Fallon,MT,Age-adjusted prevalence,2994,2225,0.242,0.27899999999999997,0.075,0.11199999999999999,0.053,0.062,0.251,0.083,0.273,0.314,0.028999999999999998,0.1
1810,Falls,TX,Age-adjusted prevalence,17286,13585,0.243,0.368,0.061,0.11,0.065,0.078,0.239,0.138,0.326,0.40299999999999997,0.039,0.275
1812,Falls Church,VA,Age-adjusted prevalence,14685,11167,0.203,0.265,0.07200000000000001,0.091,0.038,0.032,0.20800000000000002,0.078,0.32799999999999996,0.28600000000000003,0.019,0.04
1814,Fannin,GA,Age-adjusted prevalence,25955,21938,0.24600000000000002,0.33399999999999996,0.075,0.10300000000000001,0.062,0.07400000000000001,0.23399999999999999,0.111,0.34600000000000003,0.382,0.032,0.11
1816,Fannin,TX,Age-adjusted prevalence,37571,29614,0.235,0.337,0.068,0.10400000000000001,0.061,0.073,0.251,0.114,0.32899999999999996,0.391,0.033,0.125
1818,Faribault,MN,Age-adjusted prevalence,13873,10857,0.214,0.293,0.07200000000000001,0.10400000000000001,0.057999999999999996,0.06,0.255,0.09699999999999999,0.293,0.37799999999999995,0.031,0.146
1820,Faulk,SD,Age-adjusted prevalence,2151,1581,0.243,0.309,0.078,0.106,0.065,0.073,0.23199999999999998,0.10800000000000001,0.299,0.368,0.034,0.175
1822,Faulkner,AR,Age-adjusted prevalence,129951,100739,0.243,0.36,0.073,0.10099999999999999,0.059000000000000004,0.066,0.263,0.109,0.341,0.41100000000000003,0.031,0.159
1824,Fauquier,VA,Age-adjusted prevalence,75165,57749,0.23199999999999998,0.294,0.071,0.10099999999999999,0.049,0.05,0.231,0.095,0.336,0.324,0.025,0.124
1826,Fayette,AL,Age-adjusted prevalence,15967,12532,0.29,0.409,0.07200000000000001,0.105,0.069,0.08800000000000001,0.273,0.131,0.358,0.406,0.038,0.267
1828,Fayette,GA,Age-adjusted prevalence,123351,95974,0.20600000000000002,0.312,0.067,0.094,0.045,0.042,0.187,0.1,0.316,0.306,0.026000000000000002,0.067
1830,Fayette,IA,Age-adjusted prevalence,19210,15100,0.23600000000000002,0.321,0.07400000000000001,0.1,0.057999999999999996,0.068,0.215,0.10099999999999999,0.31,0.39,0.03,0.147
1832,Fayette,IL,Age-adjusted prevalence,21164,16988,0.247,0.34,0.07200000000000001,0.105,0.063,0.079,0.23,0.11,0.32299999999999995,0.401,0.034,0.17300000000000001
1834,Fayette,IN,Age-adjusted prevalence,23362,18243,0.272,0.36700000000000005,0.07400000000000001,0.11900000000000001,0.068,0.094,0.28600000000000003,0.12300000000000001,0.34700000000000003,0.44799999999999995,0.035,0.213
1836,Fayette,KY,Age-adjusted prevalence,320154,253709,,,,,,,,,,,,0.12
1838,Fayette,OH,Age-adjusted prevalence,28817,22051,0.268,0.368,0.07400000000000001,0.114,0.066,0.087,0.27899999999999997,0.11900000000000001,0.34600000000000003,0.41,0.034,0.171
1840,Fayette,PA,Age-adjusted prevalence,123915,100555,,,,,,,,,,,,0.183
1842,Fayette,TN,Age-adjusted prevalence,44175,36250,0.271,0.374,0.068,0.111,0.057,0.069,0.275,0.12,0.337,0.387,0.032,0.15
1844,Fayette,TX,Age-adjusted prevalence,25474,20303,0.212,0.306,0.067,0.098,0.051,0.055999999999999994,0.231,0.10099999999999999,0.317,0.344,0.027999999999999997,0.16
1846,Fayette,WV,Age-adjusted prevalence,39072,31056,0.324,0.38299999999999995,0.07400000000000001,0.127,0.071,0.09699999999999999,0.332,0.138,0.376,0.40299999999999997,0.035,0.27899999999999997
1848,Fentress,TN,Age-adjusted prevalence,19696,15620,0.303,0.376,0.07400000000000001,0.115,0.071,0.10400000000000001,0.324,0.128,0.35,0.445,0.037000000000000005,0.21100000000000002
1850,Fergus,MT,Age-adjusted prevalence,11772,9316,0.235,0.297,0.075,0.113,0.055,0.065,0.251,0.084,0.26899999999999996,0.312,0.03,0.151
1852,Ferry,WA,Age-adjusted prevalence,7497,6217,0.272,0.307,0.073,0.127,0.063,0.069,0.276,0.10400000000000001,0.307,0.4,0.035,0.14400000000000002
1854,Fillmore,MN,Age-adjusted prevalence,21522,16319,0.205,0.294,0.073,0.10300000000000001,0.053,0.054000000000000006,0.256,0.09,0.287,0.40700000000000003,0.027999999999999997,0.10099999999999999
1856,Fillmore,NE,Age-adjusted prevalence,5548,4435,0.213,0.294,0.073,0.094,0.052000000000000005,0.055999999999999994,0.18100000000000002,0.092,0.293,0.42,0.027000000000000003,0.095
1858,Finney,KS,Age-adjusted prevalence,37466,26325,0.21899999999999997,0.32899999999999996,0.057999999999999996,0.09699999999999999,0.061,0.063,0.18100000000000002,0.129,0.313,0.377,0.032,0.162
1860,Fisher,TX,Age-adjusted prevalence,3612,2830,0.21899999999999997,0.32,0.065,0.099,0.054000000000000006,0.057999999999999996,0.23399999999999999,0.10800000000000001,0.319,0.361,0.028999999999999998,0.133
1862,Flagler,FL,Age-adjusted prevalence,131439,110520,0.233,0.289,0.07400000000000001,0.099,0.055,0.06,0.205,0.09300000000000001,0.33899999999999997,0.309,0.027999999999999997,0.073
1864,Flathead,MT,Age-adjusted prevalence,113679,89230,0.23399999999999999,0.261,0.077,0.10800000000000001,0.05,0.057,0.25,0.07400000000000001,0.27,0.308,0.027000000000000003,0.121
1866,Fleming,KY,Age-adjusted prevalence,15442,11720,,,,,,,,,,,,0.259
1868,Florence,SC,Age-adjusted prevalence,137214,104925,0.24600000000000002,0.386,0.064,0.10300000000000001,0.057999999999999996,0.07,0.235,0.132,0.34700000000000003,0.40700000000000003,0.038,0.17600000000000002
1870,Florence,WI,Age-adjusted prevalence,4682,4032,0.233,0.292,0.073,0.11,0.055,0.057,0.253,0.092,0.303,0.368,0.027999999999999997,0.12300000000000001
1872,Floyd,GA,Age-adjusted prevalence,100113,77443,0.24600000000000002,0.359,0.069,0.10300000000000001,0.061,0.073,0.228,0.126,0.35100000000000003,0.377,0.034,0.179
1874,Floyd,IA,Age-adjusted prevalence,15326,11807,0.237,0.31,0.07200000000000001,0.102,0.057,0.065,0.21899999999999997,0.098,0.304,0.4,0.028999999999999998,0.102
1876,Floyd,IN,Age-adjusted prevalence,80809,62972,0.254,0.34700000000000003,0.075,0.114,0.055,0.068,0.261,0.106,0.344,0.374,0.027999999999999997,0.109
1878,Floyd,KY,Age-adjusted prevalence,34423,26697,,,,,,,,,,,,0.309
1880,Floyd,TX,Age-adjusted prevalence,5090,3788,0.221,0.341,0.055999999999999994,0.096,0.065,0.069,0.218,0.14400000000000002,0.335,0.397,0.036000000000000004,0.177
1882,Floyd,VA,Age-adjusted prevalence,15679,12779,0.252,0.312,0.07400000000000001,0.107,0.057,0.066,0.257,0.099,0.33399999999999996,0.325,0.028999999999999998,0.152
1884,Fluvanna,VA,Age-adjusted prevalence,28462,22968,0.245,0.315,0.07200000000000001,0.111,0.051,0.055,0.248,0.099,0.32799999999999996,0.38799999999999996,0.027999999999999997,0.067
1886,Foard,TX,Age-adjusted prevalence,1079,854,0.25,0.36200000000000004,0.066,0.111,0.07,0.08800000000000001,0.261,0.136,0.335,0.41,0.039,0.22
1888,Fond du Lac,WI,Age-adjusted prevalence,103948,82246,0.239,0.295,0.07,0.111,0.053,0.057,0.256,0.09300000000000001,0.302,0.43799999999999994,0.027999999999999997,0.085
1890,Ford,IL,Age-adjusted prevalence,13250,10197,0.245,0.319,0.073,0.106,0.057,0.07200000000000001,0.24100000000000002,0.1,0.317,0.37799999999999995,0.031,0.16399999999999998
1892,Ford,KS,Age-adjusted prevalence,33980,23779,0.23,0.331,0.057999999999999996,0.092,0.063,0.065,0.179,0.129,0.311,0.396,0.033,0.10800000000000001
1894,Forest,PA,Age-adjusted prevalence,6449,6206,,,,,,,,,,,,0.196
1896,Forest,WI,Age-adjusted prevalence,9325,7503,0.261,0.33899999999999997,0.073,0.125,0.066,0.076,0.276,0.12,0.32799999999999996,0.45799999999999996,0.035,0.114
1898,Forrest,MS,Age-adjusted prevalence,78208,60424,0.273,0.41,0.066,0.1,0.062,0.075,0.20600000000000002,0.135,0.32899999999999996,0.376,0.039,0.17300000000000001
1900,Forsyth,GA,Age-adjusted prevalence,272887,203939,0.185,0.27899999999999997,0.069,0.084,0.042,0.038,0.17800000000000002,0.08800000000000001,0.33899999999999997,0.268,0.022000000000000002,0.043
1902,Forsyth,NC,Age-adjusted prevalence,392921,304926,0.23199999999999998,0.337,0.066,0.111,0.055,0.062,0.24,0.11,0.299,0.415,0.032,0.166
1904,Fort Bend,TX,Age-adjusted prevalence,916778,674906,0.183,0.303,0.053,0.08900000000000001,0.044000000000000004,0.039,0.17600000000000002,0.111,0.324,0.294,0.026000000000000002,0.106
1906,Foster,ND,Age-adjusted prevalence,3309,2554,0.235,0.3,0.075,0.102,0.053,0.055,0.21600000000000003,0.087,0.304,0.359,0.027000000000000003,0.091
1908,Fountain,IN,Age-adjusted prevalence,16731,13018,0.26899999999999996,0.348,0.07400000000000001,0.11699999999999999,0.062,0.08199999999999999,0.275,0.11199999999999999,0.34299999999999997,0.424,0.031,0.191
1910,Franklin,AL,Age-adjusted prevalence,31802,23799,0.284,0.39899999999999997,0.071,0.1,0.07200000000000001,0.091,0.259,0.139,0.377,0.42200000000000004,0.039,0.168
1912,Franklin,AR,Age-adjusted prevalence,17468,13545,0.276,0.385,0.073,0.107,0.071,0.092,0.285,0.11699999999999999,0.345,0.39799999999999996,0.037000000000000005,0.256
1914,Franklin,FL,Age-adjusted prevalence,12594,10717,0.237,0.353,0.075,0.1,0.066,0.08,0.196,0.11199999999999999,0.321,0.324,0.034,0.135
1916,Franklin,GA,Age-adjusted prevalence,24782,19292,0.258,0.365,0.07200000000000001,0.107,0.066,0.083,0.23399999999999999,0.124,0.344,0.39399999999999996,0.036000000000000004,0.237
1918,Franklin,IA,Age-adjusted prevalence,9875,7448,0.242,0.319,0.071,0.10099999999999999,0.061,0.07,0.217,0.109,0.304,0.409,0.031,0.152
1920,Franklin,ID,Age-adjusted prevalence,15494,10847,0.237,0.287,0.07200000000000001,0.107,0.054000000000000006,0.061,0.233,0.085,0.273,0.359,0.028999999999999998,0.12
1922,Franklin,IL,Age-adjusted prevalence,37138,28958,0.259,0.327,0.07400000000000001,0.11,0.063,0.083,0.251,0.109,0.317,0.414,0.034,0.165
1924,Franklin,IN,Age-adjusted prevalence,23096,17964,0.258,0.342,0.07400000000000001,0.113,0.057,0.07400000000000001,0.268,0.107,0.33399999999999996,0.405,0.028999999999999998,0.182
1926,Franklin,KS,Age-adjusted prevalence,26125,20176,0.253,0.319,0.07200000000000001,0.105,0.057,0.065,0.221,0.096,0.312,0.40299999999999997,0.028999999999999998,0.125
1928,Franklin,KY,Age-adjusted prevalence,51644,40886,,,,,,,,,,,,0.159
1930,Franklin,LA,Age-adjusted prevalence,19285,14407,0.293,0.42700000000000005,0.065,0.113,0.076,0.10400000000000001,0.294,0.151,0.354,0.42200000000000004,0.046,0.311
1932,Franklin,MA,Age-adjusted prevalence,70836,59245,0.242,0.29100000000000004,0.077,0.12,0.052000000000000005,0.06,0.271,0.081,0.302,0.261,0.027000000000000003,0.141
1934,Franklin,ME,Age-adjusted prevalence,30828,25609,0.264,0.306,0.07400000000000001,0.134,0.061,0.07400000000000001,0.301,0.08800000000000001,0.312,0.35200000000000004,0.03,0.14
1936,Franklin,MO,Age-adjusted prevalence,106404,82845,0.257,0.319,0.075,0.105,0.055999999999999994,0.07,0.268,0.09699999999999999,0.32799999999999996,0.39299999999999996,0.028999999999999998,0.11699999999999999
1938,Franklin,MS,Age-adjusted prevalence,7610,5846,0.284,0.43700000000000006,0.066,0.10400000000000001,0.07200000000000001,0.091,0.209,0.146,0.35200000000000004,0.406,0.044000000000000004,0.214
1940,Franklin,NC,Age-adjusted prevalence,77001,60292,0.245,0.344,0.066,0.11,0.057,0.064,0.252,0.107,0.315,0.38299999999999995,0.033,0.175
1942,Franklin,NE,Age-adjusted prevalence,2825,2223,0.237,0.32299999999999995,0.07400000000000001,0.09699999999999999,0.06,0.068,0.19899999999999998,0.10099999999999999,0.293,0.397,0.031,0.163
1944,Franklin,NY,Age-adjusted prevalence,46502,37193,0.255,0.316,0.075,0.115,0.06,0.07200000000000001,0.22899999999999998,0.1,0.315,0.408,0.032,0.152
1946,Franklin,OH,Age-adjusted prevalence,1326063,1019364,0.245,0.33,0.068,0.111,0.055999999999999994,0.062,0.256,0.11800000000000001,0.318,0.337,0.031,0.15
1948,Franklin,PA,Age-adjusted prevalence,157854,123358,,,,,,,,,,,,0.134
1950,Franklin,TN,Age-adjusted prevalence,44654,36041,0.28,0.361,0.07400000000000001,0.111,0.061,0.08,0.314,0.115,0.345,0.358,0.032,0.185
1952,Franklin,TX,Age-adjusted prevalence,10735,8409,0.221,0.314,0.07,0.102,0.053,0.059000000000000004,0.244,0.099,0.321,0.355,0.027999999999999997,0.086
1954,Franklin,VA,Age-adjusted prevalence,8339,6018,0.271,0.40299999999999997,0.059000000000000004,0.126,0.063,0.078,0.23399999999999999,0.151,0.331,0.442,0.042,0.185
1955,Franklin,VA,Age-adjusted prevalence,55549,45296,0.255,0.32899999999999996,0.073,0.113,0.059000000000000004,0.069,0.26,0.11,0.349,0.349,0.031,0.114
1958,Franklin,VT,Age-adjusted prevalence,50994,40099,0.244,0.295,0.077,0.115,0.055,0.061,0.264,0.079,0.27899999999999997,0.364,0.027999999999999997,0.08800000000000001
1960,Franklin,WA,Age-adjusted prevalence,99034,68864,0.214,0.29100000000000004,0.061,0.105,0.057999999999999996,0.055999999999999994,0.209,0.113,0.303,0.354,0.032,0.151
1962,Frederick,MD,Age-adjusted prevalence,293391,224828,0.225,0.31,0.073,0.095,0.047,0.046,0.21,0.094,0.35,0.34299999999999997,0.025,0.062
1964,Frederick,VA,Age-adjusted prevalence,95994,74555,0.22399999999999998,0.303,0.07200000000000001,0.10400000000000001,0.052000000000000005,0.057,0.233,0.096,0.326,0.373,0.027000000000000003,0.07400000000000001
1966,Fredericksburg,VA,Age-adjusted prevalence,28928,22830,0.245,0.335,0.067,0.111,0.054000000000000006,0.057,0.23800000000000002,0.11599999999999999,0.337,0.415,0.031,0.14
1968,Freeborn,MN,Age-adjusted prevalence,30515,23904,0.209,0.289,0.07,0.10099999999999999,0.057,0.057,0.24100000000000002,0.099,0.28300000000000003,0.36200000000000004,0.03,0.126
1970,Freestone,TX,Age-adjusted prevalence,20441,15822,0.231,0.35200000000000004,0.065,0.10300000000000001,0.06,0.07,0.23800000000000002,0.11900000000000001,0.321,0.382,0.034,0.172
1972,Fremont,CO,Age-adjusted prevalence,50318,42512,0.23800000000000002,0.278,0.07200000000000001,0.11,0.057999999999999996,0.067,0.24,0.09300000000000001,0.287,0.304,0.031,0.23399999999999999
1974,Fremont,IA,Age-adjusted prevalence,6458,5059,0.23800000000000002,0.306,0.07400000000000001,0.102,0.054000000000000006,0.061,0.21899999999999997,0.09300000000000001,0.302,0.4,0.027999999999999997,0.128
1976,Fremont,ID,Age-adjusted prevalence,14196,10850,0.23800000000000002,0.275,0.071,0.105,0.055,0.061,0.228,0.09,0.27899999999999997,0.327,0.028999999999999998,0.142
1978,Fremont,WY,Age-adjusted prevalence,39815,30150,0.214,0.303,0.071,0.111,0.057999999999999996,0.068,0.217,0.10099999999999999,0.27699999999999997,0.341,0.031,0.149
1980,Fresno,CA,Age-adjusted prevalence,1017162,737124,0.213,0.314,0.055999999999999994,0.098,0.06,0.057999999999999996,0.213,0.124,0.306,0.379,0.034,0.14
1982,Frio,TX,Age-adjusted prevalence,17987,13345,0.209,0.35,0.047,0.086,0.066,0.062,0.191,0.165,0.341,0.415,0.036000000000000004,0.19
1984,Frontier,NE,Age-adjusted prevalence,2585,2060,0.21600000000000003,0.29600000000000004,0.07400000000000001,0.095,0.053,0.057999999999999996,0.182,0.09,0.27899999999999997,0.387,0.027999999999999997,0.065
1986,Fulton,AR,Age-adjusted prevalence,12421,9795,0.27899999999999997,0.396,0.073,0.10800000000000001,0.077,0.1,0.28800000000000003,0.124,0.341,0.397,0.039,0.184
1988,Fulton,GA,Age-adjusted prevalence,1079105,856802,0.204,0.33399999999999996,0.059000000000000004,0.094,0.047,0.044000000000000004,0.168,0.107,0.321,0.281,0.03,0.11599999999999999
1990,Fulton,IL,Age-adjusted prevalence,32541,26249,0.24600000000000002,0.335,0.073,0.106,0.06,0.075,0.243,0.10400000000000001,0.32,0.39799999999999996,0.032,0.16899999999999998
1992,Fulton,IN,Age-adjusted prevalence,20358,15626,0.268,0.349,0.073,0.11599999999999999,0.063,0.083,0.27,0.115,0.33299999999999996,0.41700000000000004,0.032,0.177
1994,Fulton,KY,Age-adjusted prevalence,6338,4956,,,,,,,,,,,,0.33
1996,Fulton,NY,Age-adjusted prevalence,52234,41853,0.256,0.32299999999999995,0.075,0.12,0.059000000000000004,0.073,0.23,0.095,0.316,0.355,0.031,0.152
1998,Fulton,OH,Age-adjusted prevalence,42007,32339,0.266,0.32299999999999995,0.075,0.106,0.057,0.067,0.259,0.107,0.326,0.368,0.027999999999999997,0.10800000000000001
2000,Fulton,PA,Age-adjusted prevalence,14468,11638,,,,,,,,,,,,0.129
2002,Furnas,NE,Age-adjusted prevalence,4556,3583,0.237,0.313,0.073,0.096,0.057999999999999996,0.064,0.188,0.099,0.28800000000000003,0.449,0.03,0.13699999999999998
2004,Gadsden,FL,Age-adjusted prevalence,43833,34200,0.256,0.39,0.061,0.11199999999999999,0.07200000000000001,0.09,0.174,0.156,0.32,0.445,0.047,0.24100000000000002
2006,Gage,NE,Age-adjusted prevalence,21634,16755,0.228,0.327,0.07200000000000001,0.096,0.055999999999999994,0.064,0.19,0.09699999999999999,0.306,0.418,0.028999999999999998,0.121
2008,Gaines,TX,Age-adjusted prevalence,22523,14406,0.218,0.322,0.057999999999999996,0.10099999999999999,0.06,0.069,0.23399999999999999,0.12300000000000001,0.32799999999999996,0.365,0.033,0.177
2010,Galax,VA,Age-adjusted prevalence,6717,4907,0.27699999999999997,0.366,0.071,0.11699999999999999,0.07,0.092,0.27399999999999997,0.139,0.345,0.39399999999999996,0.039,0.27399999999999997
2012,Gallatin,IL,Age-adjusted prevalence,4670,3791,0.253,0.327,0.07400000000000001,0.11,0.062,0.08199999999999999,0.253,0.105,0.319,0.409,0.033,0.162
2014,Gallatin,KY,Age-adjusted prevalence,8792,6729,,,,,,,,,,,,0.221
2016,Gallatin,MT,Age-adjusted prevalence,126409,102868,0.23,0.252,0.077,0.107,0.046,0.048,0.22399999999999998,0.07200000000000001,0.268,0.24,0.025,0.09300000000000001
2018,Gallia,OH,Age-adjusted prevalence,28986,22229,0.293,0.359,0.076,0.11599999999999999,0.07,0.091,0.297,0.12300000000000001,0.335,0.36700000000000005,0.035,0.221
2020,Galveston,TX,Age-adjusted prevalence,361744,277060,0.214,0.327,0.063,0.098,0.051,0.053,0.222,0.10800000000000001,0.315,0.33799999999999997,0.028999999999999998,0.114
2022,Garden,NE,Age-adjusted prevalence,1794,1468,0.233,0.326,0.073,0.09699999999999999,0.061,0.069,0.193,0.105,0.29,0.406,0.032,0.085
2024,Garfield,CO,Age-adjusted prevalence,62707,47597,0.22,0.253,0.071,0.107,0.05,0.053,0.212,0.081,0.28600000000000003,0.23800000000000002,0.027000000000000003,0.129
2026,Garfield,MT,Age-adjusted prevalence,1211,917,0.244,0.287,0.075,0.115,0.055,0.066,0.266,0.085,0.275,0.307,0.03,0.126
2028,Garfield,NE,Age-adjusted prevalence,1763,1422,0.213,0.287,0.075,0.09300000000000001,0.051,0.054000000000000006,0.183,0.086,0.284,0.397,0.026000000000000002,0.065
2030,Garfield,OK,Age-adjusted prevalence,62023,46027,0.23800000000000002,0.361,0.069,0.111,0.062,0.073,0.235,0.113,0.35600000000000004,0.42100000000000004,0.032,0.239
2032,Garfield,UT,Age-adjusted prevalence,5314,4137,0.233,0.28300000000000003,0.077,0.10800000000000001,0.052000000000000005,0.052000000000000005,0.264,0.08900000000000001,0.294,0.289,0.027999999999999997,0.152
2034,Garfield,WA,Age-adjusted prevalence,2363,1865,0.231,0.29,0.075,0.113,0.05,0.051,0.256,0.083,0.298,0.309,0.027000000000000003,0.1
2036,Garland,AR,Age-adjusted prevalence,99784,80189,0.258,0.37799999999999995,0.073,0.10300000000000001,0.064,0.073,0.259,0.111,0.313,0.39299999999999996,0.033,0.18100000000000002
2038,Garrard,KY,Age-adjusted prevalence,17829,13879,,,,,,,,,,,,0.245
2040,Garrett,MD,Age-adjusted prevalence,28423,23480,0.268,0.34299999999999997,0.078,0.113,0.057,0.071,0.22699999999999998,0.10400000000000001,0.354,0.36200000000000004,0.03,0.127
2042,Garvin,OK,Age-adjusted prevalence,25865,19354,0.263,0.374,0.07,0.11800000000000001,0.067,0.083,0.26899999999999996,0.11900000000000001,0.335,0.385,0.035,0.166
2044,Garza,TX,Age-adjusted prevalence,4517,3597,0.221,0.35,0.055999999999999994,0.09300000000000001,0.067,0.07200000000000001,0.20800000000000002,0.145,0.337,0.39899999999999997,0.037000000000000005,0.191
2046,Gasconade,MO,Age-adjusted prevalence,14705,11709,0.263,0.32799999999999996,0.075,0.10800000000000001,0.059000000000000004,0.077,0.267,0.1,0.326,0.392,0.031,0.195
2048,Gaston,NC,Age-adjusted prevalence,237242,184354,0.249,0.337,0.069,0.111,0.057,0.067,0.259,0.107,0.32,0.359,0.032,0.192
2050,Gates,NC,Age-adjusted prevalence,10343,8363,0.258,0.365,0.064,0.11599999999999999,0.061,0.073,0.261,0.11699999999999999,0.316,0.385,0.037000000000000005,0.22699999999999998
2052,Geary,KS,Age-adjusted prevalence,35047,23726,0.253,0.355,0.064,0.10400000000000001,0.063,0.07200000000000001,0.207,0.122,0.314,0.361,0.035,0.125
2054,Geauga,OH,Age-adjusted prevalence,95407,74443,0.23800000000000002,0.303,0.077,0.105,0.052000000000000005,0.059000000000000004,0.251,0.09300000000000001,0.303,0.327,0.025,0.114
2056,Gem,ID,Age-adjusted prevalence,21071,16445,0.237,0.28300000000000003,0.07200000000000001,0.109,0.053,0.06,0.23399999999999999,0.087,0.27699999999999997,0.33,0.028999999999999998,0.125
2058,Genesee,MI,Age-adjusted prevalence,401522,313303,0.275,0.344,0.073,0.124,0.062,0.08,0.28300000000000003,0.11,0.318,0.406,0.035,0.139
2060,Genesee,NY,Age-adjusted prevalence,57529,45851,0.237,0.298,0.075,0.11,0.053,0.06,0.223,0.085,0.317,0.301,0.027999999999999997,0.165
2062,Geneva,AL,Age-adjusted prevalence,26988,21061,0.28300000000000003,0.391,0.071,0.105,0.07,0.08900000000000001,0.271,0.13,0.36200000000000004,0.42200000000000004,0.038,0.182
2064,Gentry,MO,Age-adjusted prevalence,6287,4635,0.262,0.335,0.07400000000000001,0.109,0.062,0.084,0.262,0.106,0.324,0.409,0.033,0.21
2066,George,MS,Age-adjusted prevalence,25619,18726,0.265,0.373,0.07200000000000001,0.095,0.064,0.079,0.21899999999999997,0.11699999999999999,0.342,0.369,0.035,0.19899999999999998
2068,Georgetown,SC,Age-adjusted prevalence,65731,54866,0.226,0.337,0.071,0.096,0.052000000000000005,0.06,0.21899999999999997,0.11599999999999999,0.29100000000000004,0.325,0.032,0.168
2070,Gibson,IN,Age-adjusted prevalence,32904,25197,0.267,0.33899999999999997,0.07400000000000001,0.113,0.06,0.077,0.276,0.10800000000000001,0.33,0.39399999999999996,0.03,0.183
2072,Gibson,TN,Age-adjusted prevalence,51045,38625,0.293,0.37200000000000005,0.069,0.114,0.063,0.085,0.295,0.125,0.34299999999999997,0.39399999999999996,0.035,0.192
2074,Gila,AZ,Age-adjusted prevalence,54003,43968,0.247,0.292,0.07200000000000001,0.11599999999999999,0.06,0.07400000000000001,0.22899999999999998,0.105,0.303,0.322,0.034,0.187
2076,Gilchrist,FL,Age-adjusted prevalence,19587,15406,0.242,0.309,0.078,0.10300000000000001,0.063,0.08,0.218,0.102,0.344,0.34700000000000003,0.033,0.166
2078,Giles,TN,Age-adjusted prevalence,30721,24414,0.28300000000000003,0.369,0.07200000000000001,0.115,0.063,0.085,0.308,0.122,0.34299999999999997,0.39899999999999997,0.034,0.171
2080,Giles,VA,Age-adjusted prevalence,16457,13231,0.257,0.33,0.073,0.11,0.057999999999999996,0.071,0.266,0.106,0.341,0.36,0.031,0.146
2082,Gillespie,TX,Age-adjusted prevalence,27733,22412,0.212,0.299,0.069,0.096,0.05,0.053,0.23199999999999998,0.095,0.32,0.337,0.026000000000000002,0.125
2084,Gilliam,OR,Age-adjusted prevalence,2026,1628,0.263,0.306,0.075,0.127,0.06,0.07400000000000001,0.292,0.102,0.294,0.358,0.032,0.207
2086,Gilmer,GA,Age-adjusted prevalence,32860,26936,0.244,0.324,0.073,0.098,0.059000000000000004,0.069,0.226,0.10800000000000001,0.345,0.341,0.031,0.17600000000000002
2088,Gilmer,WV,Age-adjusted prevalence,7254,6147,0.316,0.42,0.071,0.11699999999999999,0.073,0.09300000000000001,0.28600000000000003,0.145,0.375,0.43799999999999994,0.037000000000000005,0.179
2090,Gilpin,CO,Age-adjusted prevalence,5926,5161,0.21600000000000003,0.251,0.077,0.109,0.048,0.048,0.231,0.073,0.278,0.24100000000000002,0.025,0.062
2092,Glacier,MT,Age-adjusted prevalence,13609,9584,0.27699999999999997,0.348,0.065,0.146,0.079,0.10099999999999999,0.26,0.145,0.272,0.39899999999999997,0.05,0.264
2094,Glades,FL,Age-adjusted prevalence,12786,11132,0.239,0.375,0.068,0.099,0.078,0.092,0.18600000000000003,0.14400000000000002,0.35100000000000003,0.379,0.040999999999999995,0.231
2096,Gladwin,MI,Age-adjusted prevalence,25853,20920,0.272,0.33399999999999996,0.077,0.12,0.065,0.087,0.29600000000000004,0.10400000000000001,0.312,0.40299999999999997,0.033,0.16
2098,Glascock,GA,Age-adjusted prevalence,2954,2319,0.252,0.354,0.07200000000000001,0.106,0.063,0.079,0.23600000000000002,0.11800000000000001,0.342,0.37200000000000005,0.035,0.16399999999999998
2100,Glasscock,TX,Age-adjusted prevalence,1141,853,0.201,0.3,0.066,0.091,0.049,0.047,0.213,0.099,0.318,0.336,0.025,0.08199999999999999
2102,Glenn,CA,Age-adjusted prevalence,28129,20659,0.21,0.295,0.063,0.10099999999999999,0.059000000000000004,0.061,0.23199999999999998,0.111,0.307,0.324,0.032,0.155
2104,Gloucester,NJ,Age-adjusted prevalence,308423,243231,0.214,0.332,0.069,0.098,0.046,0.047,0.191,0.08900000000000001,0.34700000000000003,0.315,0.026000000000000002,0.11900000000000001
2106,Gloucester,VA,Age-adjusted prevalence,40057,32065,0.247,0.319,0.07200000000000001,0.10800000000000001,0.052000000000000005,0.057999999999999996,0.256,0.099,0.327,0.354,0.027999999999999997,0.07
2108,Glynn,GA,Age-adjusted prevalence,86172,68495,0.23600000000000002,0.375,0.069,0.10300000000000001,0.055999999999999994,0.065,0.205,0.12,0.341,0.355,0.033,0.139
2110,Gogebic,MI,Age-adjusted prevalence,14224,11925,0.268,0.33399999999999996,0.078,0.11800000000000001,0.065,0.08199999999999999,0.29,0.105,0.314,0.371,0.033,0.11599999999999999
2112,Golden Valley,MT,Age-adjusted prevalence,835,693,0.259,0.309,0.073,0.11900000000000001,0.06,0.075,0.265,0.095,0.27899999999999997,0.32799999999999996,0.033,0.124
2114,Golden Valley,ND,Age-adjusted prevalence,1743,1411,0.24600000000000002,0.317,0.073,0.106,0.06,0.065,0.222,0.098,0.303,0.37799999999999995,0.031,0.127
2116,Goliad,TX,Age-adjusted prevalence,7144,5744,0.222,0.322,0.063,0.1,0.057,0.063,0.233,0.11599999999999999,0.325,0.371,0.031,0.19399999999999998
2118,Gonzales,TX,Age-adjusted prevalence,19930,14670,0.223,0.345,0.057999999999999996,0.099,0.063,0.07,0.225,0.13699999999999998,0.331,0.39799999999999996,0.035,0.17300000000000001
2120,Goochland,VA,Age-adjusted prevalence,27197,22738,0.223,0.3,0.07200000000000001,0.102,0.045,0.045,0.228,0.087,0.319,0.32799999999999996,0.024,0.078
2122,Goodhue,MN,Age-adjusted prevalence,48035,37607,0.195,0.28600000000000003,0.073,0.10099999999999999,0.051,0.051,0.244,0.085,0.282,0.358,0.027000000000000003,0.141
2124,Gooding,ID,Age-adjusted prevalence,16061,11928,0.239,0.306,0.067,0.107,0.064,0.07400000000000001,0.217,0.11,0.28600000000000003,0.345,0.035,0.217
2126,Gordon,GA,Age-adjusted prevalence,59757,46142,0.24600000000000002,0.35,0.071,0.102,0.063,0.077,0.23,0.122,0.344,0.35,0.034,0.187
2128,Goshen,WY,Age-adjusted prevalence,12642,10171,0.22899999999999998,0.29600000000000004,0.073,0.10099999999999999,0.057,0.064,0.22399999999999998,0.09699999999999999,0.287,0.375,0.028999999999999998,0.124
2130,Gosper,NE,Age-adjusted prevalence,1847,1454,0.21,0.293,0.073,0.092,0.053,0.054000000000000006,0.18100000000000002,0.09,0.285,0.38299999999999995,0.027000000000000003,0.11599999999999999
2132,Gove,KS,Age-adjusted prevalence,2735,2038,0.233,0.303,0.07200000000000001,0.10099999999999999,0.054000000000000006,0.062,0.215,0.092,0.315,0.377,0.027999999999999997,0.09699999999999999
2134,Grady,GA,Age-adjusted prevalence,26066,19695,0.252,0.384,0.064,0.10800000000000001,0.066,0.08,0.213,0.14,0.332,0.385,0.04,0.256
2136,Grady,OK,Age-adjusted prevalence,57375,44065,0.248,0.35600000000000004,0.071,0.11199999999999999,0.06,0.069,0.247,0.10300000000000001,0.335,0.38299999999999995,0.031,0.153
2138,Grafton,NH,Age-adjusted prevalence,93146,78967,0.23399999999999999,0.27,0.078,0.105,0.048,0.053,0.249,0.075,0.28800000000000003,0.265,0.025,0.076
2140,Graham,AZ,Age-adjusted prevalence,39525,29109,0.223,0.313,0.068,0.11199999999999999,0.06,0.071,0.204,0.109,0.304,0.363,0.034,0.16899999999999998
2142,Graham,KS,Age-adjusted prevalence,2376,1886,0.245,0.32799999999999996,0.071,0.10300000000000001,0.059000000000000004,0.068,0.218,0.102,0.319,0.373,0.03,0.147
2144,Graham,NC,Age-adjusted prevalence,8052,6517,0.25,0.32799999999999996,0.073,0.11199999999999999,0.059000000000000004,0.071,0.275,0.098,0.316,0.355,0.031,0.18899999999999997
2146,Grainger,TN,Age-adjusted prevalence,24681,19943,0.293,0.363,0.07400000000000001,0.11199999999999999,0.067,0.09300000000000001,0.316,0.121,0.355,0.40700000000000003,0.035,0.22
2148,Grand,CO,Age-adjusted prevalence,15935,13504,0.223,0.251,0.076,0.109,0.049,0.051,0.235,0.07200000000000001,0.28600000000000003,0.23800000000000002,0.025,0.065
2150,Grand,UT,Age-adjusted prevalence,9706,7722,0.242,0.28800000000000003,0.076,0.11,0.054000000000000006,0.055999999999999994,0.264,0.09300000000000001,0.28300000000000003,0.282,0.028999999999999998,0.096
2152,Grand Forks,ND,Age-adjusted prevalence,72708,57336,0.244,0.303,0.073,0.10400000000000001,0.055,0.055999999999999994,0.22699999999999998,0.098,0.318,0.379,0.027999999999999997,0.151
2154,Grand Isle,VT,Age-adjusted prevalence,7467,6194,0.233,0.27899999999999997,0.077,0.11,0.047,0.05,0.26899999999999996,0.069,0.263,0.299,0.025,0.067
2156,Grand Traverse,MI,Age-adjusted prevalence,96421,77995,0.243,0.294,0.08,0.111,0.051,0.06,0.27,0.084,0.295,0.353,0.026000000000000002,0.134
2158,Granite,MT,Age-adjusted prevalence,3595,3047,0.24100000000000002,0.294,0.075,0.11199999999999999,0.055,0.064,0.247,0.084,0.27399999999999997,0.306,0.03,0.172
2160,Grant,AR,Age-adjusted prevalence,18383,14319,0.248,0.35200000000000004,0.073,0.1,0.06,0.069,0.26,0.098,0.335,0.366,0.03,0.183
2162,Grant,IN,Age-adjusted prevalence,66200,51942,0.278,0.373,0.073,0.11800000000000001,0.066,0.087,0.287,0.13,0.342,0.42200000000000004,0.035,0.23399999999999999
2164,Grant,KS,Age-adjusted prevalence,7147,4979,0.201,0.29,0.06,0.09,0.051,0.049,0.17600000000000002,0.106,0.306,0.35700000000000004,0.026000000000000002,0.147
2166,Grant,KY,Age-adjusted prevalence,25619,18868,,,,,,,,,,,,0.215
2168,Grant,LA,Age-adjusted prevalence,21911,17355,0.26899999999999996,0.401,0.068,0.098,0.068,0.083,0.272,0.127,0.35,0.396,0.037000000000000005,0.207
2170,Grant,MN,Age-adjusted prevalence,6139,4712,0.212,0.298,0.073,0.105,0.057999999999999996,0.059000000000000004,0.267,0.096,0.29600000000000004,0.39899999999999997,0.03,0.127
2172,Grant,ND,Age-adjusted prevalence,2215,1740,0.252,0.32899999999999996,0.073,0.107,0.064,0.07200000000000001,0.225,0.10300000000000001,0.298,0.418,0.033,0.132
2174,Grant,NE,Age-adjusted prevalence,565,427,0.218,0.295,0.075,0.09300000000000001,0.052000000000000005,0.055,0.187,0.08800000000000001,0.282,0.366,0.027000000000000003,0.078
2176,Grant,NM,Age-adjusted prevalence,27472,22591,0.222,0.3,0.061,0.09699999999999999,0.061,0.06,0.23199999999999998,0.114,0.3,0.33899999999999997,0.032,0.14400000000000002
2178,Grant,OK,Age-adjusted prevalence,4083,3090,0.257,0.353,0.07200000000000001,0.113,0.062,0.073,0.261,0.10400000000000001,0.335,0.365,0.032,0.16
2180,Grant,OR,Age-adjusted prevalence,7215,5880,0.262,0.304,0.076,0.126,0.06,0.07200000000000001,0.289,0.1,0.293,0.33899999999999997,0.032,0.14400000000000002
2182,Grant,SD,Age-adjusted prevalence,7553,5865,0.218,0.28600000000000003,0.076,0.099,0.055,0.057,0.212,0.094,0.287,0.375,0.028999999999999998,0.10099999999999999
2184,Grant,WA,Age-adjusted prevalence,102678,74081,0.23800000000000002,0.311,0.065,0.10800000000000001,0.059000000000000004,0.059000000000000004,0.239,0.10800000000000001,0.306,0.392,0.032,0.111
2186,Grant,WI,Age-adjusted prevalence,51409,40536,0.235,0.294,0.07200000000000001,0.111,0.059000000000000004,0.065,0.252,0.10300000000000001,0.29600000000000004,0.42700000000000005,0.031,0.175
2188,Grant,WV,Age-adjusted prevalence,10921,8803,0.315,0.369,0.07400000000000001,0.121,0.065,0.085,0.314,0.122,0.353,0.433,0.032,0.184
2190,Granville,NC,Age-adjusted prevalence,62192,49581,0.24100000000000002,0.361,0.064,0.113,0.059000000000000004,0.067,0.242,0.113,0.318,0.359,0.035,0.17800000000000002
2192,Gratiot,MI,Age-adjusted prevalence,41368,33395,0.265,0.335,0.075,0.113,0.063,0.08,0.273,0.105,0.31,0.375,0.032,0.16399999999999998
2194,Graves,KY,Age-adjusted prevalence,36461,27625,,,,,,,,,,,,0.204
2196,Gray,KS,Age-adjusted prevalence,5743,4076,0.233,0.305,0.069,0.102,0.057999999999999996,0.066,0.217,0.098,0.322,0.39899999999999997,0.028999999999999998,0.166
2198,Gray,TX,Age-adjusted prevalence,20916,15662,0.23,0.34700000000000003,0.064,0.099,0.063,0.07200000000000001,0.23600000000000002,0.124,0.325,0.385,0.034,0.153
2200,Grays Harbor,WA,Age-adjusted prevalence,77290,62070,0.247,0.324,0.073,0.11599999999999999,0.059000000000000004,0.064,0.284,0.105,0.314,0.368,0.032,0.141
2202,Grayson,KY,Age-adjusted prevalence,26825,20578,,,,,,,,,,,,0.308
2204,Grayson,TX,Age-adjusted prevalence,146907,111562,0.22699999999999998,0.321,0.069,0.10400000000000001,0.055,0.063,0.25,0.106,0.32899999999999996,0.33899999999999997,0.03,0.171
2206,Grayson,VA,Age-adjusted prevalence,15285,12745,0.27899999999999997,0.368,0.07200000000000001,0.114,0.07200000000000001,0.092,0.266,0.131,0.35200000000000004,0.41200000000000003,0.038,0.23199999999999998
2208,Greater Bridgeport,CT,Age-adjusted prevalence,327651,256229,0.195,0.28300000000000003,0.065,0.105,0.048,0.049,0.182,0.092,0.337,0.284,0.03,0.107
2210,Greeley,KS,Age-adjusted prevalence,1181,861,0.222,0.29600000000000004,0.07,0.096,0.052000000000000005,0.054000000000000006,0.207,0.09300000000000001,0.308,0.369,0.026000000000000002,0.092
2212,Greeley,NE,Age-adjusted prevalence,2219,1694,0.21100000000000002,0.298,0.073,0.09300000000000001,0.055,0.061,0.182,0.09300000000000001,0.284,0.353,0.028999999999999998,0.11800000000000001
2214,Green,KY,Age-adjusted prevalence,11468,9075,,,,,,,,,,,,0.282
2216,Green,WI,Age-adjusted prevalence,36951,29103,0.225,0.29600000000000004,0.07200000000000001,0.107,0.052000000000000005,0.054000000000000006,0.245,0.087,0.301,0.39899999999999997,0.027000000000000003,0.12
2218,Green Lake,WI,Age-adjusted prevalence,19344,15139,0.24600000000000002,0.3,0.071,0.113,0.059000000000000004,0.067,0.254,0.10099999999999999,0.293,0.40399999999999997,0.031,0.13
2220,Greenbrier,WV,Age-adjusted prevalence,32149,25961,0.32799999999999996,0.385,0.07400000000000001,0.126,0.07,0.096,0.316,0.129,0.35100000000000003,0.402,0.035,0.24100000000000002
2222,Greene,AL,Age-adjusted prevalence,7341,5755,0.309,0.524,0.05,0.12300000000000001,0.08199999999999999,0.107,0.22,0.21100000000000002,0.36200000000000004,0.534,0.061,0.314
2224,Greene,AR,Age-adjusted prevalence,46743,35680,0.27,0.39299999999999996,0.073,0.105,0.068,0.086,0.285,0.11,0.33899999999999997,0.423,0.035,0.225
2226,Greene,GA,Age-adjusted prevalence,20722,17235,0.22699999999999998,0.345,0.067,0.10099999999999999,0.052000000000000005,0.054000000000000006,0.193,0.109,0.332,0.345,0.03,0.171
2228,Greene,IA,Age-adjusted prevalence,8584,6667,0.24,0.309,0.07400000000000001,0.10300000000000001,0.055999999999999994,0.066,0.222,0.098,0.298,0.36,0.028999999999999998,0.13699999999999998
2230,Greene,IL,Age-adjusted prevalence,11543,9100,0.249,0.32299999999999995,0.07400000000000001,0.10800000000000001,0.059000000000000004,0.077,0.248,0.102,0.32,0.39899999999999997,0.032,0.156
2232,Greene,IN,Age-adjusted prevalence,31196,24492,0.27,0.354,0.075,0.11599999999999999,0.065,0.086,0.27699999999999997,0.11599999999999999,0.359,0.40399999999999997,0.033,0.223
2234,Greene,MO,Age-adjusted prevalence,304611,241659,0.263,0.316,0.07400000000000001,0.10800000000000001,0.057999999999999996,0.073,0.248,0.102,0.319,0.37799999999999995,0.031,0.218
2236,Greene,MS,Age-adjusted prevalence,13601,11108,0.265,0.415,0.067,0.09300000000000001,0.067,0.08199999999999999,0.2,0.131,0.34299999999999997,0.419,0.039,0.204
2238,Greene,NC,Age-adjusted prevalence,20530,16688,0.263,0.40299999999999997,0.06,0.11199999999999999,0.071,0.086,0.237,0.14300000000000002,0.32299999999999995,0.42700000000000005,0.044000000000000004,0.292
2240,Greene,NY,Age-adjusted prevalence,47062,39543,0.235,0.297,0.07400000000000001,0.109,0.054000000000000006,0.062,0.217,0.08900000000000001,0.325,0.345,0.027999999999999997,0.132
2242,Greene,OH,Age-adjusted prevalence,169691,135071,0.256,0.322,0.076,0.109,0.053,0.057999999999999996,0.249,0.098,0.324,0.385,0.027000000000000003,0.12
2244,Greene,PA,Age-adjusted prevalence,34357,27940,,,,,,,,,,,,0.158
2246,Greene,TN,Age-adjusted prevalence,72577,58898,0.29,0.359,0.075,0.11199999999999999,0.066,0.091,0.31,0.121,0.33799999999999997,0.406,0.034,0.155
2248,Greene,VA,Age-adjusted prevalence,21301,16419,0.248,0.324,0.07200000000000001,0.10800000000000001,0.055,0.063,0.248,0.10400000000000001,0.332,0.375,0.028999999999999998,0.092
2250,Greenlee,AZ,Age-adjusted prevalence,9369,6858,0.215,0.287,0.064,0.10099999999999999,0.05,0.051,0.193,0.10099999999999999,0.321,0.33,0.027000000000000003,0.13
2252,Greensville,VA,Age-adjusted prevalence,11133,9333,0.255,0.42200000000000004,0.055,0.111,0.068,0.077,0.196,0.156,0.33899999999999997,0.449,0.044000000000000004,0.188
2254,Greenup,KY,Age-adjusted prevalence,35221,27851,,,,,,,,,,,,0.212
2256,Greenville,SC,Age-adjusted prevalence,558036,430899,0.222,0.326,0.071,0.095,0.052000000000000005,0.057,0.223,0.107,0.322,0.325,0.028999999999999998,0.125
2258,Greenwood,KS,Age-adjusted prevalence,5870,4610,0.25,0.327,0.07200000000000001,0.105,0.062,0.073,0.231,0.102,0.32,0.40700000000000003,0.031,0.153
2260,Greenwood,SC,Age-adjusted prevalence,69460,54014,0.27,0.364,0.068,0.102,0.059000000000000004,0.073,0.24600000000000002,0.13,0.317,0.375,0.037000000000000005,0.19699999999999998
2262,Greer,OK,Age-adjusted prevalence,5466,4363,0.254,0.37799999999999995,0.069,0.10800000000000001,0.065,0.075,0.244,0.11599999999999999,0.33799999999999997,0.42200000000000004,0.034,0.21100000000000002
2264,Gregg,TX,Age-adjusted prevalence,126243,93766,0.23600000000000002,0.353,0.064,0.107,0.059000000000000004,0.069,0.242,0.12300000000000001,0.32,0.37200000000000005,0.035,0.16899999999999998
2266,Gregory,SD,Age-adjusted prevalence,4018,3034,0.22699999999999998,0.3,0.076,0.106,0.059000000000000004,0.066,0.223,0.102,0.294,0.366,0.031,0.11
2268,Grenada,MS,Age-adjusted prevalence,21065,15948,0.272,0.433,0.063,0.10400000000000001,0.067,0.084,0.201,0.147,0.33799999999999997,0.461,0.043,0.248
2270,Griggs,ND,Age-adjusted prevalence,2248,1789,0.23199999999999998,0.301,0.07400000000000001,0.099,0.052000000000000005,0.054000000000000006,0.20800000000000002,0.083,0.3,0.379,0.027000000000000003,0.125
2272,Grimes,TX,Age-adjusted prevalence,32384,25008,0.22899999999999998,0.345,0.063,0.10099999999999999,0.061,0.069,0.233,0.12300000000000001,0.326,0.371,0.034,0.151
2274,Grundy,IA,Age-adjusted prevalence,12384,9451,0.225,0.292,0.075,0.099,0.05,0.054000000000000006,0.21,0.086,0.301,0.375,0.025,0.08900000000000001
2276,Grundy,IL,Age-adjusted prevalence,53578,40665,0.223,0.29600000000000004,0.07200000000000001,0.10099999999999999,0.05,0.057,0.225,0.091,0.313,0.361,0.026000000000000002,0.1
2278,Grundy,MO,Age-adjusted prevalence,9815,7321,0.267,0.342,0.07400000000000001,0.11,0.065,0.08900000000000001,0.271,0.11199999999999999,0.32899999999999996,0.396,0.035,0.158
2280,Grundy,TN,Age-adjusted prevalence,13955,10952,0.31,0.38299999999999995,0.073,0.11699999999999999,0.073,0.10800000000000001,0.32899999999999996,0.131,0.35200000000000004,0.40399999999999997,0.039,0.218
2282,Guadalupe,NM,Age-adjusted prevalence,4292,3499,0.209,0.331,0.048,0.087,0.065,0.055,0.2,0.14300000000000002,0.305,0.375,0.035,0.16
2284,Guadalupe,TX,Age-adjusted prevalence,188454,143773,0.222,0.317,0.06,0.095,0.05,0.05,0.225,0.11599999999999999,0.32,0.344,0.027999999999999997,0.107
2286,Guernsey,OH,Age-adjusted prevalence,38089,29668,0.282,0.345,0.077,0.114,0.069,0.087,0.287,0.11900000000000001,0.33299999999999996,0.381,0.034,0.18
2288,Guilford,NC,Age-adjusted prevalence,549866,430053,0.244,0.35100000000000003,0.063,0.11199999999999999,0.055,0.06,0.245,0.11199999999999999,0.312,0.386,0.033,0.133
2290,Gulf,FL,Age-adjusted prevalence,15693,13114,0.24100000000000002,0.34,0.076,0.098,0.061,0.07200000000000001,0.204,0.109,0.32799999999999996,0.35100000000000003,0.032,0.142
2292,Gunnison,CO,Age-adjusted prevalence,17321,14624,0.215,0.24600000000000002,0.078,0.107,0.047,0.046,0.231,0.071,0.28300000000000003,0.247,0.024,0.13
2294,Guthrie,IA,Age-adjusted prevalence,10722,8454,0.223,0.3,0.07400000000000001,0.1,0.052000000000000005,0.057999999999999996,0.21,0.091,0.307,0.37200000000000005,0.027000000000000003,0.1
2296,Gwinnett,GA,Age-adjusted prevalence,983526,730986,0.195,0.327,0.057999999999999996,0.091,0.051,0.049,0.157,0.12,0.33899999999999997,0.345,0.03,0.106
2298,Haakon,SD,Age-adjusted prevalence,1851,1404,0.226,0.293,0.077,0.105,0.059000000000000004,0.063,0.222,0.098,0.292,0.344,0.031,0.14400000000000002
2300,Habersham,GA,Age-adjusted prevalence,48757,38151,0.23600000000000002,0.332,0.07200000000000001,0.1,0.057999999999999996,0.069,0.222,0.111,0.344,0.327,0.031,0.14400000000000002
2302,Haines,AK,Age-adjusted prevalence,2070,1718,0.21100000000000002,0.301,0.07200000000000001,0.10300000000000001,0.052000000000000005,0.053,0.205,0.077,0.29600000000000004,0.33299999999999996,0.027000000000000003,0.138
2304,Hale,AL,Age-adjusted prevalence,14888,11246,0.29,0.46,0.057999999999999996,0.115,0.069,0.086,0.223,0.163,0.355,0.478,0.047,0.253
2306,Hale,TX,Age-adjusted prevalence,31761,23506,0.222,0.355,0.055,0.095,0.066,0.07,0.214,0.15,0.33899999999999997,0.395,0.037000000000000005,0.174
2308,Halifax,NC,Age-adjusted prevalence,47298,37177,0.275,0.429,0.057,0.125,0.071,0.091,0.239,0.152,0.32299999999999995,0.426,0.048,0.275
2310,Halifax,VA,Age-adjusted prevalence,33432,26643,0.268,0.387,0.063,0.12,0.067,0.085,0.244,0.14300000000000002,0.345,0.406,0.042,0.193
2312,Hall,GA,Age-adjusted prevalence,217267,166389,0.231,0.335,0.067,0.095,0.057,0.062,0.20600000000000002,0.11800000000000001,0.34600000000000003,0.325,0.031,0.182
2314,Hall,NE,Age-adjusted prevalence,62197,45205,0.22399999999999998,0.3,0.067,0.08800000000000001,0.057999999999999996,0.061,0.168,0.107,0.294,0.414,0.03,0.131
2316,Hall,TX,Age-adjusted prevalence,2818,2210,0.235,0.35100000000000003,0.061,0.10099999999999999,0.065,0.073,0.23600000000000002,0.136,0.33,0.4,0.036000000000000004,0.185
2318,Hamblen,TN,Age-adjusted prevalence,66216,50439,0.289,0.371,0.07200000000000001,0.111,0.067,0.091,0.31,0.129,0.354,0.40299999999999997,0.036000000000000004,0.177
2320,Hamilton,FL,Age-adjusted prevalence,13471,10639,0.263,0.396,0.068,0.11,0.077,0.10099999999999999,0.198,0.147,0.365,0.42,0.045,0.22399999999999998
2322,Hamilton,IA,Age-adjusted prevalence,14729,11259,0.226,0.305,0.073,0.1,0.053,0.057999999999999996,0.209,0.095,0.292,0.366,0.027000000000000003,0.094
2324,Hamilton,IL,Age-adjusted prevalence,7911,6144,0.253,0.33,0.07400000000000001,0.109,0.062,0.08,0.251,0.107,0.32299999999999995,0.401,0.033,0.153
2326,Hamilton,IN,Age-adjusted prevalence,371645,278885,0.217,0.29600000000000004,0.075,0.102,0.044000000000000004,0.043,0.22899999999999998,0.086,0.33299999999999996,0.319,0.021,0.051
2328,Hamilton,KS,Age-adjusted prevalence,2437,1730,0.21600000000000003,0.308,0.064,0.092,0.055999999999999994,0.057,0.18899999999999997,0.106,0.316,0.4,0.027999999999999997,0.17600000000000002
2330,Hamilton,NE,Age-adjusted prevalence,9537,7226,0.223,0.287,0.07400000000000001,0.09300000000000001,0.051,0.051,0.18,0.083,0.292,0.408,0.025,0.07
2332,Hamilton,NY,Age-adjusted prevalence,5082,4455,0.231,0.295,0.076,0.11199999999999999,0.055,0.063,0.222,0.085,0.322,0.308,0.027999999999999997,0.109
2334,Hamilton,OH,Age-adjusted prevalence,827058,638290,0.253,0.33899999999999997,0.069,0.115,0.057,0.064,0.259,0.11900000000000001,0.307,0.358,0.031,0.198
2336,Hamilton,TN,Age-adjusted prevalence,379864,299790,0.257,0.34600000000000003,0.07,0.111,0.055,0.067,0.27399999999999997,0.11,0.32299999999999995,0.345,0.03,0.087
2338,Hamilton,TX,Age-adjusted prevalence,8619,6752,0.23399999999999999,0.331,0.07,0.102,0.059000000000000004,0.071,0.252,0.11,0.326,0.366,0.032,0.159
2340,Hamlin,SD,Age-adjusted prevalence,6451,4294,0.215,0.27899999999999997,0.076,0.099,0.054000000000000006,0.055,0.20600000000000002,0.09,0.293,0.35100000000000003,0.027999999999999997,0.10800000000000001
2342,Hampden,MA,Age-adjusted prevalence,460291,365283,0.257,0.312,0.071,0.128,0.057999999999999996,0.067,0.275,0.105,0.306,0.35200000000000004,0.031,0.145
2344,Hampshire,MA,Age-adjusted prevalence,162502,139946,0.22399999999999998,0.259,0.077,0.121,0.049,0.052000000000000005,0.278,0.078,0.281,0.244,0.025,0.13699999999999998
2346,Hampshire,WV,Age-adjusted prevalence,23649,19427,0.317,0.374,0.07400000000000001,0.121,0.065,0.086,0.319,0.124,0.36200000000000004,0.38799999999999996,0.032,0.243
2348,Hampton,SC,Age-adjusted prevalence,18122,14442,0.261,0.42,0.059000000000000004,0.106,0.069,0.086,0.21899999999999997,0.171,0.34,0.41600000000000004,0.046,0.18899999999999997
2350,Hampton,VA,Age-adjusted prevalence,137098,107586,0.257,0.381,0.057999999999999996,0.11900000000000001,0.057,0.063,0.213,0.138,0.33299999999999996,0.409,0.037000000000000005,0.095
2352,Hancock,GA,Age-adjusted prevalence,8676,7419,0.26899999999999996,0.467,0.054000000000000006,0.115,0.077,0.094,0.182,0.183,0.34299999999999997,0.451,0.054000000000000006,0.322
2354,Hancock,IA,Age-adjusted prevalence,10615,8332,0.239,0.308,0.073,0.1,0.055,0.063,0.21899999999999997,0.096,0.307,0.425,0.027999999999999997,0.073
2356,Hancock,IL,Age-adjusted prevalence,17186,13505,0.24,0.315,0.07400000000000001,0.105,0.055999999999999994,0.068,0.24,0.09699999999999999,0.321,0.389,0.028999999999999998,0.10099999999999999
2358,Hancock,IN,Age-adjusted prevalence,86166,66246,0.23800000000000002,0.33399999999999996,0.075,0.11,0.05,0.057999999999999996,0.252,0.095,0.31,0.395,0.025,0.11699999999999999
2360,Hancock,KY,Age-adjusted prevalence,8920,6844,,,,,,,,,,,,0.125
2362,Hancock,ME,Age-adjusted prevalence,56526,47589,0.247,0.27899999999999997,0.075,0.12300000000000001,0.054000000000000006,0.062,0.27699999999999997,0.081,0.306,0.294,0.027000000000000003,0.08
2364,Hancock,MS,Age-adjusted prevalence,46159,37467,0.258,0.359,0.07200000000000001,0.094,0.059000000000000004,0.069,0.21100000000000002,0.10800000000000001,0.34299999999999997,0.37,0.032,0.12300000000000001
2366,Hancock,OH,Age-adjusted prevalence,74704,58554,0.248,0.324,0.075,0.107,0.055999999999999994,0.065,0.26,0.107,0.313,0.396,0.027999999999999997,0.136
2368,Hancock,TN,Age-adjusted prevalence,6956,5496,0.331,0.42100000000000004,0.07400000000000001,0.12300000000000001,0.08900000000000001,0.141,0.35100000000000003,0.156,0.36,0.426,0.048,0.34299999999999997
2370,Hancock,WV,Age-adjusted prevalence,28145,22983,0.315,0.382,0.07400000000000001,0.12300000000000001,0.064,0.084,0.317,0.125,0.349,0.439,0.032,0.18899999999999997
2372,Hand,SD,Age-adjusted prevalence,3107,2369,0.218,0.27899999999999997,0.079,0.099,0.052000000000000005,0.053,0.215,0.08800000000000001,0.29,0.344,0.027000000000000003,0.11900000000000001
2374,Hanover,VA,Age-adjusted prevalence,114148,89709,0.222,0.298,0.07200000000000001,0.10099999999999999,0.048,0.05,0.22899999999999998,0.09300000000000001,0.34,0.327,0.025,0.08800000000000001
2376,Hansford,TX,Age-adjusted prevalence,5071,3618,0.217,0.322,0.061,0.096,0.059000000000000004,0.064,0.225,0.12300000000000001,0.32799999999999996,0.374,0.032,0.157
2378,Hanson,SD,Age-adjusted prevalence,3471,2506,0.22699999999999998,0.297,0.077,0.10400000000000001,0.059000000000000004,0.063,0.226,0.099,0.29600000000000004,0.358,0.031,0.131
2380,Haralson,GA,Age-adjusted prevalence,32038,24278,0.248,0.341,0.073,0.10300000000000001,0.059000000000000004,0.073,0.244,0.11,0.332,0.358,0.032,0.125
2382,Hardee,FL,Age-adjusted prevalence,25760,19295,0.245,0.34600000000000003,0.067,0.09699999999999999,0.07400000000000001,0.086,0.183,0.14400000000000002,0.345,0.406,0.039,0.23600000000000002
2384,Hardeman,TN,Age-adjusted prevalence,25567,20544,0.289,0.425,0.062,0.114,0.07,0.092,0.263,0.151,0.341,0.43799999999999994,0.042,0.253
2386,Hardeman,TX,Age-adjusted prevalence,3490,2702,0.23399999999999999,0.336,0.066,0.105,0.061,0.07200000000000001,0.247,0.11900000000000001,0.326,0.38,0.034,0.134
2388,Hardin,IA,Age-adjusted prevalence,16463,13369,0.23399999999999999,0.316,0.07400000000000001,0.10099999999999999,0.055999999999999994,0.065,0.21600000000000003,0.099,0.298,0.392,0.028999999999999998,0.113
2390,Hardin,IL,Age-adjusted prevalence,3569,2918,0.24600000000000002,0.32899999999999996,0.073,0.109,0.061,0.078,0.247,0.105,0.322,0.396,0.032,0.18100000000000002
2392,Hardin,KY,Age-adjusted prevalence,112273,84493,,,,,,,,,,,,0.188
2394,Hardin,OH,Age-adjusted prevalence,30368,23282,0.281,0.36700000000000005,0.076,0.11199999999999999,0.067,0.085,0.275,0.11900000000000001,0.324,0.418,0.033,0.233
2396,Hardin,TN,Age-adjusted prevalence,27229,21759,0.3,0.376,0.07400000000000001,0.115,0.07,0.10099999999999999,0.324,0.128,0.344,0.38,0.037000000000000005,0.19
2398,Hardin,TX,Age-adjusted prevalence,58261,43697,0.23399999999999999,0.325,0.07,0.106,0.055999999999999994,0.068,0.257,0.10400000000000001,0.32299999999999995,0.337,0.031,0.125
2400,Harding,NM,Age-adjusted prevalence,624,540,0.23199999999999998,0.325,0.061,0.1,0.066,0.069,0.243,0.124,0.305,0.365,0.036000000000000004,0.183
2402,Harding,SD,Age-adjusted prevalence,1324,1009,0.21,0.276,0.077,0.098,0.05,0.049,0.212,0.085,0.28300000000000003,0.35100000000000003,0.026000000000000002,0.114
2404,Hardy,WV,Age-adjusted prevalence,14251,11484,0.324,0.4,0.07200000000000001,0.125,0.07200000000000001,0.09699999999999999,0.32,0.142,0.365,0.415,0.036000000000000004,0.24
2406,Harford,MD,Age-adjusted prevalence,264644,206050,0.23399999999999999,0.317,0.07200000000000001,0.102,0.047,0.052000000000000005,0.22399999999999998,0.09699999999999999,0.348,0.354,0.026000000000000002,0.051
2408,Harlan,KY,Age-adjusted prevalence,25324,19294,,,,,,,,,,,,0.24100000000000002
2410,Harlan,NE,Age-adjusted prevalence,3045,2375,0.21600000000000003,0.298,0.073,0.094,0.054000000000000006,0.057,0.18600000000000003,0.09,0.29,0.355,0.027000000000000003,0.079
2412,Harmon,OK,Age-adjusted prevalence,2392,1769,0.26,0.385,0.063,0.11199999999999999,0.07,0.081,0.244,0.138,0.34700000000000003,0.42700000000000005,0.037000000000000005,0.22899999999999998
2414,Harnett,NC,Age-adjusted prevalence,141477,105764,0.251,0.365,0.066,0.11,0.059000000000000004,0.067,0.261,0.111,0.318,0.36700000000000005,0.034,0.14800000000000002
2416,Harney,OR,Age-adjusted prevalence,7440,5975,0.268,0.332,0.075,0.129,0.065,0.08,0.29600000000000004,0.11,0.299,0.39,0.034,0.172
2418,Harper,KS,Age-adjusted prevalence,5435,4018,0.261,0.335,0.071,0.105,0.066,0.083,0.23199999999999998,0.114,0.33,0.42100000000000004,0.034,0.195
2420,Harper,OK,Age-adjusted prevalence,3190,2450,0.254,0.35600000000000004,0.07,0.107,0.064,0.071,0.245,0.11199999999999999,0.341,0.39299999999999996,0.032,0.166
2422,Harris,GA,Age-adjusted prevalence,36654,28872,0.228,0.317,0.07,0.09699999999999999,0.049,0.051,0.19899999999999998,0.099,0.332,0.324,0.027000000000000003,0.11800000000000001
2424,Harris,TX,Age-adjusted prevalence,4835125,3595915,0.196,0.32899999999999996,0.054000000000000006,0.092,0.055,0.055,0.195,0.132,0.337,0.371,0.033,0.109
2426,Harrison,IA,Age-adjusted prevalence,14670,11251,0.233,0.307,0.07400000000000001,0.10099999999999999,0.055,0.062,0.21600000000000003,0.09699999999999999,0.312,0.35,0.027999999999999997,0.17300000000000001
2428,Harrison,IN,Age-adjusted prevalence,40006,31213,0.261,0.33399999999999996,0.075,0.113,0.057,0.071,0.261,0.102,0.33399999999999996,0.42200000000000004,0.027999999999999997,0.099
2430,Harrison,KY,Age-adjusted prevalence,19415,14948,,,,,,,,,,,,0.18899999999999997
2432,Harrison,MO,Age-adjusted prevalence,8220,6218,0.273,0.342,0.07400000000000001,0.109,0.066,0.091,0.26899999999999996,0.113,0.335,0.397,0.035,0.203
2434,Harrison,MS,Age-adjusted prevalence,210612,161589,0.25,0.39,0.067,0.09699999999999999,0.061,0.07,0.21600000000000003,0.12300000000000001,0.348,0.366,0.035,0.14800000000000002
2436,Harrison,OH,Age-adjusted prevalence,14159,11246,0.276,0.355,0.07400000000000001,0.115,0.065,0.083,0.287,0.11800000000000001,0.332,0.41100000000000003,0.033,0.209
2438,Harrison,TX,Age-adjusted prevalence,70895,53891,0.237,0.35,0.064,0.10800000000000001,0.059000000000000004,0.069,0.243,0.11900000000000001,0.316,0.392,0.035,0.16399999999999998
2440,Harrison,WV,Age-adjusted prevalence,64639,51001,0.315,0.371,0.07400000000000001,0.124,0.065,0.084,0.311,0.126,0.36700000000000005,0.401,0.032,0.16399999999999998
2442,Harrisonburg,VA,Age-adjusted prevalence,51082,42177,0.259,0.355,0.067,0.10800000000000001,0.067,0.077,0.248,0.139,0.348,0.391,0.036000000000000004,0.212
2444,Hart,GA,Age-adjusted prevalence,27556,22018,0.245,0.354,0.069,0.10400000000000001,0.06,0.071,0.217,0.11900000000000001,0.344,0.35200000000000004,0.034,0.17300000000000001
2446,Hart,KY,Age-adjusted prevalence,19724,14975,,,,,,,,,,,,0.262
2448,Hartley,TX,Age-adjusted prevalence,5145,4012,0.20800000000000002,0.322,0.064,0.091,0.055,0.055999999999999994,0.21100000000000002,0.10800000000000001,0.32299999999999995,0.34299999999999997,0.028999999999999998,0.142
2450,Harvey,KS,Age-adjusted prevalence,33504,25695,0.221,0.298,0.07,0.10099999999999999,0.054000000000000006,0.06,0.215,0.1,0.317,0.37200000000000005,0.027999999999999997,0.11800000000000001
2452,Haskell,KS,Age-adjusted prevalence,3630,2660,0.23,0.316,0.065,0.1,0.061,0.069,0.207,0.115,0.32799999999999996,0.424,0.031,0.177
2454,Haskell,OK,Age-adjusted prevalence,11832,9053,0.26899999999999996,0.382,0.07,0.124,0.07200000000000001,0.08900000000000001,0.268,0.124,0.34299999999999997,0.423,0.038,0.267
2456,Haskell,TX,Age-adjusted prevalence,5385,4416,0.231,0.341,0.065,0.10099999999999999,0.063,0.07400000000000001,0.23800000000000002,0.12300000000000001,0.331,0.369,0.034,0.179
2458,Hawaii,HI,Age-adjusted prevalence,207615,164992,0.214,0.248,0.059000000000000004,0.114,0.054000000000000006,0.055999999999999994,0.217,0.096,0.27399999999999997,0.275,0.033,0.10300000000000001
2460,Hawkins,TN,Age-adjusted prevalence,58600,47494,0.299,0.37,0.075,0.11199999999999999,0.068,0.094,0.324,0.124,0.354,0.40700000000000003,0.035,0.133
2462,Hayes,NE,Age-adjusted prevalence,846,629,0.221,0.304,0.07200000000000001,0.09300000000000001,0.057,0.061,0.188,0.099,0.28600000000000003,0.418,0.028999999999999998,0.153
2464,Hays,TX,Age-adjusted prevalence,280486,218510,0.20800000000000002,0.305,0.064,0.09300000000000001,0.051,0.05,0.215,0.10800000000000001,0.319,0.353,0.027000000000000003,0.095
2466,Haywood,NC,Age-adjusted prevalence,62969,52105,0.24600000000000002,0.322,0.075,0.10800000000000001,0.057,0.066,0.285,0.092,0.316,0.332,0.028999999999999998,0.153
2468,Haywood,TN,Age-adjusted prevalence,17328,13485,0.302,0.44799999999999995,0.057999999999999996,0.125,0.07,0.09699999999999999,0.282,0.165,0.34,0.466,0.046,0.263
2470,Heard,GA,Age-adjusted prevalence,12034,9275,0.253,0.35100000000000003,0.071,0.106,0.063,0.078,0.235,0.11900000000000001,0.337,0.353,0.035,0.2
2472,Hemphill,TX,Age-adjusted prevalence,3189,2336,0.20600000000000002,0.293,0.066,0.095,0.048,0.051,0.225,0.09699999999999999,0.32,0.332,0.026000000000000002,0.121
2474,Hempstead,AR,Age-adjusted prevalence,19343,14429,0.255,0.405,0.062,0.10800000000000001,0.068,0.081,0.23199999999999998,0.136,0.32899999999999996,0.45799999999999996,0.04,0.225
2476,Henderson,IL,Age-adjusted prevalence,6088,4976,0.239,0.318,0.073,0.105,0.055999999999999994,0.07,0.239,0.098,0.322,0.387,0.03,0.135
2478,Henderson,KY,Age-adjusted prevalence,44119,34202,,,,,,,,,,,,0.245
2480,Henderson,NC,Age-adjusted prevalence,119230,97324,0.23399999999999999,0.304,0.073,0.105,0.054000000000000006,0.061,0.258,0.091,0.313,0.304,0.027999999999999997,0.122
2482,Henderson,TN,Age-adjusted prevalence,28070,21781,0.297,0.377,0.07200000000000001,0.113,0.066,0.091,0.303,0.126,0.35200000000000004,0.386,0.036000000000000004,0.209
2484,Henderson,TX,Age-adjusted prevalence,86158,67684,0.24,0.34,0.068,0.106,0.06,0.07200000000000001,0.257,0.113,0.324,0.35600000000000004,0.033,0.16
2486,Hendricks,IN,Age-adjusted prevalence,186387,140883,0.242,0.326,0.07200000000000001,0.107,0.049,0.055,0.218,0.099,0.34,0.36,0.025,0.113
2488,Hendry,FL,Age-adjusted prevalence,43333,32457,0.222,0.36200000000000004,0.059000000000000004,0.094,0.076,0.081,0.166,0.161,0.332,0.377,0.04,0.26
2490,Hennepin,MN,Age-adjusted prevalence,1258713,989486,0.171,0.26899999999999996,0.069,0.096,0.045,0.04,0.258,0.07400000000000001,0.293,0.271,0.025,0.078
2492,Henrico,VA,Age-adjusted prevalence,334760,262519,0.228,0.33299999999999996,0.064,0.106,0.049,0.05,0.213,0.10800000000000001,0.313,0.325,0.028999999999999998,0.1
2494,Henry,AL,Age-adjusted prevalence,17899,14236,0.273,0.40399999999999997,0.068,0.105,0.063,0.076,0.248,0.128,0.35700000000000004,0.41200000000000003,0.037000000000000005,0.114
2496,Henry,GA,Age-adjusted prevalence,254613,191306,0.23,0.374,0.057999999999999996,0.105,0.05,0.052000000000000005,0.177,0.124,0.32899999999999996,0.447,0.033,0.158
2498,Henry,IA,Age-adjusted prevalence,19547,15436,0.235,0.321,0.073,0.098,0.057,0.065,0.212,0.102,0.306,0.391,0.03,0.10099999999999999
2500,Henry,IL,Age-adjusted prevalence,48448,38043,0.23199999999999998,0.3,0.07400000000000001,0.10300000000000001,0.052000000000000005,0.062,0.233,0.092,0.311,0.368,0.027999999999999997,0.107
2502,Henry,IN,Age-adjusted prevalence,48929,39114,0.268,0.36,0.07400000000000001,0.114,0.062,0.08,0.278,0.11199999999999999,0.345,0.436,0.031,0.19699999999999998
2504,Henry,KY,Age-adjusted prevalence,15973,12243,,,,,,,,,,,,0.149
2506,Henry,MO,Age-adjusted prevalence,22485,17438,0.27,0.342,0.07400000000000001,0.11,0.065,0.08800000000000001,0.26899999999999996,0.11,0.326,0.386,0.034,0.14
2508,Henry,OH,Age-adjusted prevalence,27520,21192,0.249,0.326,0.075,0.10800000000000001,0.057999999999999996,0.068,0.261,0.105,0.315,0.385,0.028999999999999998,0.16399999999999998
2510,Henry,TN,Age-adjusted prevalence,32554,26072,0.29600000000000004,0.369,0.073,0.114,0.068,0.09300000000000001,0.326,0.126,0.341,0.381,0.036000000000000004,0.193
2512,Henry,VA,Age-adjusted prevalence,49702,40192,0.276,0.375,0.067,0.11900000000000001,0.066,0.084,0.257,0.134,0.33799999999999997,0.42200000000000004,0.039,0.17600000000000002
2514,Herkimer,NY,Age-adjusted prevalence,59484,47406,0.257,0.301,0.076,0.11199999999999999,0.055,0.067,0.218,0.08800000000000001,0.316,0.37,0.028999999999999998,0.18899999999999997
2516,Hernando,FL,Age-adjusted prevalence,212807,173370,0.235,0.306,0.076,0.099,0.06,0.068,0.213,0.11199999999999999,0.335,0.364,0.031,0.096
2518,Hertford,NC,Age-adjusted prevalence,19453,15694,0.267,0.42200000000000004,0.055999999999999994,0.124,0.068,0.083,0.239,0.152,0.322,0.433,0.046,0.293
2520,Hettinger,ND,Age-adjusted prevalence,2415,1825,0.231,0.299,0.073,0.105,0.055,0.057999999999999996,0.21899999999999997,0.08900000000000001,0.3,0.379,0.027999999999999997,0.11199999999999999
2522,Hickman,KY,Age-adjusted prevalence,4447,3584,,,,,,,,,,,,0.195
2524,Hickman,TN,Age-adjusted prevalence,25826,20399,0.289,0.371,0.07400000000000001,0.11,0.065,0.08800000000000001,0.306,0.11800000000000001,0.348,0.381,0.034,0.18600000000000003
2526,Hickory,MO,Age-adjusted prevalence,8718,7163,0.295,0.371,0.07400000000000001,0.11599999999999999,0.076,0.111,0.285,0.129,0.341,0.431,0.040999999999999995,0.278
2528,Hidalgo,NM,Age-adjusted prevalence,3965,3115,0.22399999999999998,0.32,0.057,0.09699999999999999,0.065,0.064,0.23,0.126,0.298,0.34700000000000003,0.035,0.15
2530,Hidalgo,TX,Age-adjusted prevalence,898471,624451,0.207,0.341,0.045,0.087,0.066,0.06,0.2,0.177,0.337,0.45,0.037000000000000005,0.166
2532,Highland,OH,Age-adjusted prevalence,43614,33239,0.282,0.34700000000000003,0.076,0.115,0.066,0.086,0.287,0.11800000000000001,0.331,0.41100000000000003,0.034,0.183
2534,Highland,VA,Age-adjusted prevalence,2339,2002,0.243,0.302,0.075,0.106,0.053,0.06,0.254,0.094,0.331,0.33399999999999996,0.027000000000000003,0.09699999999999999
2536,Highlands,FL,Age-adjusted prevalence,107614,89745,0.251,0.33799999999999997,0.07200000000000001,0.099,0.065,0.073,0.192,0.126,0.35,0.384,0.034,0.193
2538,Hill,MT,Age-adjusted prevalence,16276,11705,0.26,0.33799999999999997,0.07200000000000001,0.12300000000000001,0.064,0.077,0.268,0.109,0.295,0.39,0.036000000000000004,0.152
2540,Hill,TX,Age-adjusted prevalence,38101,29280,0.23199999999999998,0.33299999999999996,0.067,0.10300000000000001,0.059000000000000004,0.068,0.245,0.115,0.325,0.37,0.032,0.177
2542,Hillsborough,FL,Age-adjusted prevalence,1535564,1206004,0.207,0.327,0.066,0.094,0.055,0.055999999999999994,0.16699999999999998,0.115,0.363,0.315,0.03,0.10800000000000001
2544,Hillsborough,NH,Age-adjusted prevalence,427354,344717,0.223,0.28,0.075,0.106,0.047,0.049,0.221,0.079,0.298,0.32799999999999996,0.025,0.09699999999999999
2546,Hillsdale,MI,Age-adjusted prevalence,45587,35783,0.26899999999999996,0.344,0.078,0.11900000000000001,0.065,0.085,0.31,0.106,0.325,0.37799999999999995,0.033,0.12300000000000001
2548,Hinds,MS,Age-adjusted prevalence,214870,165112,0.257,0.457,0.054000000000000006,0.106,0.061,0.07,0.17600000000000002,0.153,0.34,0.446,0.044000000000000004,0.21100000000000002
2550,Hinsdale,CO,Age-adjusted prevalence,765,662,0.21,0.235,0.079,0.109,0.043,0.040999999999999995,0.23199999999999998,0.064,0.278,0.239,0.022000000000000002,0.055999999999999994
2552,Hitchcock,NE,Age-adjusted prevalence,2552,1964,0.21600000000000003,0.315,0.073,0.096,0.057,0.063,0.19,0.09699999999999999,0.29100000000000004,0.42100000000000004,0.03,0.10400000000000001
2554,Hocking,OH,Age-adjusted prevalence,27540,21637,0.293,0.36,0.078,0.115,0.069,0.08900000000000001,0.287,0.12300000000000001,0.317,0.358,0.034,0.188
2556,Hockley,TX,Age-adjusted prevalence,21460,15783,0.21899999999999997,0.32899999999999996,0.06,0.09699999999999999,0.059000000000000004,0.064,0.22399999999999998,0.129,0.327,0.364,0.033,0.16399999999999998
2558,Hodgeman,KS,Age-adjusted prevalence,1655,1265,0.223,0.3,0.07200000000000001,0.09699999999999999,0.051,0.054000000000000006,0.204,0.08800000000000001,0.314,0.364,0.026000000000000002,0.102
2560,Hoke,NC,Age-adjusted prevalence,54446,39888,0.261,0.382,0.057999999999999996,0.11599999999999999,0.062,0.069,0.244,0.132,0.317,0.381,0.039,0.24600000000000002
2562,Holmes,FL,Age-adjusted prevalence,19944,15826,0.255,0.358,0.076,0.105,0.069,0.09,0.218,0.11900000000000001,0.364,0.365,0.037000000000000005,0.209
2564,Holmes,MS,Age-adjusted prevalence,15777,11936,0.311,0.531,0.05,0.11599999999999999,0.08,0.10400000000000001,0.183,0.21,0.349,0.515,0.062,0.39
2566,Holmes,OH,Age-adjusted prevalence,44386,31037,0.27699999999999997,0.335,0.073,0.121,0.07,0.099,0.298,0.11699999999999999,0.32,0.38799999999999996,0.036000000000000004,0.27699999999999997
2568,Holt,MO,Age-adjusted prevalence,4248,3342,0.26,0.32799999999999996,0.075,0.107,0.06,0.078,0.26,0.10300000000000001,0.326,0.37,0.032,0.203
2570,Holt,NE,Age-adjusted prevalence,10093,7493,0.223,0.29,0.073,0.094,0.055999999999999994,0.061,0.17600000000000002,0.096,0.281,0.387,0.028999999999999998,0.11900000000000001
2572,Honolulu,HI,Age-adjusted prevalence,989408,787914,0.188,0.27899999999999997,0.05,0.09699999999999999,0.046,0.040999999999999995,0.159,0.105,0.31,0.26,0.028999999999999998,0.079
2574,Hood,TX,Age-adjusted prevalence,67774,53986,0.21899999999999997,0.3,0.071,0.099,0.05,0.055,0.244,0.092,0.322,0.33399999999999996,0.026000000000000002,0.158
2576,Hood River,OR,Age-adjusted prevalence,23745,18605,0.228,0.27899999999999997,0.071,0.113,0.051,0.054000000000000006,0.248,0.094,0.287,0.313,0.027000000000000003,0.13699999999999998
2578,Hooker,NE,Age-adjusted prevalence,679,529,0.22699999999999998,0.306,0.073,0.096,0.055,0.062,0.192,0.094,0.292,0.40299999999999997,0.028999999999999998,0.129
2580,Hoonah-Angoon,AK,Age-adjusted prevalence,2262,1889,0.23,0.332,0.066,0.11599999999999999,0.065,0.069,0.205,0.10400000000000001,0.301,0.364,0.036000000000000004,0.20199999999999999
2582,Hopewell,VA,Age-adjusted prevalence,22752,16949,0.282,0.41100000000000003,0.059000000000000004,0.126,0.071,0.091,0.244,0.161,0.34600000000000003,0.45899999999999996,0.046,0.221
2584,Hopkins,KY,Age-adjusted prevalence,44929,34591,,,,,,,,,,,,0.207
2586,Hopkins,TX,Age-adjusted prevalence,38172,28933,0.23199999999999998,0.33,0.067,0.105,0.057999999999999996,0.07,0.25,0.11199999999999999,0.319,0.377,0.032,0.159
2588,Horry,SC,Age-adjusted prevalence,397478,331067,0.248,0.337,0.076,0.09300000000000001,0.055,0.067,0.231,0.109,0.345,0.324,0.031,0.11800000000000001
2590,Hot Spring,AR,Age-adjusted prevalence,33258,26928,0.25,0.385,0.07,0.10400000000000001,0.068,0.083,0.247,0.11599999999999999,0.344,0.369,0.036000000000000004,0.221
2592,Hot Springs,WY,Age-adjusted prevalence,4661,3703,0.233,0.29100000000000004,0.075,0.10800000000000001,0.059000000000000004,0.07,0.23199999999999998,0.1,0.302,0.355,0.031,0.182
2594,Houghton,MI,Age-adjusted prevalence,37599,30241,0.258,0.315,0.078,0.114,0.06,0.07400000000000001,0.27,0.098,0.298,0.369,0.03,0.076
2596,Houston,AL,Age-adjusted prevalence,108462,83709,0.273,0.39799999999999996,0.07,0.105,0.063,0.075,0.258,0.131,0.342,0.405,0.037000000000000005,0.165
2598,Houston,GA,Age-adjusted prevalence,171974,128292,0.24,0.37200000000000005,0.065,0.10099999999999999,0.052000000000000005,0.055,0.207,0.122,0.34600000000000003,0.395,0.031,0.12
2600,Houston,MN,Age-adjusted prevalence,18582,14697,0.201,0.261,0.07400000000000001,0.102,0.05,0.049,0.245,0.084,0.281,0.34,0.026000000000000002,0.062
2602,Houston,TN,Age-adjusted prevalence,8393,6642,0.284,0.363,0.073,0.11199999999999999,0.063,0.086,0.317,0.11699999999999999,0.342,0.392,0.033,0.205
2604,Houston,TX,Age-adjusted prevalence,22066,17552,0.23800000000000002,0.37200000000000005,0.063,0.107,0.066,0.079,0.23800000000000002,0.135,0.324,0.382,0.039,0.16
2606,Howard,AR,Age-adjusted prevalence,12533,9311,0.26,0.39,0.065,0.107,0.066,0.079,0.255,0.125,0.331,0.397,0.037000000000000005,0.22899999999999998
2608,Howard,IA,Age-adjusted prevalence,9376,7026,0.23600000000000002,0.31,0.07400000000000001,0.102,0.057,0.066,0.218,0.09699999999999999,0.303,0.382,0.028999999999999998,0.11
2610,Howard,IN,Age-adjusted prevalence,83831,64586,0.27,0.35,0.07200000000000001,0.11800000000000001,0.06,0.078,0.265,0.11800000000000001,0.32799999999999996,0.368,0.032,0.245
2612,Howard,MD,Age-adjusted prevalence,336001,256944,0.214,0.313,0.066,0.091,0.040999999999999995,0.035,0.182,0.091,0.355,0.29600000000000004,0.023,0.066
2614,Howard,MO,Age-adjusted prevalence,10101,7943,0.26,0.32799999999999996,0.07400000000000001,0.107,0.057999999999999996,0.073,0.262,0.10099999999999999,0.32899999999999996,0.36,0.031,0.179
2616,Howard,NE,Age-adjusted prevalence,6527,4978,0.22,0.306,0.07400000000000001,0.09300000000000001,0.051,0.055,0.18100000000000002,0.087,0.28300000000000003,0.387,0.027000000000000003,0.12
2618,Howard,TX,Age-adjusted prevalence,30554,23509,0.218,0.33799999999999997,0.059000000000000004,0.095,0.061,0.063,0.22,0.131,0.32899999999999996,0.382,0.033,0.182
2620,Howell,MO,Age-adjusted prevalence,40735,30898,0.29,0.35100000000000003,0.07400000000000001,0.113,0.07,0.099,0.281,0.12,0.324,0.368,0.038,0.247
2622,Hubbard,MN,Age-adjusted prevalence,22132,17563,0.212,0.263,0.073,0.10099999999999999,0.054000000000000006,0.053,0.244,0.09300000000000001,0.272,0.353,0.027999999999999997,0.099
2624,Hudson,NJ,Age-adjusted prevalence,705472,568317,0.16899999999999998,0.292,0.051,0.084,0.048,0.042,0.14,0.10800000000000001,0.355,0.278,0.027000000000000003,0.077
2626,Hudspeth,TX,Age-adjusted prevalence,3451,3036,0.222,0.377,0.05,0.08900000000000001,0.078,0.079,0.198,0.174,0.344,0.41100000000000003,0.042,0.276
2628,Huerfano,CO,Age-adjusted prevalence,7055,5992,0.225,0.271,0.069,0.11,0.055,0.059000000000000004,0.22899999999999998,0.094,0.298,0.27899999999999997,0.028999999999999998,0.121
2630,Hughes,OK,Age-adjusted prevalence,13436,10505,0.272,0.39899999999999997,0.068,0.12,0.075,0.092,0.258,0.134,0.344,0.42200000000000004,0.04,0.223
2632,Hughes,SD,Age-adjusted prevalence,17624,13336,0.214,0.27699999999999997,0.077,0.10300000000000001,0.05,0.05,0.213,0.09,0.28300000000000003,0.33899999999999997,0.026000000000000002,0.057999999999999996
2634,Humboldt,CA,Age-adjusted prevalence,133985,109146,0.22899999999999998,0.299,0.07200000000000001,0.11,0.059000000000000004,0.067,0.268,0.1,0.311,0.321,0.032,0.127
2636,Humboldt,IA,Age-adjusted prevalence,9500,7247,0.243,0.32,0.07400000000000001,0.10300000000000001,0.059000000000000004,0.069,0.217,0.102,0.304,0.41600000000000004,0.031,0.1
2638,Humboldt,NV,Age-adjusted prevalence,17136,12652,0.243,0.29,0.069,0.107,0.057,0.067,0.221,0.10099999999999999,0.33299999999999996,0.36,0.03,0.23199999999999998
2640,Humphreys,MS,Age-adjusted prevalence,7216,5419,0.305,0.524,0.052000000000000005,0.11800000000000001,0.083,0.111,0.195,0.20600000000000002,0.345,0.53,0.062,0.318
2642,Humphreys,TN,Age-adjusted prevalence,19209,15251,0.289,0.364,0.07400000000000001,0.11199999999999999,0.065,0.09,0.316,0.11900000000000001,0.34299999999999997,0.408,0.034,0.213
2644,Hunt,TX,Age-adjusted prevalence,113347,85368,0.22699999999999998,0.335,0.067,0.10300000000000001,0.057999999999999996,0.067,0.23600000000000002,0.11199999999999999,0.327,0.369,0.032,0.107
2646,Hunterdon,NJ,Age-adjusted prevalence,130183,105457,0.191,0.256,0.073,0.08800000000000001,0.042,0.038,0.177,0.07,0.325,0.26,0.021,0.054000000000000006
2648,Huntingdon,PA,Age-adjusted prevalence,43514,35764,,,,,,,,,,,,0.155
2650,Huntington,IN,Age-adjusted prevalence,36781,28842,0.265,0.36200000000000004,0.07400000000000001,0.113,0.059000000000000004,0.075,0.268,0.111,0.322,0.4,0.03,0.168
2652,Huron,MI,Age-adjusted prevalence,30927,25092,0.263,0.324,0.077,0.11699999999999999,0.061,0.079,0.29,0.10099999999999999,0.302,0.38799999999999996,0.031,0.09699999999999999
2654,Huron,OH,Age-adjusted prevalence,58199,44611,0.273,0.32899999999999996,0.07400000000000001,0.111,0.061,0.076,0.268,0.111,0.307,0.349,0.031,0.16899999999999998
2656,Hutchinson,SD,Age-adjusted prevalence,7394,5430,0.221,0.28600000000000003,0.078,0.102,0.054000000000000006,0.057,0.21899999999999997,0.09300000000000001,0.285,0.34600000000000003,0.027999999999999997,0.115
2658,Hutchinson,TX,Age-adjusted prevalence,20033,15111,0.22399999999999998,0.32,0.066,0.102,0.057,0.064,0.242,0.11,0.324,0.35200000000000004,0.031,0.151
2660,Hyde,NC,Age-adjusted prevalence,4607,3922,0.261,0.397,0.064,0.109,0.07,0.085,0.243,0.133,0.325,0.408,0.040999999999999995,0.261
2662,Hyde,SD,Age-adjusted prevalence,1186,913,0.233,0.298,0.076,0.109,0.06,0.064,0.22399999999999998,0.102,0.293,0.358,0.031,0.126
2664,Iberia,LA,Age-adjusted prevalence,67659,50684,0.278,0.409,0.063,0.10800000000000001,0.071,0.09,0.28600000000000003,0.147,0.341,0.424,0.042,0.20199999999999999
2666,Iberville,LA,Age-adjusted prevalence,29617,23427,0.271,0.41,0.06,0.107,0.066,0.078,0.259,0.14400000000000002,0.342,0.429,0.040999999999999995,0.195
2668,Ida,IA,Age-adjusted prevalence,6833,5151,0.235,0.307,0.07400000000000001,0.102,0.055999999999999994,0.065,0.217,0.096,0.304,0.414,0.028999999999999998,0.129
2670,Idaho,ID,Age-adjusted prevalence,17890,14280,0.23399999999999999,0.28300000000000003,0.07200000000000001,0.109,0.057,0.065,0.23199999999999998,0.08800000000000001,0.268,0.321,0.031,0.149
2672,Imperial,CA,Age-adjusted prevalence,179057,128709,0.2,0.325,0.047,0.092,0.063,0.054000000000000006,0.2,0.146,0.32299999999999995,0.35200000000000004,0.036000000000000004,0.205
2674,Independence,AR,Age-adjusted prevalence,38320,29054,0.263,0.37200000000000005,0.07200000000000001,0.105,0.068,0.083,0.27,0.114,0.34700000000000003,0.42,0.035,0.195
2676,Indian River,FL,Age-adjusted prevalence,169795,144567,0.22399999999999998,0.285,0.075,0.094,0.054000000000000006,0.057999999999999996,0.188,0.095,0.315,0.275,0.027999999999999997,0.085
2678,Indiana,PA,Age-adjusted prevalence,83094,68240,,,,,,,,,,,,0.094
2680,Ingham,MI,Age-adjusted prevalence,284637,229779,0.261,0.335,0.07200000000000001,0.11599999999999999,0.055999999999999994,0.067,0.26899999999999996,0.106,0.301,0.366,0.03,0.14400000000000002
2682,Inyo,CA,Age-adjusted prevalence,18527,14859,0.21,0.278,0.069,0.10400000000000001,0.052000000000000005,0.052000000000000005,0.23800000000000002,0.094,0.298,0.285,0.027999999999999997,0.09
2684,Ionia,MI,Age-adjusted prevalence,66262,52509,0.258,0.33399999999999996,0.076,0.11199999999999999,0.059000000000000004,0.073,0.271,0.099,0.299,0.401,0.03,0.139
2686,Iosco,MI,Age-adjusted prevalence,25373,21051,0.27,0.34299999999999997,0.077,0.12,0.067,0.08900000000000001,0.3,0.107,0.314,0.38799999999999996,0.034,0.155
2688,Iowa,IA,Age-adjusted prevalence,16381,12590,0.226,0.305,0.07400000000000001,0.1,0.053,0.059000000000000004,0.215,0.091,0.309,0.431,0.027000000000000003,0.121
2690,Iowa,WI,Age-adjusted prevalence,23956,18836,0.22399999999999998,0.272,0.07200000000000001,0.106,0.052000000000000005,0.053,0.25,0.086,0.29100000000000004,0.382,0.026000000000000002,0.12
2692,Iredell,NC,Age-adjusted prevalence,199710,155704,0.233,0.324,0.071,0.105,0.052000000000000005,0.055999999999999994,0.252,0.09,0.317,0.32299999999999995,0.027999999999999997,0.12
2694,Irion,TX,Age-adjusted prevalence,1549,1190,0.218,0.31,0.066,0.098,0.052000000000000005,0.055999999999999994,0.239,0.10300000000000001,0.319,0.35,0.027999999999999997,0.078
2696,Iron,MI,Age-adjusted prevalence,11740,9748,0.266,0.33299999999999996,0.077,0.11699999999999999,0.062,0.08,0.289,0.102,0.308,0.392,0.032,0.122
2698,Iron,MO,Age-adjusted prevalence,9440,7420,0.278,0.353,0.07400000000000001,0.111,0.067,0.092,0.281,0.115,0.332,0.42100000000000004,0.036000000000000004,0.222
2700,Iron,UT,Age-adjusted prevalence,64211,47127,0.243,0.284,0.076,0.11,0.055999999999999994,0.059000000000000004,0.272,0.09699999999999999,0.298,0.369,0.03,0.159
2702,Iron,WI,Age-adjusted prevalence,6228,5234,0.23399999999999999,0.278,0.073,0.11199999999999999,0.057,0.061,0.245,0.096,0.285,0.34600000000000003,0.028999999999999998,0.10300000000000001
2704,Iroquois,IL,Age-adjusted prevalence,26136,20557,0.244,0.32799999999999996,0.07200000000000001,0.107,0.059000000000000004,0.076,0.245,0.106,0.324,0.408,0.032,0.16899999999999998
2706,Irwin,GA,Age-adjusted prevalence,9120,7005,0.262,0.38299999999999995,0.066,0.10800000000000001,0.066,0.08199999999999999,0.225,0.135,0.345,0.40399999999999997,0.039,0.191
2708,Isabella,MI,Age-adjusted prevalence,64118,52691,0.27899999999999997,0.355,0.077,0.121,0.067,0.08800000000000001,0.298,0.11599999999999999,0.31,0.431,0.035,0.174
2710,Isanti,MN,Age-adjusted prevalence,43182,33233,0.21100000000000002,0.28,0.073,0.10099999999999999,0.053,0.054000000000000006,0.254,0.08800000000000001,0.293,0.324,0.027999999999999997,0.11
2712,Island,WA,Age-adjusted prevalence,86267,71614,0.22399999999999998,0.278,0.076,0.106,0.047,0.044000000000000004,0.248,0.077,0.293,0.318,0.025,0.078
2714,Isle of Wight,VA,Age-adjusted prevalence,40711,31981,0.247,0.32899999999999996,0.068,0.109,0.052000000000000005,0.057,0.23600000000000002,0.10800000000000001,0.32299999999999995,0.361,0.028999999999999998,0.113
2716,Issaquena,MS,Age-adjusted prevalence,1256,1128,0.27899999999999997,0.489,0.055,0.099,0.08,0.1,0.171,0.17800000000000002,0.34700000000000003,0.473,0.054000000000000006,0.29600000000000004
2718,Itasca,MN,Age-adjusted prevalence,45365,36288,0.213,0.297,0.07400000000000001,0.105,0.055999999999999994,0.055999999999999994,0.26,0.099,0.273,0.361,0.028999999999999998,0.09699999999999999
2720,Itawamba,MS,Age-adjusted prevalence,24093,18967,0.266,0.37200000000000005,0.073,0.096,0.06,0.073,0.218,0.10800000000000001,0.35100000000000003,0.37,0.033,0.13
2722,Izard,AR,Age-adjusted prevalence,14169,11629,0.27399999999999997,0.395,0.073,0.105,0.076,0.095,0.275,0.12,0.337,0.414,0.038,0.271
2724,Jack,TX,Age-adjusted prevalence,8875,6909,0.23600000000000002,0.344,0.068,0.102,0.064,0.078,0.245,0.11800000000000001,0.331,0.379,0.035,0.20600000000000002
2726,Jackson,AL,Age-adjusted prevalence,53467,42355,0.29100000000000004,0.396,0.07400000000000001,0.10400000000000001,0.07,0.08900000000000001,0.282,0.127,0.359,0.391,0.037000000000000005,0.187
2728,Jackson,AR,Age-adjusted prevalence,16784,13466,0.27699999999999997,0.414,0.068,0.11,0.077,0.099,0.26899999999999996,0.13699999999999998,0.34600000000000003,0.439,0.042,0.225
2730,Jackson,CO,Age-adjusted prevalence,1309,1072,0.24600000000000002,0.29600000000000004,0.07400000000000001,0.11699999999999999,0.064,0.077,0.25,0.098,0.295,0.295,0.034,0.128
2732,Jackson,FL,Age-adjusted prevalence,48622,39341,0.248,0.37200000000000005,0.071,0.10400000000000001,0.07200000000000001,0.086,0.201,0.131,0.326,0.389,0.04,0.22399999999999998
2734,Jackson,GA,Age-adjusted prevalence,88615,66464,0.23,0.32299999999999995,0.071,0.09699999999999999,0.054000000000000006,0.06,0.209,0.10400000000000001,0.331,0.325,0.028999999999999998,0.098
2736,Jackson,IA,Age-adjusted prevalence,19342,15066,0.239,0.313,0.073,0.102,0.055999999999999994,0.065,0.222,0.096,0.305,0.402,0.028999999999999998,0.11900000000000001
2738,Jackson,IL,Age-adjusted prevalence,52141,42149,0.254,0.345,0.071,0.109,0.062,0.076,0.231,0.11800000000000001,0.319,0.428,0.034,0.195
2740,Jackson,IN,Age-adjusted prevalence,46460,34546,0.257,0.33799999999999997,0.071,0.10800000000000001,0.06,0.075,0.262,0.11599999999999999,0.332,0.39399999999999996,0.031,0.13699999999999998
2742,Jackson,KS,Age-adjusted prevalence,13368,10012,0.23800000000000002,0.306,0.071,0.10400000000000001,0.057,0.064,0.221,0.09699999999999999,0.32,0.377,0.028999999999999998,0.11199999999999999
2744,Jackson,KY,Age-adjusted prevalence,13104,10049,,,,,,,,,,,,0.295
2746,Jackson,LA,Age-adjusted prevalence,14746,11654,0.278,0.42,0.065,0.106,0.07200000000000001,0.092,0.27899999999999997,0.14400000000000002,0.35100000000000003,0.451,0.042,0.258
2748,Jackson,MI,Age-adjusted prevalence,159424,126422,0.275,0.344,0.077,0.11699999999999999,0.06,0.07400000000000001,0.28,0.10400000000000001,0.305,0.39299999999999996,0.031,0.129
2750,Jackson,MN,Age-adjusted prevalence,9919,7831,0.2,0.28300000000000003,0.073,0.1,0.052000000000000005,0.051,0.245,0.08900000000000001,0.289,0.361,0.027000000000000003,0.077
2752,Jackson,MO,Age-adjusted prevalence,718560,553202,0.245,0.33399999999999996,0.066,0.105,0.055,0.067,0.258,0.11,0.349,0.37200000000000005,0.032,0.153
2754,Jackson,MS,Age-adjusted prevalence,146389,113275,0.253,0.408,0.068,0.095,0.057999999999999996,0.067,0.204,0.128,0.335,0.405,0.034,0.14400000000000002
2756,Jackson,NC,Age-adjusted prevalence,44574,37282,0.257,0.335,0.07400000000000001,0.111,0.062,0.07400000000000001,0.27899999999999997,0.109,0.322,0.36700000000000005,0.033,0.153
2758,Jackson,OH,Age-adjusted prevalence,32606,24867,0.289,0.38,0.076,0.115,0.068,0.09,0.299,0.124,0.353,0.445,0.035,0.27899999999999997
2760,Jackson,OK,Age-adjusted prevalence,24669,18482,0.251,0.373,0.067,0.111,0.065,0.07200000000000001,0.25,0.122,0.341,0.41100000000000003,0.034,0.135
2762,Jackson,OR,Age-adjusted prevalence,220768,176206,0.244,0.299,0.07400000000000001,0.122,0.055,0.063,0.27899999999999997,0.1,0.284,0.33,0.028999999999999998,0.182
2764,Jackson,SD,Age-adjusted prevalence,2776,1799,0.265,0.379,0.07,0.133,0.09,0.113,0.22899999999999998,0.171,0.308,0.418,0.054000000000000006,0.27399999999999997
2766,Jackson,TN,Age-adjusted prevalence,12363,10099,0.297,0.37,0.07400000000000001,0.114,0.07200000000000001,0.102,0.326,0.128,0.35600000000000004,0.39,0.037000000000000005,0.237
2768,Jackson,TX,Age-adjusted prevalence,15221,11330,0.226,0.33299999999999996,0.063,0.1,0.059000000000000004,0.067,0.235,0.121,0.326,0.381,0.033,0.172
2770,Jackson,WI,Age-adjusted prevalence,20855,16438,0.24100000000000002,0.321,0.07,0.11199999999999999,0.062,0.068,0.248,0.106,0.3,0.402,0.032,0.16399999999999998
2772,Jackson,WV,Age-adjusted prevalence,27593,21715,0.318,0.395,0.076,0.124,0.068,0.08900000000000001,0.324,0.134,0.371,0.425,0.033,0.22699999999999998
2774,James City,VA,Age-adjusted prevalence,82654,66533,0.225,0.3,0.07200000000000001,0.105,0.046,0.046,0.23399999999999999,0.091,0.335,0.325,0.024,0.073
2776,Jasper,GA,Age-adjusted prevalence,16455,12575,0.247,0.355,0.069,0.10400000000000001,0.061,0.073,0.226,0.121,0.342,0.366,0.035,0.163
2778,Jasper,IA,Age-adjusted prevalence,37919,29600,0.23399999999999999,0.317,0.07200000000000001,0.1,0.055,0.063,0.215,0.09699999999999999,0.304,0.38299999999999995,0.028999999999999998,0.127
2780,Jasper,IL,Age-adjusted prevalence,9144,7080,0.23600000000000002,0.302,0.075,0.10400000000000001,0.053,0.064,0.242,0.091,0.316,0.38,0.027999999999999997,0.09300000000000001
2782,Jasper,IN,Age-adjusted prevalence,33535,25921,0.254,0.33399999999999996,0.07400000000000001,0.11,0.057,0.069,0.259,0.10300000000000001,0.336,0.4,0.027999999999999997,0.14400000000000002
2784,Jasper,MO,Age-adjusted prevalence,125056,94515,0.267,0.348,0.073,0.10800000000000001,0.063,0.084,0.263,0.115,0.32799999999999996,0.402,0.034,0.14
2786,Jasper,MS,Age-adjusted prevalence,16013,12328,0.276,0.44299999999999995,0.06,0.10400000000000001,0.067,0.081,0.193,0.152,0.337,0.452,0.044000000000000004,0.22
2788,Jasper,SC,Age-adjusted prevalence,33544,27540,0.244,0.363,0.066,0.09699999999999999,0.059000000000000004,0.067,0.213,0.132,0.337,0.354,0.037000000000000005,0.17800000000000002
2790,Jasper,TX,Age-adjusted prevalence,32694,25039,0.251,0.368,0.066,0.11199999999999999,0.066,0.086,0.259,0.129,0.332,0.41200000000000003,0.039,0.24
2792,Jay,IN,Age-adjusted prevalence,20032,14886,0.275,0.36700000000000005,0.073,0.11699999999999999,0.067,0.092,0.27699999999999997,0.122,0.35,0.436,0.034,0.207
2794,Jeff Davis,GA,Age-adjusted prevalence,14906,11152,0.266,0.37799999999999995,0.067,0.10800000000000001,0.073,0.094,0.22899999999999998,0.14400000000000002,0.34,0.40399999999999997,0.042,0.20600000000000002
2796,Jeff Davis,TX,Age-adjusted prevalence,1856,1764,0.23399999999999999,0.33899999999999997,0.065,0.10099999999999999,0.064,0.07,0.243,0.131,0.33299999999999996,0.38,0.034,0.23199999999999998
2798,Jefferson,AL,Age-adjusted prevalence,662895,511715,0.253,0.4,0.064,0.099,0.057,0.062,0.23199999999999998,0.135,0.354,0.376,0.036000000000000004,0.145
2800,Jefferson,AR,Age-adjusted prevalence,63661,50000,0.267,0.47200000000000003,0.057,0.113,0.068,0.08,0.223,0.151,0.34,0.46299999999999997,0.044000000000000004,0.248
2802,Jefferson,CO,Age-adjusted prevalence,576366,472514,0.221,0.249,0.073,0.113,0.044000000000000004,0.044000000000000004,0.23600000000000002,0.07200000000000001,0.295,0.22899999999999998,0.023,0.05
2804,Jefferson,FL,Age-adjusted prevalence,15450,12807,0.23,0.384,0.07,0.10400000000000001,0.065,0.079,0.187,0.122,0.34700000000000003,0.349,0.038,0.195
2806,Jefferson,GA,Age-adjusted prevalence,15183,11719,0.262,0.424,0.057999999999999996,0.115,0.068,0.086,0.207,0.155,0.342,0.413,0.046,0.24600000000000002
2808,Jefferson,IA,Age-adjusted prevalence,15440,12891,0.231,0.319,0.07400000000000001,0.09699999999999999,0.057,0.062,0.203,0.10099999999999999,0.306,0.397,0.028999999999999998,0.11199999999999999
2810,Jefferson,ID,Age-adjusted prevalence,34198,23316,0.22399999999999998,0.27699999999999997,0.07200000000000001,0.107,0.053,0.057999999999999996,0.226,0.087,0.29600000000000004,0.33,0.027999999999999997,0.145
2812,Jefferson,IL,Age-adjusted prevalence,36320,28241,0.245,0.33299999999999996,0.07200000000000001,0.107,0.059000000000000004,0.073,0.237,0.106,0.319,0.39799999999999996,0.032,0.155
2814,Jefferson,IN,Age-adjusted prevalence,33056,26481,0.262,0.345,0.07400000000000001,0.11599999999999999,0.059000000000000004,0.078,0.275,0.111,0.33899999999999997,0.368,0.03,0.153
2816,Jefferson,KS,Age-adjusted prevalence,18327,14419,0.22699999999999998,0.292,0.07200000000000001,0.1,0.052000000000000005,0.057,0.221,0.087,0.303,0.344,0.026000000000000002,0.11599999999999999
2818,Jefferson,KY,Age-adjusted prevalence,772144,601290,,,,,,,,,,,,0.198
2820,Jefferson,LA,Age-adjusted prevalence,421777,328457,0.25,0.38,0.062,0.098,0.06,0.065,0.251,0.136,0.33,0.415,0.034,0.152
2822,Jefferson,MO,Age-adjusted prevalence,231230,179619,0.253,0.315,0.076,0.105,0.055,0.068,0.247,0.094,0.313,0.397,0.027999999999999997,0.15
2824,Jefferson,MS,Age-adjusted prevalence,6941,5423,0.28800000000000003,0.522,0.049,0.113,0.076,0.096,0.17300000000000001,0.198,0.34600000000000003,0.517,0.057999999999999996,0.297
2826,Jefferson,MT,Age-adjusted prevalence,13048,10436,0.23399999999999999,0.265,0.076,0.11,0.048,0.053,0.243,0.076,0.266,0.321,0.026000000000000002,0.08800000000000001
2828,Jefferson,NE,Age-adjusted prevalence,7054,5436,0.22699999999999998,0.295,0.07200000000000001,0.094,0.054000000000000006,0.057999999999999996,0.195,0.098,0.28300000000000003,0.376,0.027999999999999997,0.114
2830,Jefferson,NY,Age-adjusted prevalence,114787,87280,0.249,0.303,0.075,0.113,0.055999999999999994,0.066,0.20600000000000002,0.09699999999999999,0.302,0.38799999999999996,0.03,0.163
2832,Jefferson,OH,Age-adjusted prevalence,64026,51564,0.285,0.359,0.076,0.11900000000000001,0.065,0.08199999999999999,0.294,0.12,0.316,0.431,0.033,0.203
2834,Jefferson,OK,Age-adjusted prevalence,5347,4030,0.26899999999999996,0.38799999999999996,0.069,0.11800000000000001,0.075,0.09300000000000001,0.27,0.128,0.349,0.41200000000000003,0.039,0.225
2836,Jefferson,OR,Age-adjusted prevalence,25454,19812,0.253,0.307,0.071,0.122,0.059000000000000004,0.066,0.264,0.11,0.29,0.355,0.032,0.158
2838,Jefferson,PA,Age-adjusted prevalence,43612,34394,,,,,,,,,,,,0.162
2840,Jefferson,TN,Age-adjusted prevalence,57838,46748,0.28,0.348,0.075,0.11,0.06,0.079,0.317,0.10800000000000001,0.327,0.37200000000000005,0.031,0.14
2842,Jefferson,TX,Age-adjusted prevalence,251496,189667,0.23399999999999999,0.374,0.055999999999999994,0.106,0.062,0.07,0.215,0.142,0.319,0.41200000000000003,0.039,0.187
2844,Jefferson,WA,Age-adjusted prevalence,33714,30013,0.239,0.275,0.077,0.11,0.049,0.046,0.27399999999999997,0.08,0.304,0.29100000000000004,0.026000000000000002,0.079
2846,Jefferson,WI,Age-adjusted prevalence,85743,69165,0.223,0.272,0.071,0.109,0.053,0.054000000000000006,0.237,0.08900000000000001,0.27899999999999997,0.409,0.027000000000000003,0.13
2848,Jefferson,WV,Age-adjusted prevalence,59787,47507,0.28600000000000003,0.359,0.07200000000000001,0.11900000000000001,0.055999999999999994,0.065,0.28800000000000003,0.11199999999999999,0.349,0.379,0.027999999999999997,0.14300000000000002
2850,Jefferson Davis,LA,Age-adjusted prevalence,31553,23598,0.268,0.387,0.07,0.10400000000000001,0.067,0.086,0.293,0.126,0.349,0.425,0.038,0.20800000000000002
2852,Jefferson Davis,MS,Age-adjusted prevalence,10969,8785,0.28300000000000003,0.47100000000000003,0.057,0.109,0.071,0.09,0.193,0.168,0.344,0.45799999999999996,0.05,0.22399999999999998
2854,Jenkins,GA,Age-adjusted prevalence,8627,6909,0.271,0.42700000000000005,0.061,0.11199999999999999,0.075,0.09699999999999999,0.20800000000000002,0.163,0.34299999999999997,0.426,0.048,0.237
2856,Jennings,IN,Age-adjusted prevalence,27622,21266,0.276,0.361,0.07400000000000001,0.11599999999999999,0.063,0.085,0.27899999999999997,0.11900000000000001,0.34,0.408,0.032,0.231
2858,Jerauld,SD,Age-adjusted prevalence,1660,1275,0.22,0.28800000000000003,0.076,0.099,0.054000000000000006,0.057,0.21100000000000002,0.094,0.29,0.359,0.027999999999999997,0.113
2860,Jerome,ID,Age-adjusted prevalence,25479,17979,0.23800000000000002,0.313,0.065,0.107,0.065,0.07400000000000001,0.218,0.11699999999999999,0.302,0.358,0.035,0.23399999999999999
2862,Jersey,IL,Age-adjusted prevalence,21091,16934,0.23800000000000002,0.305,0.07400000000000001,0.105,0.053,0.064,0.242,0.092,0.311,0.392,0.027999999999999997,0.13699999999999998
2864,Jessamine,KY,Age-adjusted prevalence,55017,42098,,,,,,,,,,,,0.146
2866,Jewell,KS,Age-adjusted prevalence,2847,2244,0.251,0.33399999999999996,0.073,0.105,0.065,0.077,0.231,0.107,0.32,0.39799999999999996,0.033,0.16399999999999998
2868,Jim Hogg,TX,Age-adjusted prevalence,4720,3365,0.22699999999999998,0.381,0.045,0.092,0.08,0.077,0.205,0.20199999999999999,0.348,0.457,0.044000000000000004,0.285
2870,Jim Wells,TX,Age-adjusted prevalence,38662,28172,0.21600000000000003,0.34600000000000003,0.048,0.091,0.065,0.061,0.205,0.162,0.34,0.408,0.036000000000000004,0.182
2872,Jo Daviess,IL,Age-adjusted prevalence,21756,17877,0.23,0.3,0.07400000000000001,0.102,0.052000000000000005,0.061,0.23199999999999998,0.09,0.311,0.364,0.027000000000000003,0.114
2874,Johnson,AR,Age-adjusted prevalence,26129,19835,0.258,0.382,0.069,0.10400000000000001,0.07200000000000001,0.08800000000000001,0.262,0.124,0.348,0.375,0.037000000000000005,0.281
2876,Johnson,GA,Age-adjusted prevalence,9282,7669,0.265,0.43,0.063,0.106,0.075,0.092,0.209,0.153,0.344,0.435,0.045,0.293
2878,Johnson,IA,Age-adjusted prevalence,157528,127373,0.218,0.308,0.07200000000000001,0.09699999999999999,0.052000000000000005,0.054000000000000006,0.204,0.09699999999999999,0.294,0.32799999999999996,0.027000000000000003,0.138
2880,Johnson,IL,Age-adjusted prevalence,13326,11121,0.243,0.35,0.07,0.10300000000000001,0.063,0.077,0.22,0.113,0.321,0.419,0.034,0.183
2882,Johnson,IN,Age-adjusted prevalence,167819,127387,0.26,0.35100000000000003,0.075,0.109,0.052000000000000005,0.063,0.258,0.107,0.332,0.386,0.026000000000000002,0.098
2884,Johnson,KS,Age-adjusted prevalence,622237,477859,0.20199999999999999,0.293,0.073,0.094,0.044000000000000004,0.040999999999999995,0.188,0.083,0.337,0.309,0.022000000000000002,0.086
2886,Johnson,KY,Age-adjusted prevalence,22116,17225,,,,,,,,,,,,0.258
2888,Johnson,MO,Age-adjusted prevalence,54962,42654,0.257,0.32,0.07400000000000001,0.105,0.057999999999999996,0.07200000000000001,0.264,0.10300000000000001,0.324,0.375,0.031,0.113
2890,Johnson,NE,Age-adjusted prevalence,5198,4248,0.21,0.31,0.068,0.085,0.057,0.059000000000000004,0.161,0.10099999999999999,0.292,0.381,0.03,0.134
2892,Johnson,TN,Age-adjusted prevalence,18375,15348,0.302,0.389,0.07400000000000001,0.113,0.073,0.105,0.318,0.134,0.353,0.397,0.038,0.251
2894,Johnson,TX,Age-adjusted prevalence,202906,150832,0.22399999999999998,0.321,0.066,0.102,0.054000000000000006,0.062,0.23399999999999999,0.11,0.324,0.331,0.03,0.162
2896,Johnson,WY,Age-adjusted prevalence,8759,7022,0.223,0.282,0.075,0.10400000000000001,0.057,0.066,0.218,0.09300000000000001,0.301,0.35600000000000004,0.028999999999999998,0.124
2898,Johnston,NC,Age-adjusted prevalence,241955,182582,0.23600000000000002,0.32899999999999996,0.068,0.107,0.054000000000000006,0.06,0.24600000000000002,0.105,0.315,0.345,0.031,0.156
2900,Johnston,OK,Age-adjusted prevalence,10216,7851,0.281,0.385,0.07,0.126,0.076,0.095,0.27899999999999997,0.132,0.341,0.402,0.04,0.253
2902,Jones,GA,Age-adjusted prevalence,28969,22439,0.248,0.35600000000000004,0.067,0.106,0.057,0.067,0.217,0.12,0.33299999999999996,0.39399999999999996,0.035,0.12300000000000001
2904,Jones,IA,Age-adjusted prevalence,20900,16705,0.231,0.306,0.073,0.099,0.055,0.062,0.21,0.094,0.301,0.396,0.028999999999999998,0.107
2906,Jones,MS,Age-adjusted prevalence,66250,49715,0.272,0.424,0.067,0.1,0.066,0.08,0.207,0.136,0.34700000000000003,0.419,0.039,0.162
2908,Jones,NC,Age-adjusted prevalence,9401,7647,0.267,0.382,0.065,0.11699999999999999,0.067,0.084,0.265,0.127,0.322,0.396,0.04,0.184
2910,Jones,SD,Age-adjusted prevalence,855,664,0.231,0.307,0.077,0.106,0.059000000000000004,0.063,0.221,0.10099999999999999,0.293,0.355,0.031,0.136
2912,Jones,TX,Age-adjusted prevalence,20381,16924,0.226,0.359,0.063,0.095,0.065,0.073,0.213,0.129,0.32899999999999996,0.38799999999999996,0.036000000000000004,0.15
2914,Josephine,OR,Age-adjusted prevalence,87821,70969,0.27,0.304,0.076,0.127,0.062,0.077,0.293,0.10800000000000001,0.3,0.34,0.034,0.17
2916,Juab,UT,Age-adjusted prevalence,13023,8695,0.233,0.285,0.077,0.11,0.053,0.055999999999999994,0.264,0.08900000000000001,0.295,0.32899999999999996,0.027999999999999997,0.11199999999999999
2918,Judith Basin,MT,Age-adjusted prevalence,2093,1704,0.256,0.303,0.075,0.113,0.059000000000000004,0.068,0.259,0.09,0.281,0.317,0.032,0.122
2920,Juneau,AK,Age-adjusted prevalence,31555,25267,0.21600000000000003,0.295,0.067,0.102,0.05,0.052000000000000005,0.215,0.078,0.307,0.345,0.027000000000000003,0.13
2922,Juneau,WI,Age-adjusted prevalence,26594,21598,0.24100000000000002,0.32799999999999996,0.07,0.11199999999999999,0.063,0.07200000000000001,0.257,0.109,0.304,0.41700000000000004,0.033,0.14
2924,Juniata,PA,Age-adjusted prevalence,23243,18146,,,,,,,,,,,,0.203
2926,Kalamazoo,MI,Age-adjusted prevalence,262215,206827,0.24600000000000002,0.309,0.075,0.115,0.054000000000000006,0.066,0.29100000000000004,0.094,0.31,0.389,0.028999999999999998,0.10099999999999999
2928,Kalawao,HI,Age-adjusted prevalence,81,75,0.203,0.29,0.048,0.086,0.066,0.057,0.142,0.129,0.268,0.33,0.039,0.09
2930,Kalkaska,MI,Age-adjusted prevalence,18490,14833,0.273,0.33399999999999996,0.077,0.11900000000000001,0.064,0.084,0.295,0.10300000000000001,0.307,0.382,0.033,0.142
2932,Kanabec,MN,Age-adjusted prevalence,16602,13036,0.221,0.294,0.07200000000000001,0.105,0.057,0.062,0.267,0.098,0.28,0.373,0.031,0.10099999999999999
2934,Kanawha,WV,Age-adjusted prevalence,174805,140410,0.309,0.39899999999999997,0.075,0.121,0.065,0.08,0.318,0.124,0.366,0.40299999999999997,0.032,0.156
2936,Kandiyohi,MN,Age-adjusted prevalence,43813,33278,0.20199999999999999,0.28300000000000003,0.071,0.102,0.054000000000000006,0.054000000000000006,0.244,0.1,0.28300000000000003,0.41,0.028999999999999998,0.102
2938,Kane,IL,Age-adjusted prevalence,514982,394457,0.207,0.275,0.065,0.09300000000000001,0.049,0.05,0.19,0.10099999999999999,0.303,0.349,0.026000000000000002,0.124
2940,Kane,UT,Age-adjusted prevalence,8425,6481,0.23800000000000002,0.287,0.078,0.11,0.052000000000000005,0.053,0.268,0.08900000000000001,0.297,0.33399999999999996,0.027999999999999997,0.155
2942,Kankakee,IL,Age-adjusted prevalence,105940,82054,0.237,0.342,0.068,0.10800000000000001,0.057,0.069,0.22,0.113,0.33399999999999996,0.402,0.032,0.18
2944,Karnes,TX,Age-adjusted prevalence,15018,12017,0.218,0.359,0.055999999999999994,0.092,0.065,0.069,0.203,0.14400000000000002,0.32799999999999996,0.39299999999999996,0.036000000000000004,0.20800000000000002
2946,Kauai,HI,Age-adjusted prevalence,73851,58274,0.209,0.27,0.055999999999999994,0.10400000000000001,0.05,0.048,0.179,0.09300000000000001,0.294,0.24100000000000002,0.03,0.09699999999999999
2948,Kaufman,TX,Age-adjusted prevalence,185690,132239,0.21899999999999997,0.33299999999999996,0.063,0.10400000000000001,0.054000000000000006,0.059000000000000004,0.21899999999999997,0.115,0.321,0.376,0.031,0.136
2950,Kay,OK,Age-adjusted prevalence,43641,32842,0.271,0.369,0.07200000000000001,0.12,0.068,0.08199999999999999,0.276,0.11900000000000001,0.341,0.431,0.035,0.21100000000000002
2952,Kearney,NE,Age-adjusted prevalence,6770,5096,0.20800000000000002,0.276,0.07400000000000001,0.092,0.049,0.05,0.179,0.085,0.275,0.384,0.025,0.063
2954,Kearny,KS,Age-adjusted prevalence,3823,2692,0.226,0.309,0.063,0.09699999999999999,0.057999999999999996,0.063,0.196,0.11199999999999999,0.314,0.379,0.03,0.16699999999999998
2956,Keith,NE,Age-adjusted prevalence,8113,6429,0.20600000000000002,0.29100000000000004,0.07200000000000001,0.09300000000000001,0.054000000000000006,0.057999999999999996,0.174,0.09300000000000001,0.27899999999999997,0.35700000000000004,0.027999999999999997,0.095
2958,Kemper,MS,Age-adjusted prevalence,8584,7073,0.273,0.46,0.057,0.106,0.068,0.08,0.182,0.158,0.33899999999999997,0.456,0.046,0.184
2960,Kenai Peninsula,AK,Age-adjusted prevalence,61223,47721,0.21899999999999997,0.303,0.07400000000000001,0.10400000000000001,0.055,0.06,0.207,0.079,0.314,0.32,0.028999999999999998,0.158
2962,Kendall,IL,Age-adjusted prevalence,139976,102765,0.205,0.29100000000000004,0.068,0.095,0.045,0.046,0.19399999999999998,0.091,0.307,0.39,0.024,0.083
2964,Kendall,TX,Age-adjusted prevalence,50537,39429,0.204,0.29,0.069,0.09300000000000001,0.045,0.044000000000000004,0.215,0.08800000000000001,0.315,0.341,0.024,0.087
2966,Kenedy,TX,Age-adjusted prevalence,343,289,0.201,0.326,0.046,0.094,0.064,0.06,0.205,0.149,0.336,0.379,0.034,0.349
2968,Kennebec,ME,Age-adjusted prevalence,127259,103608,0.27,0.292,0.071,0.126,0.057999999999999996,0.073,0.29600000000000004,0.094,0.308,0.325,0.028999999999999998,0.22699999999999998
2970,Kenosha,WI,Age-adjusted prevalence,167488,131659,0.244,0.306,0.07,0.11,0.055,0.057,0.247,0.1,0.29100000000000004,0.401,0.027999999999999997,0.16
2972,Kent,DE,Age-adjusted prevalence,189789,146800,0.255,0.36,0.069,0.126,0.055,0.066,0.233,0.124,0.344,0.439,0.033,0.131
2974,Kent,MD,Age-adjusted prevalence,19303,16393,0.253,0.35200000000000004,0.07400000000000001,0.109,0.053,0.061,0.24,0.10300000000000001,0.33899999999999997,0.364,0.03,0.11900000000000001
2976,Kent,MI,Age-adjusted prevalence,661354,507844,0.23600000000000002,0.308,0.075,0.11,0.052000000000000005,0.06,0.27699999999999997,0.096,0.282,0.349,0.027999999999999997,0.077
2978,Kent,RI,Age-adjusted prevalence,171278,140721,0.233,0.315,0.07400000000000001,0.11800000000000001,0.05,0.057,0.258,0.096,0.29600000000000004,0.327,0.026000000000000002,0.114
2980,Kent,TX,Age-adjusted prevalence,734,557,0.212,0.294,0.069,0.098,0.047,0.051,0.24,0.09300000000000001,0.316,0.331,0.026000000000000002,0.073
2982,Kenton,KY,Age-adjusted prevalence,171321,131901,,,,,,,,,,,,0.07400000000000001
2984,Keokuk,IA,Age-adjusted prevalence,9914,7694,0.243,0.32799999999999996,0.07400000000000001,0.10300000000000001,0.059000000000000004,0.07,0.22699999999999998,0.10400000000000001,0.302,0.415,0.031,0.159
2986,Kern,CA,Age-adjusted prevalence,913820,654092,0.213,0.322,0.057,0.10300000000000001,0.063,0.064,0.226,0.133,0.311,0.36200000000000004,0.036000000000000004,0.22399999999999998
2988,Kerr,TX,Age-adjusted prevalence,53915,44017,0.217,0.312,0.067,0.098,0.055,0.06,0.233,0.10800000000000001,0.319,0.353,0.028999999999999998,0.18100000000000002
2990,Kershaw,SC,Age-adjusted prevalence,69905,53629,0.24600000000000002,0.35100000000000003,0.07,0.099,0.055999999999999994,0.066,0.228,0.121,0.34299999999999997,0.363,0.034,0.15
2992,Ketchikan Gateway,AK,Age-adjusted prevalence,13738,11023,0.217,0.309,0.068,0.10400000000000001,0.053,0.057,0.195,0.086,0.295,0.374,0.028999999999999998,0.11699999999999999
2994,Kewaunee,WI,Age-adjusted prevalence,20690,16410,0.22699999999999998,0.285,0.07200000000000001,0.107,0.054000000000000006,0.057,0.243,0.092,0.294,0.41100000000000003,0.027000000000000003,0.095
2996,Keweenaw,MI,Age-adjusted prevalence,2172,1839,0.248,0.301,0.08,0.111,0.053,0.06,0.281,0.085,0.303,0.34299999999999997,0.026000000000000002,0.098
2998,Keya Paha,NE,Age-adjusted prevalence,805,656,0.223,0.307,0.07400000000000001,0.09300000000000001,0.057999999999999996,0.063,0.185,0.09699999999999999,0.289,0.38,0.028999999999999998,0.14300000000000002
3000,Kidder,ND,Age-adjusted prevalence,2342,1833,0.242,0.303,0.07400000000000001,0.10300000000000001,0.057,0.059000000000000004,0.221,0.091,0.308,0.402,0.028999999999999998,0.152
3002,Kimball,NE,Age-adjusted prevalence,3289,2640,0.233,0.313,0.07,0.09699999999999999,0.061,0.071,0.192,0.109,0.29600000000000004,0.425,0.033,0.159
3004,Kimble,TX,Age-adjusted prevalence,4442,3628,0.23399999999999999,0.33299999999999996,0.067,0.102,0.061,0.071,0.248,0.11699999999999999,0.331,0.375,0.033,0.13
3006,King,TX,Age-adjusted prevalence,217,168,0.23800000000000002,0.35,0.068,0.106,0.067,0.079,0.255,0.122,0.33,0.37799999999999995,0.035,0.26
3008,King,WA,Age-adjusted prevalence,2271380,1836529,0.18899999999999997,0.262,0.066,0.09699999999999999,0.04,0.033,0.23399999999999999,0.07200000000000001,0.321,0.22399999999999998,0.023,0.045
3010,King George,VA,Age-adjusted prevalence,28568,21638,0.23800000000000002,0.315,0.069,0.107,0.052000000000000005,0.055,0.235,0.10300000000000001,0.33399999999999996,0.355,0.027999999999999997,0.102
3012,King William,VA,Age-adjusted prevalence,19030,14699,0.24600000000000002,0.325,0.069,0.109,0.053,0.057,0.247,0.10300000000000001,0.32799999999999996,0.34299999999999997,0.028999999999999998,0.127
3014,King and Queen,VA,Age-adjusted prevalence,6720,5583,0.264,0.36700000000000005,0.067,0.115,0.062,0.073,0.245,0.126,0.33899999999999997,0.40299999999999997,0.036000000000000004,0.16699999999999998
3016,Kingfisher,OK,Age-adjusted prevalence,15481,11404,0.247,0.345,0.07,0.10800000000000001,0.06,0.067,0.243,0.10300000000000001,0.342,0.37200000000000005,0.03,0.142
3018,Kingman,KS,Age-adjusted prevalence,7066,5406,0.237,0.316,0.073,0.10300000000000001,0.057,0.067,0.225,0.096,0.31,0.39299999999999996,0.028999999999999998,0.22
3020,Kings,CA,Age-adjusted prevalence,152682,111961,0.20600000000000002,0.32,0.055,0.09699999999999999,0.063,0.061,0.207,0.129,0.31,0.349,0.035,0.157
3022,Kings,NY,Age-adjusted prevalence,2561225,2003937,0.193,0.28800000000000003,0.053,0.10400000000000001,0.051,0.054000000000000006,0.163,0.111,0.344,0.25,0.033,0.159
3024,Kingsbury,SD,Age-adjusted prevalence,5276,3947,0.22,0.28300000000000003,0.076,0.10099999999999999,0.054000000000000006,0.057,0.218,0.091,0.292,0.358,0.027999999999999997,0.121
3026,Kinney,TX,Age-adjusted prevalence,3148,2597,0.214,0.335,0.06,0.08800000000000001,0.061,0.057999999999999996,0.203,0.132,0.33299999999999996,0.384,0.032,0.15
3028,Kiowa,CO,Age-adjusted prevalence,1384,1055,0.239,0.272,0.076,0.11800000000000001,0.054000000000000006,0.065,0.256,0.083,0.28800000000000003,0.276,0.028999999999999998,0.128
3030,Kiowa,KS,Age-adjusted prevalence,2374,1802,0.23399999999999999,0.311,0.07200000000000001,0.1,0.055,0.061,0.22,0.09300000000000001,0.315,0.402,0.027999999999999997,0.145
3032,Kiowa,OK,Age-adjusted prevalence,8398,6366,0.275,0.387,0.07,0.11900000000000001,0.07400000000000001,0.091,0.26899999999999996,0.131,0.34299999999999997,0.428,0.039,0.22699999999999998
3034,Kit Carson,CO,Age-adjusted prevalence,6994,5210,0.235,0.27699999999999997,0.073,0.11599999999999999,0.057,0.066,0.247,0.091,0.29,0.297,0.031,0.19899999999999998
3036,Kitsap,WA,Age-adjusted prevalence,277658,224070,0.23199999999999998,0.295,0.077,0.113,0.047,0.046,0.259,0.083,0.293,0.32,0.026000000000000002,0.105
3038,Kittitas,WA,Age-adjusted prevalence,45508,37605,0.247,0.285,0.075,0.113,0.053,0.055,0.268,0.08900000000000001,0.289,0.363,0.028999999999999998,0.13
3040,Kittson,MN,Age-adjusted prevalence,4060,3182,0.20600000000000002,0.282,0.07400000000000001,0.102,0.052000000000000005,0.052000000000000005,0.256,0.08800000000000001,0.28600000000000003,0.344,0.027000000000000003,0.068
3042,Klamath,OR,Age-adjusted prevalence,70003,54838,0.263,0.33899999999999997,0.07400000000000001,0.127,0.064,0.076,0.28800000000000003,0.11199999999999999,0.299,0.381,0.033,0.18100000000000002
3044,Kleberg,TX,Age-adjusted prevalence,30069,22867,0.21600000000000003,0.341,0.051,0.091,0.063,0.057999999999999996,0.207,0.154,0.33,0.4,0.034,0.205
3046,Klickitat,WA,Age-adjusted prevalence,23589,19317,0.235,0.268,0.073,0.114,0.054000000000000006,0.055,0.257,0.087,0.285,0.327,0.028999999999999998,0.132
3048,Knott,KY,Age-adjusted prevalence,13659,10946,,,,,,,,,,,,0.225
3050,Knox,IL,Age-adjusted prevalence,48411,38628,0.24600000000000002,0.332,0.071,0.107,0.061,0.076,0.23199999999999998,0.109,0.317,0.39899999999999997,0.033,0.115
3052,Knox,IN,Age-adjusted prevalence,36070,28282,0.262,0.35100000000000003,0.075,0.114,0.062,0.081,0.266,0.114,0.344,0.377,0.032,0.179
3054,Knox,KY,Age-adjusted prevalence,29794,22837,,,,,,,,,,,,0.361
3056,Knox,ME,Age-adjusted prevalence,40977,34148,0.254,0.27699999999999997,0.073,0.121,0.053,0.063,0.27699999999999997,0.08,0.31,0.28800000000000003,0.027000000000000003,0.183
3058,Knox,MO,Age-adjusted prevalence,3723,2854,0.27399999999999997,0.35100000000000003,0.07400000000000001,0.113,0.07,0.099,0.26899999999999996,0.11599999999999999,0.33,0.39799999999999996,0.037000000000000005,0.18600000000000003
3060,Knox,NE,Age-adjusted prevalence,8298,6275,0.233,0.303,0.073,0.098,0.057999999999999996,0.067,0.187,0.10300000000000001,0.292,0.40399999999999997,0.031,0.18899999999999997
3062,Knox,OH,Age-adjusted prevalence,63320,48925,0.264,0.331,0.077,0.111,0.059000000000000004,0.07200000000000001,0.268,0.105,0.32,0.37799999999999995,0.028999999999999998,0.151
3064,Knox,TN,Age-adjusted prevalence,500669,396548,0.27,0.349,0.075,0.106,0.055999999999999994,0.068,0.31,0.111,0.331,0.341,0.028999999999999998,0.08199999999999999
3066,Knox,TX,Age-adjusted prevalence,3302,2408,0.22899999999999998,0.341,0.063,0.102,0.06,0.07,0.239,0.125,0.32799999999999996,0.38,0.034,0.179
3068,Kodiak Island,AK,Age-adjusted prevalence,12565,9632,0.191,0.302,0.057999999999999996,0.09300000000000001,0.052000000000000005,0.052000000000000005,0.172,0.09300000000000001,0.317,0.314,0.028999999999999998,0.133
3070,Koochiching,MN,Age-adjusted prevalence,11751,9706,0.209,0.297,0.07400000000000001,0.10400000000000001,0.055999999999999994,0.055999999999999994,0.259,0.09300000000000001,0.284,0.371,0.028999999999999998,0.10300000000000001
3072,Kootenai,ID,Age-adjusted prevalence,185010,144057,0.243,0.255,0.07400000000000001,0.10800000000000001,0.052000000000000005,0.06,0.249,0.08,0.281,0.315,0.027999999999999997,0.191
3074,Kosciusko,IN,Age-adjusted prevalence,80364,61628,0.257,0.355,0.07400000000000001,0.11,0.057999999999999996,0.073,0.261,0.109,0.341,0.389,0.028999999999999998,0.159
3076,Kossuth,IA,Age-adjusted prevalence,14396,11208,0.23199999999999998,0.299,0.07400000000000001,0.10099999999999999,0.055,0.062,0.218,0.09699999999999999,0.297,0.389,0.027999999999999997,0.113
3078,Kusilvak,AK,Age-adjusted prevalence,8001,4640,0.284,0.415,0.057,0.146,0.096,0.124,0.22699999999999998,0.18,0.305,0.47,0.062,0.446
3080,La Crosse,WI,Age-adjusted prevalence,120486,97393,0.23600000000000002,0.284,0.073,0.11199999999999999,0.053,0.055,0.254,0.09300000000000001,0.311,0.39,0.027000000000000003,0.10400000000000001
3082,La Paz,AZ,Age-adjusted prevalence,16710,14156,0.23800000000000002,0.31,0.069,0.114,0.064,0.076,0.212,0.115,0.305,0.361,0.036000000000000004,0.17600000000000002
3084,La Plata,CO,Age-adjusted prevalence,56407,46809,0.225,0.243,0.077,0.11199999999999999,0.049,0.052000000000000005,0.22899999999999998,0.075,0.278,0.20800000000000002,0.026000000000000002,0.07200000000000001
3086,La Salle,TX,Age-adjusted prevalence,6537,5295,0.21600000000000003,0.354,0.049,0.08900000000000001,0.069,0.07,0.19699999999999998,0.166,0.34,0.409,0.039,0.22399999999999998
3088,LaGrange,IN,Age-adjusted prevalence,40907,28068,0.257,0.336,0.07,0.11900000000000001,0.063,0.08900000000000001,0.278,0.111,0.33899999999999997,0.4,0.032,0.192
3090,LaMoure,ND,Age-adjusted prevalence,4096,3206,0.23399999999999999,0.29,0.073,0.102,0.055999999999999994,0.057999999999999996,0.21100000000000002,0.08800000000000001,0.299,0.35200000000000004,0.027999999999999997,0.16
3092,LaPorte,IN,Age-adjusted prevalence,111706,88166,0.267,0.369,0.07200000000000001,0.11,0.061,0.077,0.253,0.125,0.33299999999999996,0.371,0.032,0.155
3094,LaSalle,IL,Age-adjusted prevalence,108309,85477,0.23800000000000002,0.312,0.07200000000000001,0.10300000000000001,0.055999999999999994,0.067,0.23399999999999999,0.1,0.315,0.379,0.03,0.12
3096,LaSalle,LA,Age-adjusted prevalence,14800,11610,0.26,0.37200000000000005,0.069,0.09699999999999999,0.064,0.079,0.272,0.124,0.35,0.389,0.035,0.149
3098,Labette,KS,Age-adjusted prevalence,19728,14965,0.256,0.344,0.071,0.109,0.063,0.076,0.222,0.107,0.32,0.414,0.033,0.21
3100,Lac qui Parle,MN,Age-adjusted prevalence,6630,5192,0.2,0.273,0.073,0.1,0.052000000000000005,0.051,0.249,0.087,0.28800000000000003,0.348,0.027000000000000003,0.106
3102,Lackawanna,PA,Age-adjusted prevalence,216123,172016,,,,,,,,,,,,0.168
3104,Laclede,MO,Age-adjusted prevalence,36680,27574,0.276,0.349,0.073,0.11199999999999999,0.068,0.094,0.271,0.115,0.337,0.38299999999999995,0.036000000000000004,0.204
3106,Lafayette,AR,Age-adjusted prevalence,6095,4961,0.282,0.439,0.062,0.11599999999999999,0.079,0.10300000000000001,0.26,0.153,0.342,0.46299999999999997,0.047,0.358
3108,Lafayette,FL,Age-adjusted prevalence,8078,6495,0.248,0.36,0.07400000000000001,0.102,0.073,0.09300000000000001,0.19899999999999998,0.128,0.355,0.35200000000000004,0.039,0.233
3110,Lafayette,LA,Age-adjusted prevalence,249750,189467,0.243,0.371,0.067,0.09699999999999999,0.059000000000000004,0.067,0.262,0.11900000000000001,0.33299999999999996,0.34299999999999997,0.034,0.121
3112,Lafayette,MO,Age-adjusted prevalence,33196,25607,0.251,0.316,0.07400000000000001,0.106,0.055999999999999994,0.07,0.259,0.095,0.337,0.368,0.028999999999999998,0.111
3114,Lafayette,MS,Age-adjusted prevalence,58467,47706,0.259,0.37,0.069,0.095,0.057999999999999996,0.066,0.2,0.11800000000000001,0.345,0.37,0.034,0.177
3116,Lafayette,WI,Age-adjusted prevalence,16945,12715,0.24,0.303,0.071,0.11,0.057999999999999996,0.064,0.254,0.098,0.303,0.419,0.03,0.121
3118,Lafourche,LA,Age-adjusted prevalence,95056,73551,0.27899999999999997,0.395,0.068,0.102,0.067,0.083,0.308,0.127,0.34700000000000003,0.47200000000000003,0.036000000000000004,0.195
3120,Lake,CA,Age-adjusted prevalence,67878,52978,0.226,0.32,0.069,0.109,0.061,0.069,0.256,0.107,0.31,0.32799999999999996,0.034,0.153
3122,Lake,CO,Age-adjusted prevalence,7365,5869,0.205,0.252,0.07,0.102,0.046,0.044000000000000004,0.21600000000000003,0.078,0.28600000000000003,0.237,0.024,0.091
3124,Lake,FL,Age-adjusted prevalence,424462,344053,0.225,0.31,0.073,0.098,0.055999999999999994,0.06,0.18600000000000003,0.109,0.324,0.358,0.028999999999999998,0.125
3126,Lake,IL,Age-adjusted prevalence,708760,546551,0.193,0.294,0.066,0.091,0.046,0.047,0.185,0.098,0.327,0.32899999999999996,0.025,0.098
3128,Lake,IN,Age-adjusted prevalence,500598,385370,0.243,0.349,0.064,0.115,0.057999999999999996,0.07200000000000001,0.21,0.129,0.303,0.39899999999999997,0.033,0.17
3130,Lake,MI,Age-adjusted prevalence,12734,10887,0.282,0.36700000000000005,0.071,0.11800000000000001,0.07400000000000001,0.099,0.281,0.125,0.31,0.40299999999999997,0.04,0.203
3132,Lake,MN,Age-adjusted prevalence,10855,8819,0.20800000000000002,0.267,0.07400000000000001,0.10099999999999999,0.054000000000000006,0.054000000000000006,0.255,0.087,0.28,0.353,0.027999999999999997,0.122
3134,Lake,MT,Age-adjusted prevalence,33338,26163,0.255,0.293,0.07200000000000001,0.12300000000000001,0.057999999999999996,0.068,0.267,0.09300000000000001,0.26,0.332,0.033,0.179
3136,Lake,OH,Age-adjusted prevalence,231640,187614,0.258,0.319,0.076,0.10800000000000001,0.054000000000000006,0.061,0.259,0.102,0.298,0.368,0.027000000000000003,0.11699999999999999
3138,Lake,OR,Age-adjusted prevalence,8293,6626,0.262,0.325,0.07400000000000001,0.122,0.065,0.076,0.281,0.11,0.295,0.375,0.034,0.122
3140,Lake,SD,Age-adjusted prevalence,11031,8766,0.217,0.292,0.077,0.099,0.053,0.053,0.20800000000000002,0.091,0.29,0.332,0.027000000000000003,0.109
3142,Lake,TN,Age-adjusted prevalence,6347,5362,0.317,0.46799999999999997,0.066,0.11599999999999999,0.09,0.134,0.293,0.17800000000000002,0.361,0.473,0.052000000000000005,0.314
3144,Lake and Peninsula,AK,Age-adjusted prevalence,1331,964,0.24100000000000002,0.35,0.061,0.125,0.07200000000000001,0.081,0.205,0.126,0.297,0.386,0.043,0.233
3146,Lake of the Woods,MN,Age-adjusted prevalence,3778,3059,0.205,0.27899999999999997,0.073,0.10099999999999999,0.053,0.052000000000000005,0.251,0.08900000000000001,0.289,0.35600000000000004,0.027999999999999997,0.11900000000000001
3148,Lamar,AL,Age-adjusted prevalence,13661,10648,0.281,0.40399999999999997,0.07200000000000001,0.105,0.069,0.08800000000000001,0.265,0.129,0.369,0.408,0.038,0.217
3150,Lamar,GA,Age-adjusted prevalence,20401,16036,0.242,0.36200000000000004,0.067,0.107,0.059000000000000004,0.068,0.213,0.121,0.335,0.371,0.035,0.121
3152,Lamar,MS,Age-adjusted prevalence,66217,50292,0.255,0.38,0.07200000000000001,0.094,0.057,0.064,0.217,0.11199999999999999,0.345,0.385,0.032,0.14300000000000002
3154,Lamar,TX,Age-adjusted prevalence,51127,38549,0.243,0.35200000000000004,0.068,0.111,0.061,0.077,0.256,0.11900000000000001,0.322,0.387,0.035,0.163
3156,Lamb,TX,Age-adjusted prevalence,12711,9252,0.223,0.341,0.055999999999999994,0.096,0.063,0.067,0.221,0.14300000000000002,0.33299999999999996,0.40399999999999997,0.035,0.17600000000000002
3158,Lamoille,VT,Age-adjusted prevalence,26060,20919,0.24100000000000002,0.252,0.075,0.113,0.048,0.052000000000000005,0.28600000000000003,0.068,0.25,0.289,0.026000000000000002,0.08199999999999999
3160,Lampasas,TX,Age-adjusted prevalence,23262,18331,0.225,0.322,0.067,0.102,0.055999999999999994,0.063,0.249,0.11,0.324,0.348,0.03,0.115
3162,Lancaster,NE,Age-adjusted prevalence,326716,254106,0.221,0.298,0.073,0.092,0.052000000000000005,0.053,0.205,0.094,0.28800000000000003,0.35700000000000004,0.027000000000000003,0.142
3164,Lancaster,PA,Age-adjusted prevalence,558589,430649,,,,,,,,,,,,0.162
3166,Lancaster,SC,Age-adjusted prevalence,108215,84913,0.24100000000000002,0.315,0.07200000000000001,0.096,0.053,0.061,0.23199999999999998,0.113,0.34,0.358,0.031,0.16699999999999998
3168,Lancaster,VA,Age-adjusted prevalence,10859,9249,0.259,0.355,0.068,0.114,0.057999999999999996,0.066,0.239,0.11599999999999999,0.33899999999999997,0.365,0.033,0.114
3170,Lander,NV,Age-adjusted prevalence,5769,4270,0.24600000000000002,0.32,0.07,0.11,0.064,0.078,0.235,0.111,0.326,0.349,0.034,0.204
3172,Lane,KS,Age-adjusted prevalence,1529,1159,0.239,0.309,0.07200000000000001,0.10300000000000001,0.055999999999999994,0.062,0.222,0.096,0.315,0.37,0.027999999999999997,0.156
3174,Lane,OR,Age-adjusted prevalence,381181,315520,0.256,0.299,0.078,0.12300000000000001,0.055,0.065,0.28300000000000003,0.09300000000000001,0.305,0.35200000000000004,0.03,0.102
3176,Langlade,WI,Age-adjusted prevalence,19404,15739,0.245,0.303,0.071,0.113,0.06,0.068,0.239,0.1,0.308,0.371,0.031,0.13699999999999998
3178,Lanier,GA,Age-adjusted prevalence,10452,7992,0.258,0.39399999999999996,0.067,0.10800000000000001,0.071,0.08900000000000001,0.223,0.146,0.348,0.409,0.042,0.344
3180,Lapeer,MI,Age-adjusted prevalence,88977,71497,0.255,0.313,0.077,0.114,0.057,0.07200000000000001,0.275,0.09300000000000001,0.298,0.35,0.028999999999999998,0.17
3182,Laramie,WY,Age-adjusted prevalence,100984,78706,0.218,0.275,0.07400000000000001,0.10099999999999999,0.05,0.059000000000000004,0.217,0.09300000000000001,0.3,0.33899999999999997,0.027000000000000003,0.129
3184,Larimer,CO,Age-adjusted prevalence,370771,304158,0.21600000000000003,0.24600000000000002,0.078,0.11199999999999999,0.046,0.048,0.25,0.069,0.27899999999999997,0.244,0.024,0.076
3186,Larue,KY,Age-adjusted prevalence,15303,11846,,,,,,,,,,,,0.198
3188,Las Animas,CO,Age-adjusted prevalence,14348,11821,0.23199999999999998,0.28300000000000003,0.066,0.109,0.057999999999999996,0.062,0.231,0.10400000000000001,0.287,0.32899999999999996,0.032,0.152
3190,Lassen,CA,Age-adjusted prevalence,28861,23438,0.21600000000000003,0.315,0.068,0.10300000000000001,0.062,0.069,0.231,0.106,0.307,0.34299999999999997,0.034,0.124
3192,Latah,ID,Age-adjusted prevalence,41301,33280,0.24600000000000002,0.302,0.076,0.107,0.054000000000000006,0.057999999999999996,0.231,0.084,0.282,0.316,0.028999999999999998,0.10300000000000001
3194,Latimer,OK,Age-adjusted prevalence,9526,7375,0.28600000000000003,0.392,0.069,0.129,0.078,0.099,0.278,0.138,0.349,0.431,0.042,0.22899999999999998
3196,Lauderdale,AL,Age-adjusted prevalence,96814,78262,0.266,0.359,0.07400000000000001,0.1,0.059000000000000004,0.07,0.252,0.11,0.35,0.36700000000000005,0.032,0.156
3198,Lauderdale,MS,Age-adjusted prevalence,70527,54144,0.276,0.431,0.063,0.10400000000000001,0.067,0.08199999999999999,0.196,0.141,0.332,0.423,0.043,0.188
3200,Lauderdale,TN,Age-adjusted prevalence,24610,19169,0.299,0.42200000000000004,0.064,0.11800000000000001,0.071,0.1,0.285,0.151,0.34299999999999997,0.47200000000000003,0.043,0.188
3202,Laurel,KY,Age-adjusted prevalence,63296,49023,,,,,,,,,,,,0.2
3204,Laurens,GA,Age-adjusted prevalence,49941,37550,0.262,0.408,0.064,0.11199999999999999,0.065,0.08,0.212,0.139,0.325,0.441,0.040999999999999995,0.191
3206,Laurens,SC,Age-adjusted prevalence,68873,53894,0.266,0.359,0.069,0.102,0.061,0.076,0.244,0.13,0.33299999999999996,0.363,0.037000000000000005,0.191
3208,Lavaca,TX,Age-adjusted prevalence,20571,15741,0.22899999999999998,0.32799999999999996,0.067,0.10300000000000001,0.057,0.066,0.24600000000000002,0.111,0.326,0.368,0.031,0.1
3210,Lawrence,AL,Age-adjusted prevalence,33502,26186,0.27899999999999997,0.387,0.071,0.106,0.066,0.08199999999999999,0.261,0.125,0.359,0.392,0.037000000000000005,0.22399999999999998
3212,Lawrence,AR,Age-adjusted prevalence,16318,12703,0.273,0.391,0.07400000000000001,0.10800000000000001,0.073,0.096,0.285,0.12,0.342,0.441,0.038,0.19
3214,Lawrence,IL,Age-adjusted prevalence,14813,12103,0.24600000000000002,0.348,0.071,0.105,0.062,0.08,0.225,0.11199999999999999,0.322,0.41,0.034,0.215
3216,Lawrence,IN,Age-adjusted prevalence,45084,35554,0.26899999999999996,0.342,0.075,0.115,0.06,0.078,0.261,0.11,0.33299999999999996,0.418,0.03,0.157
3218,Lawrence,KY,Age-adjusted prevalence,16000,12165,,,,,,,,,,,,0.309
3220,Lawrence,MO,Age-adjusted prevalence,38872,28920,0.26899999999999996,0.345,0.073,0.11,0.068,0.091,0.267,0.115,0.332,0.401,0.036000000000000004,0.218
3222,Lawrence,MS,Age-adjusted prevalence,11741,8893,0.284,0.444,0.064,0.106,0.07400000000000001,0.09699999999999999,0.218,0.152,0.336,0.461,0.046,0.228
3224,Lawrence,OH,Age-adjusted prevalence,56118,44136,0.28800000000000003,0.373,0.075,0.11800000000000001,0.067,0.08800000000000001,0.28800000000000003,0.122,0.33399999999999996,0.41200000000000003,0.034,0.228
3226,Lawrence,PA,Age-adjusted prevalence,84472,67727,,,,,,,,,,,,0.141
3228,Lawrence,SD,Age-adjusted prevalence,28053,23472,0.23,0.271,0.08,0.10099999999999999,0.055,0.055999999999999994,0.218,0.08800000000000001,0.289,0.331,0.028999999999999998,0.153
3230,Lawrence,TN,Age-adjusted prevalence,46114,34552,0.293,0.374,0.07400000000000001,0.113,0.068,0.096,0.332,0.124,0.35100000000000003,0.413,0.036000000000000004,0.218
3232,Le Flore,OK,Age-adjusted prevalence,49596,37373,0.272,0.384,0.07,0.12300000000000001,0.075,0.09300000000000001,0.267,0.13,0.35,0.40399999999999997,0.039,0.195
3234,Le Sueur,MN,Age-adjusted prevalence,29255,22562,0.198,0.278,0.07400000000000001,0.099,0.05,0.048,0.247,0.087,0.281,0.35,0.026000000000000002,0.111
3236,Lea,NM,Age-adjusted prevalence,72101,51363,0.21899999999999997,0.327,0.055999999999999994,0.095,0.063,0.063,0.215,0.121,0.307,0.373,0.035,0.17800000000000002
3238,Leake,MS,Age-adjusted prevalence,21258,16198,0.27399999999999997,0.436,0.062,0.10400000000000001,0.068,0.083,0.19899999999999998,0.145,0.33899999999999997,0.428,0.043,0.235
3240,Leavenworth,KS,Age-adjusted prevalence,83518,63836,0.231,0.302,0.071,0.1,0.052000000000000005,0.054000000000000006,0.213,0.096,0.314,0.395,0.026000000000000002,0.111
3242,Lebanon,PA,Age-adjusted prevalence,144252,111962,,,,,,,,,,,,0.128
3244,Lee,AL,Age-adjusted prevalence,183215,145050,0.256,0.386,0.069,0.1,0.059000000000000004,0.064,0.23399999999999999,0.127,0.35100000000000003,0.39899999999999997,0.033,0.133
3246,Lee,AR,Age-adjusted prevalence,8201,6761,0.278,0.478,0.055999999999999994,0.11,0.08199999999999999,0.102,0.21899999999999997,0.171,0.341,0.47,0.052000000000000005,0.251
3248,Lee,FL,Age-adjusted prevalence,834573,692259,0.221,0.308,0.07400000000000001,0.094,0.055999999999999994,0.059000000000000004,0.184,0.10800000000000001,0.322,0.312,0.028999999999999998,0.111
3250,Lee,GA,Age-adjusted prevalence,33872,25370,0.228,0.34700000000000003,0.068,0.1,0.051,0.054000000000000006,0.204,0.107,0.332,0.386,0.028999999999999998,0.142
3252,Lee,IA,Age-adjusted prevalence,32565,25623,0.248,0.312,0.07400000000000001,0.10300000000000001,0.057999999999999996,0.068,0.21600000000000003,0.1,0.308,0.375,0.031,0.161
3254,Lee,IL,Age-adjusted prevalence,33654,27075,0.233,0.322,0.071,0.102,0.057,0.068,0.22399999999999998,0.102,0.314,0.38799999999999996,0.03,0.14300000000000002
3256,Lee,KY,Age-adjusted prevalence,7293,6002,,,,,,,,,,,,0.376
3258,Lee,MS,Age-adjusted prevalence,82799,62227,0.255,0.413,0.069,0.098,0.057,0.066,0.205,0.12300000000000001,0.34700000000000003,0.363,0.034,0.102
3260,Lee,NC,Age-adjusted prevalence,67059,51479,0.25,0.34600000000000003,0.066,0.109,0.06,0.069,0.251,0.11699999999999999,0.32899999999999996,0.377,0.034,0.162
3262,Lee,SC,Age-adjusted prevalence,15967,12947,0.26899999999999996,0.43700000000000006,0.057,0.111,0.068,0.087,0.21899999999999997,0.16899999999999998,0.33299999999999996,0.441,0.048,0.223
3264,Lee,TX,Age-adjusted prevalence,18240,14389,0.23399999999999999,0.348,0.064,0.10300000000000001,0.062,0.073,0.24,0.124,0.33,0.396,0.035,0.217
3266,Lee,VA,Age-adjusted prevalence,21745,17770,0.287,0.37799999999999995,0.073,0.11599999999999999,0.075,0.10099999999999999,0.272,0.136,0.355,0.42200000000000004,0.04,0.251
3268,Leelanau,MI,Age-adjusted prevalence,23019,19453,0.237,0.281,0.08,0.10800000000000001,0.049,0.053,0.266,0.079,0.294,0.319,0.024,0.073
3270,Leflore,MS,Age-adjusted prevalence,26378,19118,0.29100000000000004,0.49200000000000005,0.053,0.113,0.075,0.096,0.18,0.19,0.348,0.439,0.055999999999999994,0.303
3272,Lehigh,PA,Age-adjusted prevalence,377754,294023,,,,,,,,,,,,0.187
3274,Lemhi,ID,Age-adjusted prevalence,8441,6904,0.252,0.29100000000000004,0.073,0.11199999999999999,0.055999999999999994,0.064,0.24600000000000002,0.086,0.292,0.306,0.03,0.146
3276,Lenawee,MI,Age-adjusted prevalence,97520,77713,0.24600000000000002,0.32299999999999995,0.075,0.114,0.057999999999999996,0.07200000000000001,0.29,0.1,0.315,0.408,0.03,0.086
3278,Lenoir,NC,Age-adjusted prevalence,54895,42399,0.27,0.405,0.061,0.12300000000000001,0.07,0.08900000000000001,0.256,0.141,0.322,0.425,0.045,0.251
3280,Leon,FL,Age-adjusted prevalence,296913,242508,0.22899999999999998,0.348,0.07200000000000001,0.10400000000000001,0.055999999999999994,0.061,0.179,0.113,0.342,0.35600000000000004,0.032,0.114
3282,Leon,TX,Age-adjusted prevalence,16538,12726,0.23600000000000002,0.335,0.067,0.105,0.06,0.07200000000000001,0.25,0.114,0.324,0.364,0.033,0.122
3284,Leslie,KY,Age-adjusted prevalence,9864,7761,,,,,,,,,,,,0.258
3286,Letcher,KY,Age-adjusted prevalence,20423,16017,,,,,,,,,,,,0.341
3288,Levy,FL,Age-adjusted prevalence,46545,37523,0.253,0.342,0.07400000000000001,0.105,0.068,0.083,0.20600000000000002,0.11900000000000001,0.33299999999999996,0.33799999999999997,0.036000000000000004,0.157
3290,Lewis,ID,Age-adjusted prevalence,3739,2946,0.262,0.322,0.071,0.11699999999999999,0.065,0.078,0.245,0.105,0.3,0.355,0.035,0.18
3292,Lewis,KY,Age-adjusted prevalence,12973,9997,,,,,,,,,,,,0.301
3294,Lewis,MO,Age-adjusted prevalence,9818,7755,0.268,0.33799999999999997,0.073,0.111,0.064,0.087,0.26899999999999996,0.109,0.317,0.382,0.034,0.184
3296,Lewis,NY,Age-adjusted prevalence,26548,20528,0.25,0.302,0.076,0.111,0.057,0.068,0.223,0.092,0.326,0.40700000000000003,0.03,0.159
3298,Lewis,TN,Age-adjusted prevalence,13066,10217,0.28800000000000003,0.36,0.07400000000000001,0.113,0.065,0.091,0.319,0.11900000000000001,0.34299999999999997,0.391,0.034,0.182
3300,Lewis,WA,Age-adjusted prevalence,86154,67577,0.251,0.306,0.07400000000000001,0.114,0.054000000000000006,0.06,0.27899999999999997,0.096,0.32,0.38799999999999996,0.031,0.153
3302,Lewis,WV,Age-adjusted prevalence,16500,12975,0.325,0.37799999999999995,0.07400000000000001,0.12300000000000001,0.069,0.095,0.327,0.134,0.36,0.39899999999999997,0.034,0.19699999999999998
3304,Lewis and Clark,MT,Age-adjusted prevalence,75011,59205,0.256,0.259,0.076,0.113,0.047,0.052000000000000005,0.27,0.075,0.278,0.308,0.026000000000000002,0.099
3306,Lexington,SC,Age-adjusted prevalence,309528,238788,0.24100000000000002,0.332,0.07200000000000001,0.09300000000000001,0.051,0.059000000000000004,0.251,0.105,0.327,0.359,0.03,0.105
3308,Lexington,VA,Age-adjusted prevalence,7528,6479,0.24600000000000002,0.32299999999999995,0.07200000000000001,0.107,0.053,0.059000000000000004,0.247,0.105,0.336,0.35700000000000004,0.028999999999999998,0.10099999999999999
3310,Liberty,FL,Age-adjusted prevalence,7706,6342,0.254,0.371,0.07200000000000001,0.10099999999999999,0.075,0.091,0.193,0.13,0.33899999999999997,0.442,0.039,0.207
3312,Liberty,GA,Age-adjusted prevalence,69210,50108,0.243,0.391,0.057999999999999996,0.10300000000000001,0.057999999999999996,0.062,0.18899999999999997,0.139,0.33899999999999997,0.33899999999999997,0.038,0.18100000000000002
3314,Liberty,MT,Age-adjusted prevalence,1974,1533,0.268,0.318,0.075,0.122,0.065,0.085,0.272,0.099,0.284,0.345,0.036000000000000004,0.233
3316,Liberty,TX,Age-adjusted prevalence,108272,75346,0.23600000000000002,0.355,0.061,0.105,0.066,0.079,0.235,0.138,0.33299999999999996,0.4,0.038,0.228
3318,Licking,OH,Age-adjusted prevalence,183201,141689,0.26,0.316,0.076,0.109,0.055999999999999994,0.066,0.267,0.109,0.319,0.373,0.027999999999999997,0.159
3320,Limestone,AL,Age-adjusted prevalence,114654,89453,0.258,0.373,0.07200000000000001,0.09699999999999999,0.055999999999999994,0.061,0.242,0.109,0.35700000000000004,0.39,0.03,0.146
3322,Limestone,TX,Age-adjusted prevalence,22250,17239,0.24,0.36200000000000004,0.063,0.106,0.063,0.075,0.23800000000000002,0.131,0.325,0.39899999999999997,0.037000000000000005,0.19699999999999998
3324,Lincoln,AR,Age-adjusted prevalence,12898,10904,0.257,0.429,0.064,0.098,0.07400000000000001,0.086,0.21899999999999997,0.135,0.344,0.428,0.040999999999999995,0.254
3326,Lincoln,CO,Age-adjusted prevalence,5480,4374,0.235,0.29,0.071,0.109,0.059000000000000004,0.068,0.223,0.094,0.29100000000000004,0.299,0.032,0.14400000000000002
3328,Lincoln,GA,Age-adjusted prevalence,7879,6351,0.257,0.379,0.067,0.11,0.065,0.08,0.222,0.132,0.341,0.38,0.039,0.161
3330,Lincoln,ID,Age-adjusted prevalence,5450,4062,0.233,0.298,0.066,0.105,0.06,0.065,0.22,0.10400000000000001,0.289,0.342,0.032,0.228
3332,Lincoln,KS,Age-adjusted prevalence,2920,2286,0.249,0.32799999999999996,0.073,0.10400000000000001,0.061,0.071,0.228,0.102,0.318,0.405,0.031,0.136
3334,Lincoln,KY,Age-adjusted prevalence,24776,18696,,,,,,,,,,,,0.273
3336,Lincoln,LA,Age-adjusted prevalence,47962,38485,0.28300000000000003,0.42700000000000005,0.065,0.10800000000000001,0.071,0.086,0.278,0.151,0.34299999999999997,0.46299999999999997,0.043,0.201
3338,Lincoln,ME,Age-adjusted prevalence,36507,30624,0.268,0.29100000000000004,0.076,0.124,0.052000000000000005,0.061,0.293,0.081,0.316,0.31,0.026000000000000002,0.122
3340,Lincoln,MN,Age-adjusted prevalence,5521,4227,0.204,0.282,0.073,0.10099999999999999,0.053,0.054000000000000006,0.252,0.08900000000000001,0.27899999999999997,0.369,0.027999999999999997,0.10800000000000001
3342,Lincoln,MO,Age-adjusted prevalence,64699,48548,0.25,0.317,0.07400000000000001,0.106,0.057,0.071,0.253,0.099,0.321,0.39399999999999996,0.03,0.17
3344,Lincoln,MS,Age-adjusted prevalence,34702,26720,0.261,0.406,0.067,0.1,0.064,0.078,0.20600000000000002,0.131,0.342,0.401,0.039,0.195
3346,Lincoln,MT,Age-adjusted prevalence,21895,18010,0.271,0.317,0.07400000000000001,0.11800000000000001,0.061,0.076,0.27399999999999997,0.094,0.281,0.376,0.034,0.157
3348,Lincoln,NC,Age-adjusted prevalence,95675,76148,0.24,0.319,0.073,0.106,0.054000000000000006,0.062,0.263,0.091,0.313,0.344,0.028999999999999998,0.11800000000000001
3350,Lincoln,NE,Age-adjusted prevalence,33365,25829,0.225,0.315,0.07200000000000001,0.099,0.059000000000000004,0.065,0.201,0.102,0.28800000000000003,0.401,0.031,0.094
3352,Lincoln,NM,Age-adjusted prevalence,20029,16497,0.222,0.301,0.066,0.098,0.057,0.057,0.247,0.099,0.284,0.306,0.03,0.131
3354,Lincoln,NV,Age-adjusted prevalence,4452,3519,0.23199999999999998,0.294,0.07400000000000001,0.107,0.054000000000000006,0.063,0.23,0.08800000000000001,0.324,0.317,0.027999999999999997,0.099
3356,Lincoln,OK,Age-adjusted prevalence,34562,26523,0.26899999999999996,0.377,0.07200000000000001,0.11800000000000001,0.067,0.081,0.268,0.114,0.341,0.439,0.035,0.142
3358,Lincoln,OR,Age-adjusted prevalence,50821,43034,0.252,0.307,0.077,0.127,0.057999999999999996,0.068,0.292,0.10099999999999999,0.293,0.35700000000000004,0.031,0.16
3360,Lincoln,SD,Age-adjusted prevalence,73238,54161,0.205,0.273,0.08,0.095,0.046,0.045,0.2,0.081,0.28300000000000003,0.348,0.024,0.127
3362,Lincoln,TN,Age-adjusted prevalence,36169,28065,0.282,0.36,0.07200000000000001,0.11,0.061,0.081,0.298,0.11699999999999999,0.344,0.40299999999999997,0.032,0.155
3364,Lincoln,WA,Age-adjusted prevalence,11738,9253,0.247,0.28300000000000003,0.077,0.115,0.053,0.054000000000000006,0.252,0.083,0.305,0.37799999999999995,0.028999999999999998,0.059000000000000004
3366,Lincoln,WI,Age-adjusted prevalence,28405,23357,0.251,0.302,0.071,0.111,0.057999999999999996,0.064,0.259,0.095,0.3,0.42100000000000004,0.03,0.13699999999999998
3368,Lincoln,WV,Age-adjusted prevalence,19701,15393,0.344,0.40299999999999997,0.07400000000000001,0.13,0.078,0.11199999999999999,0.344,0.14400000000000002,0.35600000000000004,0.452,0.039,0.276
3370,Lincoln,WY,Age-adjusted prevalence,20880,15709,0.214,0.287,0.075,0.10099999999999999,0.052000000000000005,0.059000000000000004,0.212,0.08900000000000001,0.28,0.348,0.027000000000000003,0.13
3372,Linn,IA,Age-adjusted prevalence,228972,177999,0.233,0.282,0.07400000000000001,0.10400000000000001,0.051,0.057,0.23800000000000002,0.09699999999999999,0.297,0.35600000000000004,0.027000000000000003,0.129
3374,Linn,KS,Age-adjusted prevalence,9860,7693,0.24,0.299,0.07200000000000001,0.10300000000000001,0.055999999999999994,0.064,0.21899999999999997,0.092,0.311,0.369,0.027999999999999997,0.17
3376,Linn,MO,Age-adjusted prevalence,11791,9017,0.263,0.33,0.07400000000000001,0.10800000000000001,0.062,0.083,0.267,0.105,0.32799999999999996,0.359,0.033,0.21
3378,Linn,OR,Age-adjusted prevalence,131496,102778,0.272,0.302,0.075,0.126,0.057,0.068,0.316,0.10099999999999999,0.27899999999999997,0.401,0.031,0.09699999999999999
3380,Lipscomb,TX,Age-adjusted prevalence,2906,2179,0.223,0.32799999999999996,0.065,0.098,0.06,0.066,0.23,0.121,0.32799999999999996,0.369,0.032,0.12
3382,Little River,AR,Age-adjusted prevalence,11805,9237,0.265,0.397,0.068,0.10800000000000001,0.067,0.08199999999999999,0.26,0.124,0.335,0.413,0.038,0.242
3384,Live Oak,TX,Age-adjusted prevalence,11584,9407,0.228,0.36,0.06,0.09699999999999999,0.068,0.07400000000000001,0.22,0.142,0.335,0.401,0.037000000000000005,0.252
3386,Livingston,IL,Age-adjusted prevalence,35320,27580,0.23600000000000002,0.315,0.07200000000000001,0.106,0.055999999999999994,0.069,0.231,0.099,0.317,0.36,0.03,0.136
3388,Livingston,KY,Age-adjusted prevalence,8892,7071,,,,,,,,,,,,0.2
3390,Livingston,LA,Age-adjusted prevalence,150145,111845,0.267,0.38299999999999995,0.07200000000000001,0.099,0.061,0.07200000000000001,0.299,0.11699999999999999,0.35100000000000003,0.386,0.032,0.149
3392,Livingston,MI,Age-adjusted prevalence,196757,157470,0.228,0.26899999999999996,0.08,0.111,0.047,0.055,0.266,0.076,0.297,0.319,0.024,0.10800000000000001
3394,Livingston,MO,Age-adjusted prevalence,14557,11376,0.268,0.335,0.07400000000000001,0.113,0.06,0.08199999999999999,0.27399999999999997,0.105,0.325,0.396,0.033,0.154
3396,Livingston,NY,Age-adjusted prevalence,61158,50385,0.239,0.299,0.077,0.111,0.053,0.06,0.21600000000000003,0.085,0.327,0.319,0.027999999999999997,0.115
3398,Llano,TX,Age-adjusted prevalence,22875,19317,0.228,0.314,0.071,0.10099999999999999,0.054000000000000006,0.062,0.24600000000000002,0.10099999999999999,0.324,0.36700000000000005,0.028999999999999998,0.209
3400,Logan,AR,Age-adjusted prevalence,21400,16752,0.265,0.382,0.073,0.106,0.067,0.084,0.273,0.113,0.33899999999999997,0.377,0.035,0.19899999999999998
3402,Logan,CO,Age-adjusted prevalence,20619,16878,0.24100000000000002,0.305,0.07200000000000001,0.114,0.062,0.07400000000000001,0.243,0.098,0.293,0.303,0.034,0.183
3404,Logan,IL,Age-adjusted prevalence,27590,22260,0.23600000000000002,0.318,0.07200000000000001,0.105,0.055,0.068,0.23,0.099,0.314,0.389,0.03,0.163
3406,Logan,KS,Age-adjusted prevalence,2665,1984,0.237,0.314,0.07200000000000001,0.10300000000000001,0.059000000000000004,0.068,0.225,0.1,0.313,0.401,0.03,0.14800000000000002
3408,Logan,KY,Age-adjusted prevalence,28283,21446,,,,,,,,,,,,0.21
3410,Logan,ND,Age-adjusted prevalence,1869,1414,0.24100000000000002,0.314,0.073,0.105,0.06,0.066,0.22,0.095,0.297,0.409,0.031,0.113
3412,Logan,NE,Age-adjusted prevalence,655,518,0.212,0.295,0.07400000000000001,0.092,0.05,0.051,0.182,0.084,0.276,0.36200000000000004,0.026000000000000002,0.047
3414,Logan,OH,Age-adjusted prevalence,46057,35588,0.268,0.33299999999999996,0.075,0.11,0.061,0.075,0.267,0.111,0.314,0.389,0.031,0.177
3416,Logan,OK,Age-adjusted prevalence,53029,41523,0.25,0.36,0.071,0.113,0.057999999999999996,0.064,0.253,0.10300000000000001,0.34,0.402,0.03,0.14300000000000002
3418,Logan,WV,Age-adjusted prevalence,30827,24401,0.345,0.41,0.07400000000000001,0.128,0.076,0.11,0.36200000000000004,0.142,0.375,0.447,0.038,0.264
3420,Long,GA,Age-adjusted prevalence,19594,14123,0.24,0.375,0.063,0.105,0.06,0.07,0.20800000000000002,0.13,0.33299999999999996,0.379,0.036000000000000004,0.131
3422,Lonoke,AR,Age-adjusted prevalence,75944,57386,0.252,0.365,0.073,0.10300000000000001,0.057999999999999996,0.068,0.262,0.10099999999999999,0.35,0.35700000000000004,0.03,0.129
3424,Lorain,OH,Age-adjusted prevalence,317910,249779,0.265,0.33399999999999996,0.073,0.11,0.057999999999999996,0.067,0.264,0.115,0.325,0.36700000000000005,0.03,0.08900000000000001
3426,Los Alamos,NM,Age-adjusted prevalence,19444,15411,0.18899999999999997,0.243,0.07,0.08900000000000001,0.04,0.032,0.213,0.067,0.282,0.251,0.02,0.044000000000000004
3428,Los Angeles,CA,Age-adjusted prevalence,9663345,7710575,0.183,0.284,0.052000000000000005,0.09,0.048,0.045,0.193,0.11599999999999999,0.335,0.264,0.03,0.124
3430,Loudon,TN,Age-adjusted prevalence,60591,49273,0.268,0.35100000000000003,0.075,0.105,0.057999999999999996,0.07200000000000001,0.29,0.10800000000000001,0.341,0.366,0.028999999999999998,0.131
3432,Loudoun,VA,Age-adjusted prevalence,436347,322393,0.19899999999999998,0.28600000000000003,0.064,0.08900000000000001,0.042,0.036000000000000004,0.187,0.08900000000000001,0.33799999999999997,0.273,0.021,0.075
3434,Louisa,IA,Age-adjusted prevalence,10513,8288,0.23199999999999998,0.303,0.069,0.098,0.055,0.061,0.207,0.10099999999999999,0.305,0.4,0.028999999999999998,0.115
3436,Louisa,VA,Age-adjusted prevalence,41037,32859,0.249,0.33299999999999996,0.07,0.11,0.055999999999999994,0.064,0.244,0.109,0.34,0.361,0.031,0.141
3438,Loup,NE,Age-adjusted prevalence,592,479,0.215,0.293,0.07400000000000001,0.091,0.053,0.054000000000000006,0.18,0.08900000000000001,0.28,0.36700000000000005,0.027000000000000003,0.13699999999999998
3440,Love,OK,Age-adjusted prevalence,10296,7849,0.259,0.37,0.068,0.115,0.067,0.079,0.258,0.122,0.33899999999999997,0.38799999999999996,0.035,0.212
3442,Lower Connecticut River Valley,CT,Age-adjusted prevalence,176215,147247,0.222,0.284,0.07400000000000001,0.111,0.046,0.046,0.23800000000000002,0.073,0.316,0.298,0.024,0.085
3444,Lowndes,AL,Age-adjusted prevalence,9717,7570,0.3,0.504,0.053,0.11800000000000001,0.078,0.099,0.22,0.19399999999999998,0.354,0.513,0.055999999999999994,0.28800000000000003
3446,Lowndes,GA,Age-adjusted prevalence,120712,91064,0.247,0.373,0.064,0.107,0.061,0.071,0.203,0.134,0.32799999999999996,0.402,0.038,0.168
3448,Lowndes,MS,Age-adjusted prevalence,57283,43676,0.254,0.419,0.063,0.10099999999999999,0.06,0.071,0.195,0.136,0.32799999999999996,0.379,0.039,0.156
3450,Lubbock,TX,Age-adjusted prevalence,320940,245983,0.218,0.319,0.063,0.09699999999999999,0.055999999999999994,0.06,0.22399999999999998,0.12,0.331,0.371,0.031,0.102
3452,Lucas,IA,Age-adjusted prevalence,8747,6665,0.249,0.325,0.073,0.10400000000000001,0.062,0.075,0.226,0.106,0.306,0.39799999999999996,0.032,0.168
3454,Lucas,OH,Age-adjusted prevalence,425484,329145,0.27,0.33799999999999997,0.069,0.113,0.062,0.076,0.26899999999999996,0.122,0.311,0.36200000000000004,0.034,0.172
3456,Luce,MI,Age-adjusted prevalence,6435,5396,0.262,0.365,0.073,0.113,0.067,0.08199999999999999,0.255,0.11599999999999999,0.31,0.413,0.035,0.154
3458,Lumpkin,GA,Age-adjusted prevalence,35258,29477,0.242,0.32899999999999996,0.076,0.1,0.057999999999999996,0.067,0.22899999999999998,0.10800000000000001,0.336,0.31,0.031,0.135
3460,Luna,NM,Age-adjusted prevalence,25316,18862,0.23399999999999999,0.342,0.054000000000000006,0.099,0.076,0.078,0.235,0.15,0.317,0.369,0.042,0.225
3462,Lunenburg,VA,Age-adjusted prevalence,12038,9653,0.266,0.38799999999999996,0.063,0.11599999999999999,0.069,0.084,0.242,0.147,0.34299999999999997,0.45799999999999996,0.042,0.177
3464,Luzerne,PA,Age-adjusted prevalence,327388,260845,,,,,,,,,,,,0.171
3466,Lycoming,PA,Age-adjusted prevalence,112724,89871,,,,,,,,,,,,0.138
3468,Lyman,SD,Age-adjusted prevalence,3705,2689,0.247,0.33799999999999997,0.07200000000000001,0.115,0.071,0.079,0.218,0.132,0.297,0.40700000000000003,0.039,0.24100000000000002
3470,Lynchburg,VA,Age-adjusted prevalence,79535,64016,0.26,0.365,0.066,0.11699999999999999,0.057999999999999996,0.067,0.24100000000000002,0.125,0.336,0.40399999999999997,0.035,0.18
3472,Lynn,TX,Age-adjusted prevalence,5761,4156,0.228,0.34299999999999997,0.061,0.099,0.064,0.071,0.235,0.134,0.33299999999999996,0.385,0.035,0.175
3474,Lyon,IA,Age-adjusted prevalence,12324,8896,0.243,0.324,0.078,0.10400000000000001,0.055,0.061,0.222,0.098,0.319,0.426,0.027999999999999997,0.1
3476,Lyon,KS,Age-adjusted prevalence,32172,24980,0.243,0.337,0.066,0.099,0.061,0.068,0.215,0.11199999999999999,0.335,0.39899999999999997,0.031,0.174
3478,Lyon,KY,Age-adjusted prevalence,9187,7902,,,,,,,,,,,,0.151
3480,Lyon,MN,Age-adjusted prevalence,25427,18733,0.20600000000000002,0.28300000000000003,0.071,0.10099999999999999,0.053,0.053,0.237,0.095,0.284,0.384,0.027999999999999997,0.1
3482,Lyon,NV,Age-adjusted prevalence,62583,49698,0.22399999999999998,0.316,0.07200000000000001,0.109,0.057,0.068,0.22399999999999998,0.098,0.326,0.35,0.03,0.17300000000000001
3484,Mackinac,MI,Age-adjusted prevalence,10851,9233,0.272,0.331,0.07400000000000001,0.124,0.065,0.084,0.285,0.115,0.306,0.413,0.035,0.098
3486,Macomb,MI,Age-adjusted prevalence,875101,695938,0.257,0.335,0.073,0.114,0.055,0.069,0.26899999999999996,0.096,0.325,0.373,0.028999999999999998,0.10300000000000001
3488,Macon,AL,Age-adjusted prevalence,18370,15322,0.28600000000000003,0.484,0.051,0.11800000000000001,0.066,0.077,0.21600000000000003,0.177,0.34700000000000003,0.491,0.048,0.255
3490,Macon,GA,Age-adjusted prevalence,11817,9723,0.268,0.45899999999999996,0.055,0.111,0.079,0.098,0.185,0.185,0.335,0.439,0.054000000000000006,0.37200000000000005
3492,Macon,IL,Age-adjusted prevalence,100591,77904,0.243,0.337,0.07,0.11,0.055999999999999994,0.07,0.22899999999999998,0.10800000000000001,0.32299999999999995,0.426,0.032,0.147
3494,Macon,MO,Age-adjusted prevalence,15161,11647,0.258,0.322,0.07400000000000001,0.106,0.057999999999999996,0.073,0.255,0.099,0.321,0.34600000000000003,0.031,0.18899999999999997
3496,Macon,NC,Age-adjusted prevalence,38412,31394,0.248,0.336,0.07400000000000001,0.10800000000000001,0.061,0.07200000000000001,0.278,0.1,0.322,0.35600000000000004,0.032,0.124
3498,Macon,TN,Age-adjusted prevalence,26793,20137,0.28800000000000003,0.361,0.073,0.113,0.068,0.096,0.314,0.127,0.34299999999999997,0.426,0.036000000000000004,0.268
3500,Macoupin,IL,Age-adjusted prevalence,44018,35091,0.242,0.317,0.07400000000000001,0.107,0.057,0.07200000000000001,0.245,0.099,0.316,0.368,0.03,0.14300000000000002
3502,Madera,CA,Age-adjusted prevalence,162858,118944,0.223,0.318,0.057999999999999996,0.10400000000000001,0.064,0.067,0.21899999999999997,0.128,0.313,0.36700000000000005,0.036000000000000004,0.201
3504,Madison,AL,Age-adjusted prevalence,412600,324132,0.253,0.36200000000000004,0.069,0.094,0.052000000000000005,0.052000000000000005,0.22,0.109,0.35,0.401,0.028999999999999998,0.109
3506,Madison,AR,Age-adjusted prevalence,17775,13547,0.26899999999999996,0.384,0.071,0.105,0.069,0.087,0.26899999999999996,0.113,0.33799999999999997,0.406,0.035,0.203
3508,Madison,FL,Age-adjusted prevalence,18519,15063,0.256,0.375,0.067,0.11,0.07,0.08900000000000001,0.195,0.133,0.342,0.379,0.042,0.193
3510,Madison,GA,Age-adjusted prevalence,32191,24680,0.251,0.35600000000000004,0.071,0.105,0.065,0.081,0.231,0.124,0.34299999999999997,0.37799999999999995,0.036000000000000004,0.161
3512,Madison,IA,Age-adjusted prevalence,16971,12791,0.22399999999999998,0.28800000000000003,0.075,0.098,0.05,0.054000000000000006,0.213,0.085,0.305,0.366,0.025,0.076
3514,Madison,ID,Age-adjusted prevalence,54547,43341,0.256,0.313,0.073,0.115,0.066,0.079,0.242,0.107,0.302,0.34,0.036000000000000004,0.21600000000000003
3516,Madison,IL,Age-adjusted prevalence,262752,207550,0.24,0.315,0.073,0.106,0.052000000000000005,0.062,0.231,0.095,0.312,0.38799999999999996,0.027999999999999997,0.085
3518,Madison,IN,Age-adjusted prevalence,132504,104288,0.27399999999999997,0.363,0.07200000000000001,0.115,0.061,0.078,0.27699999999999997,0.11800000000000001,0.34299999999999997,0.363,0.032,0.188
3520,Madison,KY,Age-adjusted prevalence,96735,76250,,,,,,,,,,,,0.135
3522,Madison,LA,Age-adjusted prevalence,9246,6887,0.309,0.496,0.055999999999999994,0.122,0.086,0.11800000000000001,0.272,0.196,0.354,0.501,0.059000000000000004,0.315
3524,Madison,MO,Age-adjusted prevalence,12698,9847,0.263,0.332,0.07400000000000001,0.107,0.061,0.081,0.267,0.106,0.322,0.375,0.032,0.2
3526,Madison,MS,Age-adjusted prevalence,112511,85633,0.23,0.371,0.066,0.09300000000000001,0.049,0.051,0.182,0.10800000000000001,0.315,0.36,0.03,0.084
3528,Madison,MT,Age-adjusted prevalence,9521,8033,0.235,0.268,0.075,0.10800000000000001,0.049,0.052000000000000005,0.239,0.073,0.273,0.28600000000000003,0.026000000000000002,0.078
3530,Madison,NC,Age-adjusted prevalence,22071,18349,0.245,0.32299999999999995,0.076,0.10800000000000001,0.055999999999999994,0.066,0.27399999999999997,0.091,0.314,0.349,0.028999999999999998,0.19399999999999998
3532,Madison,NE,Age-adjusted prevalence,35627,26650,0.21,0.314,0.07200000000000001,0.094,0.054000000000000006,0.057999999999999996,0.168,0.102,0.306,0.40399999999999997,0.027999999999999997,0.156
3534,Madison,NY,Age-adjusted prevalence,66921,54640,0.239,0.29100000000000004,0.077,0.111,0.051,0.059000000000000004,0.223,0.083,0.325,0.37200000000000005,0.027000000000000003,0.14
3536,Madison,OH,Age-adjusted prevalence,44602,35840,0.254,0.34299999999999997,0.07400000000000001,0.106,0.059000000000000004,0.069,0.252,0.10800000000000001,0.317,0.368,0.03,0.165
3538,Madison,TN,Age-adjusted prevalence,99193,77007,0.281,0.402,0.065,0.11599999999999999,0.063,0.079,0.27699999999999997,0.141,0.321,0.44299999999999995,0.037000000000000005,0.187
3540,Madison,TX,Age-adjusted prevalence,13742,10656,0.23199999999999998,0.359,0.062,0.10099999999999999,0.063,0.07400000000000001,0.221,0.129,0.32899999999999996,0.38,0.036000000000000004,0.21600000000000003
3542,Madison,VA,Age-adjusted prevalence,14128,11351,0.24600000000000002,0.319,0.07200000000000001,0.11,0.054000000000000006,0.063,0.252,0.102,0.335,0.377,0.028999999999999998,0.11199999999999999
3544,Magoffin,KY,Age-adjusted prevalence,11228,8684,,,,,,,,,,,,0.365
3546,Mahaska,IA,Age-adjusted prevalence,21874,16738,0.243,0.316,0.073,0.102,0.057,0.066,0.221,0.09699999999999999,0.305,0.39,0.03,0.16699999999999998
3548,Mahnomen,MN,Age-adjusted prevalence,5280,3646,0.242,0.332,0.068,0.128,0.075,0.085,0.27899999999999997,0.14,0.287,0.444,0.043,0.233
3550,Mahoning,OH,Age-adjusted prevalence,225596,179979,0.278,0.341,0.07200000000000001,0.111,0.062,0.076,0.259,0.11800000000000001,0.31,0.389,0.033,0.201
3552,Major,OK,Age-adjusted prevalence,7581,5641,0.255,0.342,0.071,0.11199999999999999,0.061,0.07200000000000001,0.258,0.105,0.335,0.42200000000000004,0.031,0.185
3554,Malheur,OR,Age-adjusted prevalence,32044,23797,0.255,0.336,0.069,0.11800000000000001,0.067,0.077,0.253,0.125,0.303,0.41600000000000004,0.036000000000000004,0.275
3556,Manassas,VA,Age-adjusted prevalence,42696,31215,0.213,0.309,0.059000000000000004,0.096,0.051,0.049,0.198,0.11800000000000001,0.34299999999999997,0.353,0.027999999999999997,0.17
3558,Manassas Park,VA,Age-adjusted prevalence,16361,12682,0.223,0.336,0.053,0.09699999999999999,0.057,0.055999999999999994,0.201,0.139,0.34700000000000003,0.38,0.032,0.115
3560,Manatee,FL,Age-adjusted prevalence,441095,365149,0.214,0.304,0.075,0.09300000000000001,0.055999999999999994,0.06,0.191,0.10099999999999999,0.335,0.327,0.027999999999999997,0.10099999999999999
3562,Manistee,MI,Age-adjusted prevalence,25562,21306,0.26,0.321,0.077,0.11599999999999999,0.06,0.076,0.28300000000000003,0.099,0.301,0.37,0.031,0.114
3564,Manitowoc,WI,Age-adjusted prevalence,81331,65081,0.231,0.299,0.071,0.10800000000000001,0.054000000000000006,0.059000000000000004,0.231,0.092,0.28800000000000003,0.389,0.027999999999999997,0.156
3566,Marathon,WI,Age-adjusted prevalence,138612,107632,0.222,0.294,0.071,0.10300000000000001,0.054000000000000006,0.055,0.251,0.08800000000000001,0.31,0.36,0.027000000000000003,0.051
3568,Marengo,AL,Age-adjusted prevalence,18684,14502,0.29,0.457,0.06,0.111,0.068,0.081,0.235,0.161,0.373,0.43200000000000005,0.044000000000000004,0.204
3570,Maricopa,AZ,Age-adjusted prevalence,4585871,3572375,0.213,0.28600000000000003,0.073,0.10099999999999999,0.05,0.052000000000000005,0.18899999999999997,0.096,0.33,0.306,0.027000000000000003,0.14
3572,Maries,MO,Age-adjusted prevalence,8430,6697,0.263,0.33,0.07400000000000001,0.109,0.061,0.081,0.26899999999999996,0.10300000000000001,0.322,0.379,0.032,0.135
3574,Marin,CA,Age-adjusted prevalence,254407,206190,0.187,0.252,0.07200000000000001,0.095,0.043,0.039,0.221,0.075,0.29600000000000004,0.213,0.023,0.06
3576,Marinette,WI,Age-adjusted prevalence,42106,34244,0.237,0.29600000000000004,0.073,0.11199999999999999,0.057999999999999996,0.063,0.254,0.099,0.301,0.376,0.03,0.13699999999999998
3578,Marion,AL,Age-adjusted prevalence,29244,23108,0.282,0.39299999999999996,0.075,0.10400000000000001,0.069,0.08800000000000001,0.273,0.12300000000000001,0.36700000000000005,0.425,0.037000000000000005,0.17800000000000002
3580,Marion,AR,Age-adjusted prevalence,17514,14236,0.265,0.35100000000000003,0.073,0.106,0.07,0.086,0.27699999999999997,0.111,0.33,0.37799999999999995,0.035,0.217
3582,Marion,FL,Age-adjusted prevalence,409959,333326,0.233,0.32,0.073,0.1,0.062,0.07200000000000001,0.207,0.109,0.32299999999999995,0.371,0.033,0.19399999999999998
3584,Marion,GA,Age-adjusted prevalence,7440,5938,0.257,0.38799999999999996,0.064,0.11,0.067,0.08199999999999999,0.21899999999999997,0.14300000000000002,0.34700000000000003,0.385,0.040999999999999995,0.248
3586,Marion,IA,Age-adjusted prevalence,33770,25965,0.228,0.3,0.076,0.09699999999999999,0.05,0.054000000000000006,0.221,0.087,0.297,0.4,0.025,0.098
3588,Marion,IL,Age-adjusted prevalence,36673,28035,0.251,0.32799999999999996,0.073,0.11,0.06,0.078,0.248,0.106,0.315,0.395,0.033,0.18600000000000003
3590,Marion,IN,Age-adjusted prevalence,968460,727834,0.248,0.38,0.065,0.11699999999999999,0.057999999999999996,0.071,0.253,0.128,0.337,0.384,0.034,0.165
3592,Marion,KS,Age-adjusted prevalence,11690,9217,0.23399999999999999,0.312,0.073,0.102,0.057,0.065,0.22399999999999998,0.095,0.313,0.397,0.028999999999999998,0.105
3594,Marion,KY,Age-adjusted prevalence,19834,15144,,,,,,,,,,,,0.254
3596,Marion,MO,Age-adjusted prevalence,28336,21790,0.262,0.337,0.07400000000000001,0.107,0.059000000000000004,0.077,0.261,0.106,0.314,0.39799999999999996,0.032,0.179
3598,Marion,MS,Age-adjusted prevalence,24224,18622,0.28800000000000003,0.431,0.065,0.10400000000000001,0.07,0.09,0.213,0.14400000000000002,0.342,0.436,0.043,0.256
3600,Marion,OH,Age-adjusted prevalence,64851,50931,0.28300000000000003,0.37,0.07400000000000001,0.11,0.068,0.085,0.282,0.125,0.332,0.441,0.035,0.2
3602,Marion,OR,Age-adjusted prevalence,346741,266110,0.245,0.308,0.07,0.122,0.057,0.064,0.27699999999999997,0.113,0.304,0.436,0.031,0.12300000000000001
3604,Marion,SC,Age-adjusted prevalence,28508,22259,0.281,0.434,0.057999999999999996,0.114,0.071,0.096,0.228,0.177,0.322,0.452,0.05,0.231
3606,Marion,TN,Age-adjusted prevalence,29382,23402,0.295,0.373,0.073,0.115,0.069,0.096,0.321,0.126,0.341,0.402,0.036000000000000004,0.20600000000000002
3608,Marion,TX,Age-adjusted prevalence,9571,7838,0.247,0.36700000000000005,0.065,0.113,0.065,0.081,0.254,0.128,0.326,0.391,0.038,0.152
3610,Marion,WV,Age-adjusted prevalence,55807,44759,0.32,0.381,0.075,0.12300000000000001,0.064,0.081,0.314,0.126,0.366,0.43,0.031,0.198
3612,Mariposa,CA,Age-adjusted prevalence,16919,13883,0.221,0.29,0.071,0.106,0.055,0.059000000000000004,0.25,0.094,0.309,0.309,0.03,0.162
3614,Marlboro,SC,Age-adjusted prevalence,25704,20526,0.273,0.447,0.059000000000000004,0.11,0.073,0.09699999999999999,0.225,0.174,0.348,0.409,0.05,0.314
3616,Marquette,MI,Age-adjusted prevalence,66999,55244,0.254,0.316,0.079,0.115,0.057,0.07,0.28600000000000003,0.094,0.299,0.38,0.028999999999999998,0.10099999999999999
3618,Marquette,WI,Age-adjusted prevalence,15838,12855,0.24,0.308,0.07,0.11199999999999999,0.06,0.068,0.257,0.10099999999999999,0.302,0.43,0.031,0.122
3620,Marshall,AL,Age-adjusted prevalence,100756,74538,0.266,0.375,0.07400000000000001,0.098,0.064,0.077,0.262,0.124,0.368,0.376,0.034,0.22899999999999998
3622,Marshall,IA,Age-adjusted prevalence,40014,29881,0.226,0.306,0.068,0.095,0.055999999999999994,0.061,0.2,0.10800000000000001,0.31,0.444,0.028999999999999998,0.174
3624,Marshall,IL,Age-adjusted prevalence,11683,9285,0.24,0.313,0.07400000000000001,0.106,0.055999999999999994,0.069,0.243,0.09699999999999999,0.319,0.386,0.028999999999999998,0.115
3626,Marshall,IN,Age-adjusted prevalence,46352,35175,0.258,0.35,0.071,0.11199999999999999,0.061,0.078,0.27,0.115,0.349,0.434,0.031,0.162
3628,Marshall,KS,Age-adjusted prevalence,9933,7549,0.239,0.314,0.07200000000000001,0.10400000000000001,0.06,0.071,0.231,0.098,0.313,0.375,0.03,0.145
3630,Marshall,KY,Age-adjusted prevalence,31744,25459,,,,,,,,,,,,0.128
3632,Marshall,MN,Age-adjusted prevalence,8810,6782,0.21100000000000002,0.28800000000000003,0.07200000000000001,0.102,0.053,0.054000000000000006,0.253,0.091,0.293,0.392,0.027999999999999997,0.125
3634,Marshall,MS,Age-adjusted prevalence,34123,27051,0.28600000000000003,0.449,0.061,0.105,0.071,0.08900000000000001,0.201,0.157,0.348,0.42100000000000004,0.046,0.23199999999999998
3636,Marshall,OK,Age-adjusted prevalence,15970,12272,0.26,0.36700000000000005,0.069,0.11699999999999999,0.069,0.083,0.262,0.122,0.34,0.397,0.036000000000000004,0.193
3638,Marshall,SD,Age-adjusted prevalence,4390,3294,0.223,0.28600000000000003,0.075,0.1,0.054000000000000006,0.055999999999999994,0.205,0.095,0.29,0.35700000000000004,0.027999999999999997,0.102
3640,Marshall,TN,Age-adjusted prevalence,36961,28299,0.27699999999999997,0.36200000000000004,0.073,0.11,0.06,0.079,0.309,0.11699999999999999,0.33899999999999997,0.395,0.032,0.175
3642,Marshall,WV,Age-adjusted prevalence,29405,23911,0.319,0.38,0.076,0.121,0.067,0.087,0.32,0.124,0.34600000000000003,0.373,0.033,0.223
3644,Martin,FL,Age-adjusted prevalence,163315,137320,0.218,0.267,0.079,0.094,0.054000000000000006,0.057999999999999996,0.192,0.094,0.342,0.27899999999999997,0.027000000000000003,0.077
3646,Martin,IN,Age-adjusted prevalence,9897,7723,0.267,0.35200000000000004,0.07400000000000001,0.11599999999999999,0.064,0.084,0.273,0.115,0.342,0.391,0.032,0.17
3648,Martin,KY,Age-adjusted prevalence,10928,8828,,,,,,,,,,,,0.33299999999999996
3650,Martin,MN,Age-adjusted prevalence,19657,15122,0.205,0.27699999999999997,0.073,0.10099999999999999,0.055999999999999994,0.057,0.25,0.09699999999999999,0.28800000000000003,0.366,0.028999999999999998,0.09699999999999999
3652,Martin,NC,Age-adjusted prevalence,21447,17125,0.263,0.38799999999999996,0.061,0.122,0.064,0.08,0.259,0.131,0.319,0.40399999999999997,0.040999999999999995,0.252
3654,Martin,TX,Age-adjusted prevalence,5216,3571,0.209,0.315,0.06,0.096,0.054000000000000006,0.057,0.222,0.115,0.322,0.35600000000000004,0.028999999999999998,0.133
3656,Martinsville,VA,Age-adjusted prevalence,13763,9946,0.28,0.408,0.061,0.125,0.07,0.08800000000000001,0.239,0.159,0.34,0.447,0.045,0.201
3658,Mason,IL,Age-adjusted prevalence,12523,10018,0.244,0.317,0.07400000000000001,0.107,0.057999999999999996,0.073,0.244,0.1,0.317,0.37200000000000005,0.031,0.138
3660,Mason,KY,Age-adjusted prevalence,16841,12943,,,,,,,,,,,,0.21899999999999997
3662,Mason,MI,Age-adjusted prevalence,29159,23606,0.271,0.322,0.078,0.11599999999999999,0.06,0.076,0.287,0.10099999999999999,0.303,0.405,0.031,0.113
3664,Mason,TX,Age-adjusted prevalence,3931,3203,0.215,0.303,0.069,0.09699999999999999,0.052000000000000005,0.055999999999999994,0.235,0.099,0.32299999999999995,0.34299999999999997,0.027000000000000003,0.11800000000000001
3666,Mason,WA,Age-adjusted prevalence,68389,55214,0.251,0.297,0.073,0.11199999999999999,0.054000000000000006,0.057,0.26899999999999996,0.092,0.311,0.358,0.03,0.073
3668,Mason,WV,Age-adjusted prevalence,24765,19716,0.326,0.386,0.076,0.13,0.071,0.1,0.337,0.132,0.37200000000000005,0.41200000000000003,0.035,0.113
3670,Massac,IL,Age-adjusted prevalence,13661,10895,0.25,0.327,0.07200000000000001,0.111,0.059000000000000004,0.077,0.24600000000000002,0.10800000000000001,0.319,0.408,0.033,0.196
3672,Matagorda,TX,Age-adjusted prevalence,36359,26887,0.228,0.35,0.059000000000000004,0.1,0.063,0.069,0.22699999999999998,0.139,0.33,0.395,0.036000000000000004,0.2
3674,Matanuska-Susitna,AK,Age-adjusted prevalence,115239,86125,0.245,0.304,0.071,0.107,0.057,0.062,0.221,0.083,0.32,0.37,0.03,0.147
3676,Mathews,VA,Age-adjusted prevalence,8514,7170,0.245,0.315,0.073,0.109,0.054000000000000006,0.061,0.261,0.10099999999999999,0.335,0.353,0.028999999999999998,0.08
3678,Maui,HI,Age-adjusted prevalence,164183,130270,0.196,0.254,0.059000000000000004,0.105,0.05,0.048,0.16899999999999998,0.096,0.285,0.262,0.03,0.09699999999999999
3680,Maury,TN,Age-adjusted prevalence,110760,85543,0.266,0.354,0.07200000000000001,0.107,0.055,0.068,0.28600000000000003,0.10800000000000001,0.335,0.348,0.03,0.14400000000000002
3682,Maverick,TX,Age-adjusted prevalence,57762,39943,0.20800000000000002,0.35,0.042,0.08900000000000001,0.066,0.057,0.196,0.18100000000000002,0.341,0.446,0.037000000000000005,0.168
3684,Mayes,OK,Age-adjusted prevalence,39889,30559,0.273,0.384,0.07,0.125,0.07,0.085,0.261,0.121,0.35,0.41600000000000004,0.037000000000000005,0.21899999999999997
3686,McClain,OK,Age-adjusted prevalence,47072,35436,0.247,0.355,0.07200000000000001,0.111,0.057999999999999996,0.063,0.258,0.098,0.34,0.381,0.028999999999999998,0.133
3688,McCone,MT,Age-adjusted prevalence,1676,1334,0.23600000000000002,0.287,0.076,0.11,0.05,0.057,0.24600000000000002,0.077,0.281,0.32899999999999996,0.027000000000000003,0.073
3690,McCook,SD,Age-adjusted prevalence,5809,4149,0.21600000000000003,0.27699999999999997,0.077,0.098,0.052000000000000005,0.053,0.217,0.08800000000000001,0.284,0.359,0.027000000000000003,0.09300000000000001
3692,McCormick,SC,Age-adjusted prevalence,9941,8927,0.25,0.384,0.065,0.1,0.061,0.07,0.207,0.136,0.342,0.38299999999999995,0.038,0.156
3694,McCracken,KY,Age-adjusted prevalence,67428,52847,,,,,,,,,,,,0.226
3696,McCreary,KY,Age-adjusted prevalence,17050,13365,,,,,,,,,,,,0.34299999999999997
3698,McCulloch,TX,Age-adjusted prevalence,7452,5892,0.228,0.33,0.064,0.10099999999999999,0.06,0.069,0.242,0.11900000000000001,0.327,0.36700000000000005,0.033,0.154
3700,McCurtain,OK,Age-adjusted prevalence,30660,22566,0.27399999999999997,0.386,0.068,0.126,0.07400000000000001,0.091,0.264,0.133,0.341,0.42700000000000005,0.04,0.205
3702,McDonald,MO,Age-adjusted prevalence,23903,17900,0.281,0.368,0.07,0.113,0.075,0.10300000000000001,0.273,0.135,0.335,0.42700000000000005,0.040999999999999995,0.235
3704,McDonough,IL,Age-adjusted prevalence,26839,21974,0.247,0.335,0.07400000000000001,0.107,0.06,0.075,0.243,0.10800000000000001,0.326,0.392,0.032,0.111
3706,McDowell,NC,Age-adjusted prevalence,44893,36301,0.256,0.336,0.073,0.11,0.062,0.077,0.27399999999999997,0.10300000000000001,0.32899999999999996,0.35,0.033,0.174
3708,McDowell,WV,Age-adjusted prevalence,17439,14224,0.35100000000000003,0.446,0.069,0.133,0.08900000000000001,0.136,0.326,0.174,0.371,0.461,0.047,0.342
3710,McDuffie,GA,Age-adjusted prevalence,21799,16447,0.256,0.39399999999999996,0.064,0.111,0.062,0.077,0.214,0.138,0.32899999999999996,0.391,0.039,0.16699999999999998
3712,McHenry,IL,Age-adjusted prevalence,312800,242583,0.22399999999999998,0.297,0.07200000000000001,0.096,0.047,0.05,0.223,0.08800000000000001,0.307,0.317,0.024,0.134
3714,McHenry,ND,Age-adjusted prevalence,5131,3898,0.23800000000000002,0.311,0.073,0.102,0.055999999999999994,0.059000000000000004,0.214,0.08900000000000001,0.297,0.41700000000000004,0.028999999999999998,0.153
3716,McIntosh,GA,Age-adjusted prevalence,11501,9721,0.265,0.40399999999999997,0.065,0.115,0.071,0.09,0.225,0.145,0.34600000000000003,0.409,0.043,0.25
3718,McIntosh,ND,Age-adjusted prevalence,2488,1958,0.244,0.312,0.07200000000000001,0.105,0.059000000000000004,0.067,0.218,0.098,0.303,0.36700000000000005,0.031,0.18100000000000002
3720,McIntosh,OK,Age-adjusted prevalence,19603,15584,0.28600000000000003,0.405,0.07,0.128,0.076,0.096,0.28300000000000003,0.132,0.34700000000000003,0.449,0.040999999999999995,0.195
3722,McKean,PA,Age-adjusted prevalence,39519,32001,,,,,,,,,,,,0.129
3724,McKenzie,ND,Age-adjusted prevalence,14252,9705,0.242,0.313,0.071,0.10300000000000001,0.057,0.057,0.205,0.099,0.302,0.409,0.028999999999999998,0.111
3726,McKinley,NM,Age-adjusted prevalence,68797,50466,0.258,0.368,0.055999999999999994,0.142,0.08900000000000001,0.10800000000000001,0.25,0.179,0.304,0.414,0.057,0.253
3728,McLean,IL,Age-adjusted prevalence,170441,134722,0.226,0.312,0.07200000000000001,0.102,0.05,0.055,0.222,0.095,0.327,0.36,0.027000000000000003,0.124
3730,McLean,KY,Age-adjusted prevalence,9054,6955,,,,,,,,,,,,0.22699999999999998
3732,McLean,ND,Age-adjusted prevalence,9832,7747,0.23800000000000002,0.299,0.073,0.102,0.052000000000000005,0.053,0.21899999999999997,0.086,0.305,0.402,0.027000000000000003,0.105
3734,McLennan,TX,Age-adjusted prevalence,268583,204435,0.231,0.33899999999999997,0.063,0.10400000000000001,0.057999999999999996,0.065,0.237,0.122,0.313,0.361,0.033,0.14
3736,McLeod,MN,Age-adjusted prevalence,36785,28829,0.212,0.28300000000000003,0.073,0.1,0.051,0.052000000000000005,0.24600000000000002,0.092,0.28600000000000003,0.42200000000000004,0.027000000000000003,0.115
3738,McMinn,TN,Age-adjusted prevalence,55678,43829,0.293,0.375,0.07400000000000001,0.11199999999999999,0.064,0.086,0.307,0.124,0.35200000000000004,0.46799999999999997,0.033,0.2
3740,McMullen,TX,Age-adjusted prevalence,568,445,0.22899999999999998,0.35200000000000004,0.06,0.09699999999999999,0.067,0.07200000000000001,0.228,0.141,0.335,0.391,0.036000000000000004,0.242
3742,McNairy,TN,Age-adjusted prevalence,26163,20543,0.293,0.38299999999999995,0.073,0.115,0.068,0.09699999999999999,0.318,0.129,0.348,0.39299999999999996,0.037000000000000005,0.257
3744,McPherson,KS,Age-adjusted prevalence,30091,23489,0.233,0.308,0.073,0.10099999999999999,0.052000000000000005,0.057999999999999996,0.222,0.08800000000000001,0.312,0.38,0.026000000000000002,0.132
3746,McPherson,NE,Age-adjusted prevalence,383,316,0.225,0.3,0.076,0.096,0.055,0.057999999999999996,0.191,0.092,0.287,0.39299999999999996,0.027999999999999997,0.11599999999999999
3748,McPherson,SD,Age-adjusted prevalence,2334,1826,0.231,0.301,0.075,0.10400000000000001,0.06,0.068,0.221,0.10099999999999999,0.293,0.36,0.032,0.127
3750,Meade,KS,Age-adjusted prevalence,3911,2875,0.23199999999999998,0.316,0.068,0.10099999999999999,0.059000000000000004,0.066,0.212,0.10300000000000001,0.316,0.37,0.03,0.1
3752,Meade,KY,Age-adjusted prevalence,30131,23607,,,,,,,,,,,,0.133
3754,Meade,SD,Age-adjusted prevalence,30954,24546,0.23399999999999999,0.292,0.079,0.10400000000000001,0.054000000000000006,0.055,0.23,0.086,0.304,0.309,0.027999999999999997,0.13699999999999998
3756,Meagher,MT,Age-adjusted prevalence,2071,1699,0.24100000000000002,0.281,0.075,0.111,0.053,0.061,0.253,0.083,0.27399999999999997,0.326,0.028999999999999998,0.121
3758,Mecklenburg,NC,Age-adjusted prevalence,1163701,901633,0.221,0.313,0.064,0.10400000000000001,0.049,0.05,0.22399999999999998,0.10099999999999999,0.306,0.295,0.028999999999999998,0.083
3760,Mecklenburg,VA,Age-adjusted prevalence,30648,24987,0.268,0.377,0.065,0.11699999999999999,0.063,0.076,0.247,0.136,0.33899999999999997,0.415,0.038,0.184
3762,Mecosta,MI,Age-adjusted prevalence,41099,33152,0.272,0.33399999999999996,0.078,0.11800000000000001,0.065,0.086,0.301,0.10400000000000001,0.307,0.38299999999999995,0.034,0.11199999999999999
3764,Medina,OH,Age-adjusted prevalence,184042,145211,0.247,0.313,0.078,0.106,0.051,0.057,0.252,0.094,0.319,0.359,0.025,0.10099999999999999
3766,Medina,TX,Age-adjusted prevalence,54797,42472,0.209,0.33399999999999996,0.059000000000000004,0.092,0.054000000000000006,0.053,0.212,0.124,0.322,0.396,0.028999999999999998,0.14400000000000002
3768,Meeker,MN,Age-adjusted prevalence,23490,17928,0.201,0.28,0.073,0.10099999999999999,0.054000000000000006,0.054000000000000006,0.254,0.094,0.27899999999999997,0.371,0.027999999999999997,0.087
3770,Meigs,OH,Age-adjusted prevalence,21767,17309,0.29600000000000004,0.382,0.076,0.11800000000000001,0.077,0.10400000000000001,0.294,0.135,0.332,0.44,0.038,0.215
3772,Meigs,TN,Age-adjusted prevalence,13691,10945,0.28600000000000003,0.379,0.073,0.113,0.069,0.095,0.32,0.122,0.348,0.40399999999999997,0.036000000000000004,0.161
3774,Mellette,SD,Age-adjusted prevalence,1851,1291,0.276,0.38799999999999996,0.069,0.133,0.095,0.12,0.23600000000000002,0.183,0.29600000000000004,0.462,0.055999999999999994,0.428
3776,Menard,IL,Age-adjusted prevalence,11954,9394,0.23600000000000002,0.304,0.075,0.105,0.052000000000000005,0.063,0.24,0.09,0.315,0.374,0.027000000000000003,0.096
3778,Menard,TX,Age-adjusted prevalence,1958,1592,0.222,0.325,0.063,0.1,0.059000000000000004,0.066,0.235,0.121,0.32899999999999996,0.376,0.032,0.21600000000000003
3780,Mendocino,CA,Age-adjusted prevalence,89108,70576,0.221,0.31,0.068,0.107,0.059000000000000004,0.064,0.245,0.10400000000000001,0.312,0.295,0.032,0.126
3782,Menifee,KY,Age-adjusted prevalence,6286,5112,,,,,,,,,,,,0.287
3784,Menominee,MI,Age-adjusted prevalence,22945,19083,0.266,0.327,0.077,0.11699999999999999,0.061,0.078,0.298,0.099,0.302,0.389,0.031,0.095
3786,Menominee,WI,Age-adjusted prevalence,4226,2882,0.258,0.344,0.061,0.141,0.07,0.075,0.24100000000000002,0.153,0.29100000000000004,0.45399999999999996,0.042,0.17800000000000002
3788,Merced,CA,Age-adjusted prevalence,291920,209020,0.207,0.318,0.053,0.098,0.062,0.061,0.213,0.133,0.33299999999999996,0.34299999999999997,0.035,0.18600000000000003
3790,Mercer,IL,Age-adjusted prevalence,15487,12237,0.24,0.31,0.07400000000000001,0.105,0.055,0.068,0.24,0.096,0.312,0.385,0.028999999999999998,0.147
3792,Mercer,KY,Age-adjusted prevalence,23097,18078,,,,,,,,,,,,0.212
3794,Mercer,MO,Age-adjusted prevalence,3469,2611,0.27899999999999997,0.354,0.07400000000000001,0.11,0.067,0.091,0.27399999999999997,0.11800000000000001,0.331,0.414,0.036000000000000004,0.21600000000000003
3796,Mercer,ND,Age-adjusted prevalence,8309,6371,0.23800000000000002,0.307,0.07200000000000001,0.105,0.057,0.061,0.21600000000000003,0.091,0.306,0.396,0.028999999999999998,0.098
3798,Mercer,NJ,Age-adjusted prevalence,381671,298044,0.18,0.284,0.06,0.08900000000000001,0.047,0.044000000000000004,0.151,0.098,0.33299999999999996,0.255,0.027000000000000003,0.114
3800,Mercer,OH,Age-adjusted prevalence,42439,31313,0.245,0.324,0.075,0.106,0.055999999999999994,0.065,0.261,0.09699999999999999,0.318,0.364,0.027000000000000003,0.20600000000000002
3802,Mercer,PA,Age-adjusted prevalence,108503,88049,,,,,,,,,,,,0.159
3804,Mercer,WV,Age-adjusted prevalence,58057,45722,0.34600000000000003,0.387,0.07200000000000001,0.129,0.07,0.098,0.33,0.136,0.375,0.41,0.036000000000000004,0.245
3806,Meriwether,GA,Age-adjusted prevalence,20931,16562,0.251,0.387,0.063,0.11199999999999999,0.064,0.08,0.21600000000000003,0.14,0.33,0.413,0.04,0.20600000000000002
3808,Merrick,NE,Age-adjusted prevalence,7755,5997,0.226,0.299,0.073,0.09300000000000001,0.054000000000000006,0.059000000000000004,0.191,0.092,0.28,0.392,0.027999999999999997,0.14400000000000002
3810,Merrimack,NH,Age-adjusted prevalence,157103,128587,0.23399999999999999,0.275,0.077,0.11,0.047,0.053,0.24600000000000002,0.07400000000000001,0.28,0.332,0.025,0.1
3812,Mesa,CO,Age-adjusted prevalence,159681,127668,0.235,0.266,0.075,0.115,0.052000000000000005,0.057999999999999996,0.245,0.081,0.266,0.301,0.027999999999999997,0.14
3814,Metcalfe,KY,Age-adjusted prevalence,10482,8042,,,,,,,,,,,,0.162
3816,Miami,IN,Age-adjusted prevalence,35402,28092,0.265,0.36200000000000004,0.073,0.11199999999999999,0.067,0.086,0.268,0.125,0.348,0.442,0.034,0.134
3818,Miami,KS,Age-adjusted prevalence,35320,27123,0.237,0.28800000000000003,0.07400000000000001,0.099,0.051,0.055999999999999994,0.22,0.08800000000000001,0.312,0.34700000000000003,0.026000000000000002,0.094
3820,Miami,OH,Age-adjusted prevalence,110876,85630,0.256,0.32,0.076,0.109,0.055999999999999994,0.066,0.266,0.10300000000000001,0.314,0.33299999999999996,0.027999999999999997,0.172
3822,Miami-Dade,FL,Age-adjusted prevalence,2686867,2154272,0.18,0.303,0.051,0.086,0.057,0.047,0.14,0.133,0.313,0.293,0.031,0.13699999999999998
3824,Middlesex,MA,Age-adjusted prevalence,1623952,1310019,0.20800000000000002,0.256,0.071,0.111,0.043,0.040999999999999995,0.24100000000000002,0.077,0.318,0.23800000000000002,0.023,0.10099999999999999
3826,Middlesex,NJ,Age-adjusted prevalence,863623,680119,0.183,0.304,0.055999999999999994,0.083,0.044000000000000004,0.039,0.13,0.10300000000000001,0.349,0.297,0.025,0.066
3828,Middlesex,VA,Age-adjusted prevalence,10924,9150,0.255,0.326,0.071,0.111,0.055999999999999994,0.063,0.25,0.10800000000000001,0.33299999999999996,0.38299999999999995,0.031,0.127
3830,Midland,MI,Age-adjusted prevalence,84039,66530,0.252,0.303,0.077,0.111,0.054000000000000006,0.063,0.272,0.087,0.309,0.317,0.027000000000000003,0.114
3832,Midland,TX,Age-adjusted prevalence,177108,125208,0.205,0.318,0.06,0.094,0.051,0.051,0.21,0.114,0.317,0.358,0.027999999999999997,0.109
3834,Mifflin,PA,Age-adjusted prevalence,45922,35538,,,,,,,,,,,,0.245
3836,Milam,TX,Age-adjusted prevalence,25951,20070,0.231,0.341,0.064,0.102,0.059000000000000004,0.068,0.239,0.11900000000000001,0.319,0.373,0.033,0.16399999999999998
3838,Millard,UT,Age-adjusted prevalence,13437,9330,0.226,0.299,0.076,0.109,0.057,0.06,0.264,0.10099999999999999,0.287,0.345,0.03,0.17600000000000002
3840,Mille Lacs,MN,Age-adjusted prevalence,27427,21090,0.204,0.307,0.07400000000000001,0.106,0.055999999999999994,0.059000000000000004,0.26,0.09699999999999999,0.3,0.38,0.03,0.122
3842,Miller,AR,Age-adjusted prevalence,42415,32396,0.265,0.408,0.065,0.111,0.07,0.08800000000000001,0.253,0.131,0.32899999999999996,0.38,0.04,0.289
3844,Miller,GA,Age-adjusted prevalence,5747,4410,0.266,0.38799999999999996,0.067,0.113,0.067,0.084,0.22899999999999998,0.139,0.344,0.424,0.04,0.198
3846,Miller,MO,Age-adjusted prevalence,25590,19541,0.264,0.331,0.07400000000000001,0.10800000000000001,0.062,0.081,0.272,0.106,0.33,0.373,0.033,0.113
3848,Mills,IA,Age-adjusted prevalence,14633,11325,0.22699999999999998,0.298,0.075,0.099,0.05,0.053,0.21,0.08800000000000001,0.312,0.38799999999999996,0.026000000000000002,0.10300000000000001
3850,Mills,TX,Age-adjusted prevalence,4548,3625,0.22,0.307,0.069,0.099,0.054000000000000006,0.06,0.24100000000000002,0.099,0.32,0.336,0.027999999999999997,0.192
3852,Milwaukee,WI,Age-adjusted prevalence,916205,700935,0.239,0.341,0.062,0.11800000000000001,0.057999999999999996,0.063,0.237,0.124,0.304,0.38799999999999996,0.034,0.13699999999999998
3854,Miner,SD,Age-adjusted prevalence,2280,1744,0.225,0.29600000000000004,0.076,0.10099999999999999,0.057,0.062,0.21899999999999997,0.09699999999999999,0.295,0.36200000000000004,0.03,0.154
3856,Mineral,CO,Age-adjusted prevalence,944,819,0.223,0.258,0.079,0.10800000000000001,0.049,0.05,0.23399999999999999,0.073,0.287,0.251,0.025,0.09300000000000001
3858,Mineral,MT,Age-adjusted prevalence,5090,4134,0.25,0.293,0.07400000000000001,0.114,0.057,0.067,0.261,0.08800000000000001,0.285,0.358,0.031,0.122
3860,Mineral,NV,Age-adjusted prevalence,4528,3656,0.267,0.34600000000000003,0.069,0.121,0.073,0.096,0.244,0.128,0.337,0.384,0.040999999999999995,0.207
3862,Mineral,WV,Age-adjusted prevalence,26867,21526,0.312,0.36200000000000004,0.07400000000000001,0.121,0.061,0.078,0.32299999999999995,0.11699999999999999,0.33899999999999997,0.39399999999999996,0.03,0.142
3864,Mingo,WV,Age-adjusted prevalence,22023,17103,0.35,0.428,0.073,0.134,0.085,0.13,0.36,0.158,0.379,0.43,0.044000000000000004,0.319
3866,Minidoka,ID,Age-adjusted prevalence,22480,16145,0.228,0.312,0.064,0.10300000000000001,0.059000000000000004,0.064,0.213,0.11,0.29600000000000004,0.36700000000000005,0.032,0.201
3868,Minnehaha,SD,Age-adjusted prevalence,206930,154695,0.218,0.305,0.076,0.09699999999999999,0.052000000000000005,0.053,0.223,0.1,0.305,0.371,0.027000000000000003,0.064
3870,Missaukee,MI,Age-adjusted prevalence,15311,11930,0.27,0.331,0.077,0.11800000000000001,0.062,0.081,0.294,0.102,0.313,0.392,0.032,0.141
3872,Mississippi,AR,Age-adjusted prevalence,38663,28644,0.268,0.434,0.063,0.111,0.07,0.086,0.254,0.134,0.32899999999999996,0.467,0.040999999999999995,0.268
3874,Mississippi,MO,Age-adjusted prevalence,11822,9153,0.298,0.4,0.067,0.11699999999999999,0.07400000000000001,0.105,0.26,0.141,0.331,0.47700000000000004,0.043,0.297
3876,Missoula,MT,Age-adjusted prevalence,121849,100124,0.217,0.254,0.075,0.10800000000000001,0.048,0.052000000000000005,0.267,0.079,0.28600000000000003,0.26899999999999996,0.026000000000000002,0.085
3878,Mitchell,GA,Age-adjusted prevalence,21114,16263,0.252,0.428,0.061,0.11199999999999999,0.068,0.084,0.20800000000000002,0.156,0.336,0.451,0.045,0.252
3880,Mitchell,IA,Age-adjusted prevalence,10518,8004,0.235,0.31,0.07400000000000001,0.10099999999999999,0.055,0.062,0.21,0.09300000000000001,0.301,0.40399999999999997,0.027999999999999997,0.099
3882,Mitchell,KS,Age-adjusted prevalence,5719,4312,0.242,0.319,0.073,0.10300000000000001,0.057999999999999996,0.067,0.22399999999999998,0.098,0.313,0.39299999999999996,0.028999999999999998,0.11199999999999999
3884,Mitchell,NC,Age-adjusted prevalence,14999,12283,0.247,0.321,0.075,0.10800000000000001,0.057,0.068,0.275,0.094,0.316,0.37,0.03,0.126
3886,Mitchell,TX,Age-adjusted prevalence,9075,7271,0.22399999999999998,0.359,0.06,0.09300000000000001,0.065,0.07,0.209,0.135,0.332,0.391,0.036000000000000004,0.18600000000000003
3888,Mobile,AL,Age-adjusted prevalence,411640,316274,0.256,0.396,0.065,0.098,0.061,0.069,0.22699999999999998,0.141,0.353,0.39,0.037000000000000005,0.158
3890,Modoc,CA,Age-adjusted prevalence,8500,6906,0.22899999999999998,0.309,0.071,0.111,0.061,0.07,0.265,0.10300000000000001,0.311,0.32299999999999995,0.034,0.147
3892,Moffat,CO,Age-adjusted prevalence,13327,10079,0.239,0.28600000000000003,0.07200000000000001,0.115,0.057999999999999996,0.068,0.248,0.092,0.298,0.28300000000000003,0.031,0.166
3894,Mohave,AZ,Age-adjusted prevalence,223682,187847,0.226,0.31,0.073,0.11199999999999999,0.059000000000000004,0.077,0.215,0.09699999999999999,0.312,0.33299999999999996,0.033,0.156
3896,Moniteau,MO,Age-adjusted prevalence,15256,11398,0.256,0.325,0.073,0.105,0.059000000000000004,0.076,0.256,0.102,0.325,0.391,0.031,0.22699999999999998
3898,Monmouth,NJ,Age-adjusted prevalence,642799,510015,0.19399999999999998,0.27699999999999997,0.069,0.08900000000000001,0.044000000000000004,0.04,0.151,0.078,0.336,0.303,0.023,0.065
3900,Mono,CA,Age-adjusted prevalence,13066,10809,0.204,0.278,0.07,0.099,0.052000000000000005,0.051,0.23399999999999999,0.08900000000000001,0.303,0.309,0.027000000000000003,0.12
3902,Monona,IA,Age-adjusted prevalence,8493,6595,0.243,0.32,0.07400000000000001,0.10300000000000001,0.057,0.068,0.22399999999999998,0.099,0.295,0.42700000000000005,0.03,0.126
3904,Monongalia,WV,Age-adjusted prevalence,107718,90427,0.287,0.35100000000000003,0.075,0.115,0.061,0.073,0.287,0.121,0.35200000000000004,0.342,0.03,0.152
3906,Monroe,AL,Age-adjusted prevalence,19229,15175,0.289,0.447,0.062,0.113,0.071,0.09,0.242,0.156,0.354,0.439,0.045,0.204
3908,Monroe,AR,Age-adjusted prevalence,6512,4982,0.267,0.43799999999999994,0.061,0.11599999999999999,0.071,0.08800000000000001,0.248,0.14300000000000002,0.34,0.43700000000000006,0.043,0.244
3910,Monroe,FL,Age-adjusted prevalence,80614,68170,0.20600000000000002,0.3,0.07400000000000001,0.09,0.054000000000000006,0.053,0.174,0.09699999999999999,0.325,0.255,0.027000000000000003,0.09
3912,Monroe,GA,Age-adjusted prevalence,30625,24227,0.235,0.344,0.069,0.102,0.054000000000000006,0.06,0.20800000000000002,0.109,0.33399999999999996,0.34700000000000003,0.031,0.157
3914,Monroe,IA,Age-adjusted prevalence,7504,5790,0.23199999999999998,0.307,0.07400000000000001,0.10099999999999999,0.054000000000000006,0.061,0.218,0.091,0.307,0.381,0.027000000000000003,0.182
3916,Monroe,IL,Age-adjusted prevalence,34957,27543,0.218,0.282,0.076,0.1,0.045,0.05,0.226,0.078,0.312,0.349,0.023,0.073
3918,Monroe,IN,Age-adjusted prevalence,139342,117382,0.249,0.326,0.07400000000000001,0.11,0.057999999999999996,0.069,0.267,0.11,0.35100000000000003,0.35700000000000004,0.028999999999999998,0.128
3920,Monroe,KY,Age-adjusted prevalence,11306,8615,,,,,,,,,,,,0.27
3922,Monroe,MI,Age-adjusted prevalence,155045,123173,0.27,0.32,0.077,0.11800000000000001,0.057,0.071,0.28,0.098,0.317,0.40299999999999997,0.028999999999999998,0.124
3924,Monroe,MO,Age-adjusted prevalence,8698,6787,0.264,0.337,0.073,0.109,0.064,0.086,0.272,0.11,0.32299999999999995,0.38,0.034,0.23
3926,Monroe,MS,Age-adjusted prevalence,33609,26102,0.26899999999999996,0.42100000000000004,0.066,0.10099999999999999,0.065,0.08199999999999999,0.209,0.135,0.35,0.429,0.04,0.22699999999999998
3928,Monroe,NY,Age-adjusted prevalence,748482,597520,0.23600000000000002,0.301,0.073,0.11,0.051,0.054000000000000006,0.226,0.096,0.299,0.318,0.027999999999999997,0.121
3930,Monroe,OH,Age-adjusted prevalence,13153,10468,0.28600000000000003,0.353,0.075,0.114,0.069,0.09,0.287,0.12,0.32299999999999995,0.40399999999999997,0.035,0.23600000000000002
3932,Monroe,PA,Age-adjusted prevalence,166053,134807,,,,,,,,,,,,0.111
3934,Monroe,TN,Age-adjusted prevalence,48594,38727,0.284,0.379,0.07400000000000001,0.114,0.068,0.094,0.326,0.122,0.35,0.38799999999999996,0.035,0.183
3936,Monroe,WI,Age-adjusted prevalence,46151,34486,0.257,0.31,0.071,0.113,0.061,0.068,0.264,0.10400000000000001,0.3,0.44,0.032,0.10300000000000001
3938,Monroe,WV,Age-adjusted prevalence,12382,9940,0.331,0.387,0.07400000000000001,0.125,0.069,0.09300000000000001,0.32899999999999996,0.131,0.37,0.41200000000000003,0.034,0.24
3940,Montague,TX,Age-adjusted prevalence,21598,16711,0.233,0.322,0.07,0.105,0.057999999999999996,0.07,0.259,0.105,0.32,0.35,0.031,0.14
3942,Montcalm,MI,Age-adjusted prevalence,68154,54137,0.264,0.33799999999999997,0.075,0.115,0.063,0.08199999999999999,0.28,0.106,0.315,0.42200000000000004,0.033,0.177
3944,Monterey,CA,Age-adjusted prevalence,430723,321055,0.195,0.303,0.057,0.096,0.055999999999999994,0.053,0.19399999999999998,0.11599999999999999,0.319,0.314,0.031,0.11199999999999999
3946,Montezuma,CO,Age-adjusted prevalence,26531,21032,0.23199999999999998,0.27,0.073,0.12,0.055,0.063,0.252,0.08900000000000001,0.27699999999999997,0.285,0.03,0.131
3948,Montgomery,AL,Age-adjusted prevalence,224980,170733,0.272,0.43799999999999994,0.057999999999999996,0.10800000000000001,0.06,0.067,0.214,0.14800000000000002,0.34,0.46299999999999997,0.04,0.147
3950,Montgomery,AR,Age-adjusted prevalence,8620,7004,0.262,0.374,0.073,0.106,0.071,0.087,0.278,0.114,0.349,0.41100000000000003,0.036000000000000004,0.177
3952,Montgomery,GA,Age-adjusted prevalence,8761,6956,0.256,0.38799999999999996,0.066,0.105,0.065,0.077,0.217,0.135,0.34299999999999997,0.4,0.038,0.237
3954,Montgomery,IA,Age-adjusted prevalence,10139,7873,0.23800000000000002,0.318,0.07400000000000001,0.10300000000000001,0.057,0.068,0.22,0.099,0.299,0.397,0.03,0.16699999999999998
3956,Montgomery,IL,Age-adjusted prevalence,27663,22131,0.239,0.32,0.073,0.10400000000000001,0.057999999999999996,0.073,0.235,0.10099999999999999,0.313,0.392,0.031,0.146
3958,Montgomery,IN,Age-adjusted prevalence,38573,29757,0.267,0.35,0.073,0.11199999999999999,0.062,0.081,0.271,0.11199999999999999,0.335,0.395,0.031,0.153
3960,Montgomery,KS,Age-adjusted prevalence,30568,23384,0.257,0.344,0.07,0.10800000000000001,0.063,0.077,0.22899999999999998,0.111,0.32299999999999995,0.39299999999999996,0.034,0.223
3962,Montgomery,KY,Age-adjusted prevalence,28527,21907,,,,,,,,,,,,0.24
3964,Montgomery,MD,Age-adjusted prevalence,1058474,819715,0.18100000000000002,0.28800000000000003,0.061,0.092,0.043,0.038,0.177,0.092,0.366,0.259,0.024,0.045
3966,Montgomery,MO,Age-adjusted prevalence,11459,8974,0.271,0.34,0.07400000000000001,0.11,0.063,0.085,0.266,0.109,0.33,0.371,0.034,0.18
3968,Montgomery,MS,Age-adjusted prevalence,9600,7441,0.281,0.44299999999999995,0.063,0.105,0.07200000000000001,0.09,0.2,0.153,0.34700000000000003,0.43799999999999994,0.046,0.37200000000000005
3970,Montgomery,NC,Age-adjusted prevalence,26085,20705,0.257,0.36,0.067,0.11199999999999999,0.064,0.077,0.259,0.11800000000000001,0.322,0.389,0.036000000000000004,0.20199999999999999
3972,Montgomery,NY,Age-adjusted prevalence,49368,37918,0.244,0.305,0.07200000000000001,0.11,0.057999999999999996,0.068,0.222,0.095,0.309,0.389,0.031,0.14400000000000002
3974,Montgomery,OH,Age-adjusted prevalence,533796,415836,0.254,0.33399999999999996,0.07,0.11599999999999999,0.059000000000000004,0.071,0.267,0.125,0.29,0.374,0.033,0.174
3976,Montgomery,PA,Age-adjusted prevalence,868742,685549,,,,,,,,,,,,0.069
3978,Montgomery,TN,Age-adjusted prevalence,239872,176143,0.267,0.363,0.067,0.107,0.055,0.065,0.278,0.11800000000000001,0.33299999999999996,0.385,0.031,0.11599999999999999
3980,Montgomery,TX,Age-adjusted prevalence,711354,528013,0.214,0.301,0.066,0.095,0.05,0.051,0.217,0.10400000000000001,0.33299999999999996,0.314,0.027000000000000003,0.107
3982,Montgomery,VA,Age-adjusted prevalence,98666,83813,0.245,0.331,0.075,0.105,0.059000000000000004,0.066,0.249,0.11,0.348,0.314,0.03,0.16899999999999998
3984,Montmorency,MI,Age-adjusted prevalence,9678,8165,0.271,0.33,0.076,0.11900000000000001,0.066,0.08800000000000001,0.299,0.105,0.31,0.38299999999999995,0.034,0.142
3986,Montour,PA,Age-adjusted prevalence,17860,14344,,,,,,,,,,,,0.099
3988,Montrose,CO,Age-adjusted prevalence,44156,35363,0.22899999999999998,0.265,0.07200000000000001,0.113,0.053,0.06,0.24100000000000002,0.085,0.285,0.27699999999999997,0.028999999999999998,0.157
3990,Moody,SD,Age-adjusted prevalence,6450,4742,0.217,0.28300000000000003,0.075,0.102,0.053,0.053,0.205,0.096,0.287,0.336,0.027999999999999997,0.11
3992,Moore,NC,Age-adjusted prevalence,106898,83707,0.23,0.313,0.073,0.105,0.051,0.054000000000000006,0.252,0.08900000000000001,0.315,0.32799999999999996,0.027000000000000003,0.133
3994,Moore,TN,Age-adjusted prevalence,6748,5434,0.28,0.35700000000000004,0.07400000000000001,0.109,0.062,0.081,0.306,0.113,0.34299999999999997,0.384,0.032,0.106
3996,Moore,TX,Age-adjusted prevalence,21190,14480,0.217,0.344,0.054000000000000006,0.094,0.065,0.067,0.212,0.147,0.335,0.391,0.036000000000000004,0.213
3998,Mora,NM,Age-adjusted prevalence,4123,3454,0.2,0.298,0.05,0.086,0.057,0.044000000000000004,0.198,0.127,0.298,0.337,0.03,0.139
4000,Morehouse,LA,Age-adjusted prevalence,23955,18408,0.301,0.475,0.061,0.11599999999999999,0.078,0.10300000000000001,0.27699999999999997,0.168,0.361,0.449,0.05,0.305
4002,Morgan,AL,Age-adjusted prevalence,125133,96099,0.26899999999999996,0.39899999999999997,0.071,0.099,0.062,0.07200000000000001,0.249,0.12300000000000001,0.359,0.385,0.033,0.183
4004,Morgan,CO,Age-adjusted prevalence,29524,21787,0.231,0.29100000000000004,0.067,0.111,0.055999999999999994,0.061,0.22,0.099,0.29600000000000004,0.32299999999999995,0.031,0.124
4006,Morgan,GA,Age-adjusted prevalence,21460,16735,0.22399999999999998,0.337,0.07,0.1,0.05,0.055,0.20800000000000002,0.10099999999999999,0.33299999999999996,0.316,0.027999999999999997,0.146
4008,Morgan,IL,Age-adjusted prevalence,32140,25898,0.243,0.33,0.07200000000000001,0.106,0.057999999999999996,0.073,0.23600000000000002,0.10300000000000001,0.317,0.40299999999999997,0.031,0.09300000000000001
4010,Morgan,IN,Age-adjusted prevalence,73227,57218,0.254,0.33799999999999997,0.075,0.111,0.057999999999999996,0.073,0.265,0.109,0.325,0.373,0.028999999999999998,0.107
4012,Morgan,KY,Age-adjusted prevalence,14283,11670,,,,,,,,,,,,0.248
4014,Morgan,MO,Age-adjusted prevalence,21970,16914,0.26899999999999996,0.34700000000000003,0.073,0.111,0.069,0.096,0.282,0.11599999999999999,0.325,0.382,0.037000000000000005,0.242
4016,Morgan,OH,Age-adjusted prevalence,13646,10828,0.278,0.359,0.075,0.11599999999999999,0.068,0.08800000000000001,0.28300000000000003,0.12300000000000001,0.33,0.41,0.035,0.205
4018,Morgan,TN,Age-adjusted prevalence,21573,17352,0.293,0.379,0.073,0.11,0.069,0.095,0.309,0.124,0.35,0.43,0.036000000000000004,0.195
4020,Morgan,UT,Age-adjusted prevalence,13000,8784,0.21600000000000003,0.264,0.079,0.105,0.044000000000000004,0.040999999999999995,0.252,0.075,0.28,0.251,0.023,0.071
4022,Morgan,WV,Age-adjusted prevalence,17649,14668,0.312,0.377,0.07400000000000001,0.121,0.064,0.084,0.315,0.122,0.35700000000000004,0.38799999999999996,0.032,0.18600000000000003
4024,Morrill,NE,Age-adjusted prevalence,4504,3482,0.22699999999999998,0.305,0.071,0.09300000000000001,0.059000000000000004,0.066,0.184,0.10400000000000001,0.287,0.419,0.031,0.14
4026,Morris,KS,Age-adjusted prevalence,5334,4236,0.24100000000000002,0.316,0.07200000000000001,0.102,0.057,0.065,0.218,0.096,0.307,0.369,0.028999999999999998,0.14300000000000002
4028,Morris,NJ,Age-adjusted prevalence,514423,409159,0.17600000000000002,0.265,0.069,0.084,0.04,0.035,0.156,0.07400000000000001,0.34600000000000003,0.226,0.021,0.076
4030,Morris,TX,Age-adjusted prevalence,12066,9326,0.243,0.361,0.064,0.11199999999999999,0.061,0.075,0.249,0.125,0.322,0.391,0.037000000000000005,0.221
4032,Morrison,MN,Age-adjusted prevalence,34250,26469,0.22,0.29100000000000004,0.073,0.105,0.055999999999999994,0.057,0.259,0.09300000000000001,0.292,0.371,0.028999999999999998,0.08900000000000001
4034,Morrow,OH,Age-adjusted prevalence,35595,27894,0.262,0.326,0.076,0.11199999999999999,0.061,0.075,0.267,0.11,0.317,0.39399999999999996,0.03,0.149
4036,Morrow,OR,Age-adjusted prevalence,12302,8929,0.257,0.321,0.066,0.121,0.067,0.077,0.265,0.127,0.294,0.39399999999999996,0.036000000000000004,0.27899999999999997
4038,Morton,KS,Age-adjusted prevalence,2580,1952,0.23800000000000002,0.316,0.066,0.10099999999999999,0.06,0.069,0.21,0.111,0.321,0.384,0.031,0.23600000000000002
4040,Morton,ND,Age-adjusted prevalence,33895,25862,0.233,0.293,0.07400000000000001,0.102,0.052000000000000005,0.052000000000000005,0.21600000000000003,0.083,0.31,0.384,0.026000000000000002,0.073
4042,Motley,TX,Age-adjusted prevalence,1020,819,0.225,0.322,0.068,0.102,0.057,0.065,0.245,0.105,0.322,0.358,0.03,0.11699999999999999
4044,Moultrie,IL,Age-adjusted prevalence,14342,10780,0.243,0.312,0.07400000000000001,0.10800000000000001,0.055,0.07200000000000001,0.25,0.095,0.315,0.384,0.03,0.139
4046,Mountrail,ND,Age-adjusted prevalence,9383,6651,0.244,0.327,0.068,0.11199999999999999,0.064,0.067,0.207,0.11599999999999999,0.307,0.418,0.034,0.166
4048,Mower,MN,Age-adjusted prevalence,40058,30015,0.209,0.292,0.07,0.1,0.055999999999999994,0.057,0.252,0.10099999999999999,0.28,0.38299999999999995,0.03,0.14300000000000002
4050,Muhlenberg,KY,Age-adjusted prevalence,30568,24126,,,,,,,,,,,,0.209
4052,Multnomah,OR,Age-adjusted prevalence,789698,653269,0.215,0.27699999999999997,0.07,0.11699999999999999,0.051,0.051,0.299,0.091,0.306,0.285,0.027000000000000003,0.132
4054,Murray,GA,Age-adjusted prevalence,41035,31441,0.242,0.336,0.071,0.102,0.061,0.07400000000000001,0.22899999999999998,0.11599999999999999,0.342,0.41200000000000003,0.033,0.179
4056,Murray,MN,Age-adjusted prevalence,8049,6312,0.207,0.282,0.073,0.102,0.054000000000000006,0.053,0.261,0.091,0.284,0.36700000000000005,0.027999999999999997,0.068
4058,Murray,OK,Age-adjusted prevalence,13754,10683,0.258,0.36700000000000005,0.07,0.11900000000000001,0.065,0.077,0.261,0.113,0.33,0.41600000000000004,0.034,0.14
4060,Muscatine,IA,Age-adjusted prevalence,42218,32274,0.233,0.31,0.07,0.098,0.055999999999999994,0.062,0.201,0.10300000000000001,0.29600000000000004,0.414,0.028999999999999998,0.11199999999999999
4062,Muscogee,GA,Age-adjusted prevalence,201877,151740,0.247,0.39399999999999996,0.059000000000000004,0.11,0.057999999999999996,0.066,0.198,0.141,0.32899999999999996,0.40399999999999997,0.039,0.19399999999999998
4064,Muskegon,MI,Age-adjusted prevalence,176564,137270,0.263,0.326,0.073,0.122,0.06,0.078,0.285,0.107,0.304,0.442,0.032,0.121
4066,Muskingum,OH,Age-adjusted prevalence,86305,66808,0.272,0.353,0.076,0.11599999999999999,0.064,0.08199999999999999,0.29,0.12,0.344,0.439,0.033,0.22899999999999998
4068,Muskogee,OK,Age-adjusted prevalence,66677,50493,0.27699999999999997,0.395,0.068,0.126,0.073,0.091,0.268,0.134,0.33899999999999997,0.41700000000000004,0.04,0.221
4070,Musselshell,MT,Age-adjusted prevalence,5308,4266,0.244,0.298,0.073,0.114,0.057,0.067,0.255,0.09,0.273,0.353,0.031,0.20800000000000002
4072,Nacogdoches,TX,Age-adjusted prevalence,65375,50065,0.237,0.35100000000000003,0.065,0.109,0.064,0.077,0.244,0.13,0.32899999999999996,0.354,0.037000000000000005,0.174
4074,Nance,NE,Age-adjusted prevalence,3274,2505,0.228,0.311,0.073,0.096,0.057999999999999996,0.067,0.19,0.098,0.29,0.40700000000000003,0.031,0.11599999999999999
4076,Nantucket,MA,Age-adjusted prevalence,14444,11509,0.21100000000000002,0.258,0.07400000000000001,0.10800000000000001,0.043,0.039,0.22699999999999998,0.07200000000000001,0.303,0.26899999999999996,0.022000000000000002,0.09300000000000001
4078,Napa,CA,Age-adjusted prevalence,133216,107838,0.192,0.27699999999999997,0.065,0.095,0.049,0.046,0.218,0.09300000000000001,0.306,0.282,0.026000000000000002,0.065
4080,Nash,NC,Age-adjusted prevalence,96551,75392,0.251,0.374,0.061,0.11599999999999999,0.059000000000000004,0.069,0.23800000000000002,0.12300000000000001,0.321,0.38299999999999995,0.037000000000000005,0.184
4082,Nassau,FL,Age-adjusted prevalence,101501,82029,0.21899999999999997,0.295,0.08,0.09699999999999999,0.052000000000000005,0.057999999999999996,0.19699999999999998,0.086,0.33799999999999997,0.33399999999999996,0.027000000000000003,0.111
4084,Nassau,NY,Age-adjusted prevalence,1381715,1086193,0.19,0.27399999999999997,0.066,0.096,0.042,0.039,0.14,0.083,0.34,0.28300000000000003,0.023,0.102
4086,Natchitoches,LA,Age-adjusted prevalence,36291,28127,0.29,0.434,0.063,0.11,0.069,0.085,0.282,0.14800000000000002,0.33899999999999997,0.424,0.043,0.21100000000000002
4088,Natrona,WY,Age-adjusted prevalence,79941,61379,0.21600000000000003,0.271,0.073,0.10400000000000001,0.052000000000000005,0.063,0.239,0.096,0.281,0.364,0.027999999999999997,0.145
4090,Naugatuck Valley,CT,Age-adjusted prevalence,456128,364230,0.217,0.281,0.071,0.11199999999999999,0.049,0.052000000000000005,0.218,0.08800000000000001,0.33799999999999997,0.307,0.027999999999999997,0.111
4092,Navajo,AZ,Age-adjusted prevalence,109175,82055,0.254,0.353,0.071,0.138,0.068,0.09,0.233,0.12300000000000001,0.297,0.379,0.042,0.245
4094,Navarro,TX,Age-adjusted prevalence,55635,40762,0.237,0.35200000000000004,0.062,0.106,0.064,0.076,0.239,0.135,0.331,0.385,0.037000000000000005,0.16
4096,Nelson,KY,Age-adjusted prevalence,47730,36836,,,,,,,,,,,,0.185
4098,Nelson,ND,Age-adjusted prevalence,2991,2397,0.23399999999999999,0.302,0.073,0.099,0.053,0.053,0.21600000000000003,0.086,0.304,0.39799999999999996,0.027000000000000003,0.11199999999999999
4100,Nelson,VA,Age-adjusted prevalence,14705,12117,0.249,0.327,0.07200000000000001,0.109,0.055999999999999994,0.064,0.251,0.107,0.33399999999999996,0.35200000000000004,0.03,0.125
4102,Nemaha,KS,Age-adjusted prevalence,10114,7414,0.23399999999999999,0.311,0.073,0.10099999999999999,0.054000000000000006,0.062,0.22,0.09,0.317,0.39299999999999996,0.027000000000000003,0.146
4104,Nemaha,NE,Age-adjusted prevalence,7076,5443,0.221,0.297,0.073,0.09699999999999999,0.057999999999999996,0.065,0.193,0.099,0.281,0.418,0.03,0.177
4106,Neosho,KS,Age-adjusted prevalence,15420,11698,0.24100000000000002,0.32799999999999996,0.07200000000000001,0.10400000000000001,0.061,0.073,0.22,0.106,0.32,0.39899999999999997,0.031,0.191
4108,Neshoba,MS,Age-adjusted prevalence,28789,20927,0.287,0.41200000000000003,0.067,0.10800000000000001,0.07200000000000001,0.092,0.22,0.145,0.345,0.434,0.043,0.221
4110,Ness,KS,Age-adjusted prevalence,2618,2030,0.237,0.311,0.07200000000000001,0.1,0.055999999999999994,0.065,0.215,0.099,0.319,0.361,0.028999999999999998,0.122
4112,Nevada,AR,Age-adjusted prevalence,8120,6347,0.281,0.43700000000000006,0.063,0.111,0.07400000000000001,0.094,0.258,0.142,0.34600000000000003,0.441,0.044000000000000004,0.21600000000000003
4114,Nevada,CA,Age-adjusted prevalence,102037,84878,0.21,0.281,0.07400000000000001,0.10400000000000001,0.05,0.052000000000000005,0.253,0.08,0.294,0.276,0.027000000000000003,0.079
4116,New Castle,DE,Age-adjusted prevalence,578592,456332,0.22399999999999998,0.321,0.069,0.10400000000000001,0.05,0.053,0.215,0.107,0.34,0.33399999999999996,0.028999999999999998,0.131
4118,New Hanover,NC,Age-adjusted prevalence,238852,197058,0.239,0.317,0.07400000000000001,0.106,0.053,0.057,0.257,0.092,0.32899999999999996,0.318,0.027999999999999997,0.094
4120,New Kent,VA,Age-adjusted prevalence,26134,21047,0.233,0.312,0.071,0.106,0.05,0.051,0.23199999999999998,0.099,0.326,0.344,0.027000000000000003,0.091
4122,New Madrid,MO,Age-adjusted prevalence,15424,11775,0.287,0.374,0.069,0.11599999999999999,0.068,0.09699999999999999,0.272,0.127,0.33,0.43,0.04,0.28
4124,New York,NY,Age-adjusted prevalence,1597451,1381420,0.18899999999999997,0.258,0.064,0.096,0.044000000000000004,0.040999999999999995,0.18600000000000003,0.084,0.344,0.195,0.025,0.115
4126,Newaygo,MI,Age-adjusted prevalence,51108,40085,0.272,0.335,0.076,0.11699999999999999,0.064,0.083,0.284,0.10300000000000001,0.31,0.375,0.033,0.11
4128,Newberry,SC,Age-adjusted prevalence,38825,30495,0.25,0.371,0.067,0.099,0.06,0.071,0.231,0.131,0.336,0.386,0.036000000000000004,0.172
4130,Newport,RI,Age-adjusted prevalence,83832,70797,0.21899999999999997,0.282,0.079,0.10800000000000001,0.047,0.049,0.24100000000000002,0.078,0.308,0.27899999999999997,0.024,0.049
4132,Newport News,VA,Age-adjusted prevalence,183118,140716,0.263,0.376,0.061,0.11599999999999999,0.057,0.063,0.222,0.133,0.34299999999999997,0.415,0.035,0.133
4134,Newton,AR,Age-adjusted prevalence,7071,5758,0.259,0.377,0.073,0.105,0.068,0.083,0.272,0.109,0.33799999999999997,0.387,0.034,0.175
4136,Newton,GA,Age-adjusted prevalence,120135,90194,0.23800000000000002,0.387,0.06,0.11,0.055,0.061,0.18899999999999997,0.133,0.332,0.423,0.036000000000000004,0.135
4138,Newton,IN,Age-adjusted prevalence,13960,11012,0.26899999999999996,0.34600000000000003,0.07200000000000001,0.11199999999999999,0.062,0.081,0.261,0.114,0.331,0.433,0.032,0.23600000000000002
4140,Newton,MO,Age-adjusted prevalence,60677,46193,0.265,0.335,0.07400000000000001,0.10800000000000001,0.062,0.079,0.261,0.111,0.32799999999999996,0.389,0.033,0.17300000000000001
4142,Newton,MS,Age-adjusted prevalence,21019,15910,0.273,0.413,0.065,0.10300000000000001,0.067,0.083,0.209,0.13699999999999998,0.337,0.415,0.040999999999999995,0.24100000000000002
4144,Newton,TX,Age-adjusted prevalence,12039,9669,0.266,0.384,0.065,0.11599999999999999,0.07400000000000001,0.10099999999999999,0.268,0.141,0.331,0.426,0.044000000000000004,0.213
4146,Nez Perce,ID,Age-adjusted prevalence,42987,33960,0.248,0.304,0.07400000000000001,0.11599999999999999,0.055999999999999994,0.065,0.252,0.08800000000000001,0.278,0.381,0.03,0.157
4148,Niagara,NY,Age-adjusted prevalence,209457,168091,0.233,0.314,0.075,0.114,0.053,0.062,0.223,0.08900000000000001,0.3,0.39399999999999996,0.028999999999999998,0.16399999999999998
4150,Nicholas,KY,Age-adjusted prevalence,7686,5809,,,,,,,,,,,,0.261
4152,Nicholas,WV,Age-adjusted prevalence,24169,19286,0.327,0.384,0.075,0.12300000000000001,0.069,0.092,0.331,0.126,0.36,0.40299999999999997,0.034,0.257
4154,Nicollet,MN,Age-adjusted prevalence,34242,27053,0.204,0.273,0.073,0.10099999999999999,0.051,0.05,0.255,0.08800000000000001,0.273,0.34299999999999997,0.027000000000000003,0.11699999999999999
4156,Niobrara,WY,Age-adjusted prevalence,2354,1927,0.23800000000000002,0.289,0.075,0.113,0.059000000000000004,0.073,0.244,0.098,0.29100000000000004,0.366,0.032,0.172
4158,Noble,IN,Age-adjusted prevalence,47430,36001,0.249,0.331,0.073,0.11199999999999999,0.059000000000000004,0.076,0.253,0.111,0.332,0.395,0.03,0.179
4160,Noble,OH,Age-adjusted prevalence,14311,11564,0.264,0.353,0.07400000000000001,0.109,0.07,0.083,0.273,0.11800000000000001,0.322,0.41600000000000004,0.034,0.25
4162,Noble,OK,Age-adjusted prevalence,10832,8403,0.259,0.353,0.07200000000000001,0.11699999999999999,0.061,0.07200000000000001,0.26899999999999996,0.105,0.33899999999999997,0.418,0.032,0.165
4164,Nobles,MN,Age-adjusted prevalence,21727,15454,0.2,0.29100000000000004,0.064,0.096,0.062,0.062,0.221,0.11699999999999999,0.3,0.392,0.033,0.129
4166,Nodaway,MO,Age-adjusted prevalence,20695,17134,0.259,0.33299999999999996,0.075,0.106,0.061,0.076,0.264,0.10400000000000001,0.326,0.395,0.031,0.18600000000000003
4168,Nolan,TX,Age-adjusted prevalence,14306,10732,0.237,0.35700000000000004,0.062,0.102,0.068,0.079,0.24,0.14,0.336,0.408,0.037000000000000005,0.165
4170,Nome,AK,Age-adjusted prevalence,9763,6487,0.24100000000000002,0.355,0.059000000000000004,0.127,0.079,0.091,0.201,0.13699999999999998,0.305,0.38799999999999996,0.048,0.27399999999999997
4172,Norfolk,MA,Age-adjusted prevalence,727473,580073,0.217,0.263,0.073,0.10800000000000001,0.043,0.042,0.226,0.077,0.315,0.23399999999999999,0.023,0.08900000000000001
4174,Norfolk,VA,Age-adjusted prevalence,230930,184301,0.25,0.385,0.06,0.111,0.057999999999999996,0.065,0.213,0.136,0.34299999999999997,0.41600000000000004,0.037000000000000005,0.155
4176,Norman,MN,Age-adjusted prevalence,6329,4857,0.207,0.301,0.073,0.10300000000000001,0.055999999999999994,0.057,0.256,0.096,0.287,0.358,0.03,0.092
4178,North Slope,AK,Age-adjusted prevalence,10603,7948,0.20800000000000002,0.353,0.059000000000000004,0.10400000000000001,0.063,0.061,0.177,0.11,0.299,0.41200000000000003,0.035,0.16699999999999998
4180,Northampton,NC,Age-adjusted prevalence,16715,13758,0.265,0.41100000000000003,0.057999999999999996,0.12300000000000001,0.065,0.08,0.244,0.142,0.313,0.431,0.044000000000000004,0.233
4182,Northampton,PA,Age-adjusted prevalence,319091,258654,,,,,,,,,,,,0.14300000000000002
4184,Northampton,VA,Age-adjusted prevalence,12021,9854,0.248,0.363,0.065,0.114,0.06,0.069,0.23,0.129,0.34299999999999997,0.401,0.035,0.14400000000000002
4186,Northeastern Connecticut,CT,Age-adjusted prevalence,96692,79116,0.22899999999999998,0.29600000000000004,0.076,0.11699999999999999,0.051,0.057,0.248,0.08,0.322,0.324,0.027999999999999997,0.114
4188,Northumberland,PA,Age-adjusted prevalence,90120,72338,,,,,,,,,,,,0.17300000000000001
4190,Northumberland,VA,Age-adjusted prevalence,12391,10687,0.24,0.33399999999999996,0.068,0.111,0.053,0.057999999999999996,0.23,0.10800000000000001,0.324,0.37200000000000005,0.03,0.115
4192,Northwest Arctic,AK,Age-adjusted prevalence,7361,4551,0.251,0.381,0.059000000000000004,0.132,0.079,0.091,0.203,0.146,0.3,0.409,0.048,0.304
4194,Northwest Hills,CT,Age-adjusted prevalence,113463,93325,0.223,0.266,0.076,0.11599999999999999,0.047,0.05,0.239,0.079,0.335,0.292,0.025,0.095
4196,Norton,KS,Age-adjusted prevalence,5330,4310,0.24600000000000002,0.33399999999999996,0.071,0.098,0.064,0.07200000000000001,0.213,0.10800000000000001,0.319,0.429,0.032,0.131
4198,Norton,VA,Age-adjusted prevalence,3492,2702,0.28300000000000003,0.36700000000000005,0.07200000000000001,0.11800000000000001,0.069,0.09300000000000001,0.278,0.131,0.349,0.40700000000000003,0.039,0.245
4200,Nottoway,VA,Age-adjusted prevalence,15566,12496,0.264,0.39399999999999996,0.062,0.114,0.065,0.077,0.22699999999999998,0.145,0.35,0.434,0.04,0.204
4202,Nowata,OK,Age-adjusted prevalence,9438,7235,0.273,0.377,0.07,0.125,0.069,0.084,0.27,0.12300000000000001,0.336,0.40299999999999997,0.037000000000000005,0.193
4204,Noxubee,MS,Age-adjusted prevalence,9914,7406,0.285,0.47700000000000004,0.052000000000000005,0.11199999999999999,0.073,0.094,0.187,0.18,0.332,0.465,0.054000000000000006,0.253
4206,Nuckolls,NE,Age-adjusted prevalence,4095,3260,0.222,0.306,0.07400000000000001,0.09300000000000001,0.053,0.057999999999999996,0.188,0.09,0.28600000000000003,0.424,0.027000000000000003,0.105
4208,Nueces,TX,Age-adjusted prevalence,352289,269148,0.2,0.34,0.054000000000000006,0.09300000000000001,0.057,0.055,0.204,0.145,0.336,0.4,0.031,0.145
4210,Nye,NV,Age-adjusted prevalence,55720,46506,0.252,0.319,0.071,0.114,0.063,0.078,0.231,0.109,0.342,0.401,0.034,0.175
4212,O'Brien,IA,Age-adjusted prevalence,14012,10569,0.239,0.313,0.073,0.102,0.057999999999999996,0.068,0.222,0.1,0.302,0.39299999999999996,0.03,0.156
4214,Oakland,MI,Age-adjusted prevalence,1270426,1015769,0.209,0.303,0.071,0.106,0.048,0.05,0.215,0.085,0.29600000000000004,0.309,0.025,0.07
4216,Obion,TN,Age-adjusted prevalence,30411,23747,0.297,0.377,0.071,0.114,0.067,0.09300000000000001,0.317,0.13,0.342,0.402,0.036000000000000004,0.193
4218,Ocean,NJ,Age-adjusted prevalence,659197,494303,0.23,0.284,0.07,0.094,0.049,0.053,0.17300000000000001,0.08800000000000001,0.354,0.303,0.027000000000000003,0.096
4220,Oceana,MI,Age-adjusted prevalence,26981,21345,0.263,0.32299999999999995,0.075,0.113,0.063,0.078,0.27899999999999997,0.106,0.308,0.40700000000000003,0.032,0.12
4222,Ochiltree,TX,Age-adjusted prevalence,9704,6797,0.222,0.33899999999999997,0.06,0.095,0.063,0.068,0.222,0.135,0.332,0.396,0.034,0.13
4224,Oconee,GA,Age-adjusted prevalence,44182,32893,0.20800000000000002,0.287,0.075,0.09,0.043,0.040999999999999995,0.20600000000000002,0.083,0.32299999999999995,0.285,0.022000000000000002,0.079
4226,Oconee,SC,Age-adjusted prevalence,81221,65941,0.261,0.319,0.075,0.1,0.06,0.075,0.26899999999999996,0.114,0.33299999999999996,0.382,0.033,0.184
4228,Oconto,WI,Age-adjusted prevalence,39775,32028,0.235,0.292,0.07200000000000001,0.11199999999999999,0.055999999999999994,0.06,0.251,0.094,0.301,0.42,0.028999999999999998,0.166
4230,Ogemaw,MI,Age-adjusted prevalence,20990,17270,0.281,0.337,0.077,0.12,0.066,0.087,0.301,0.107,0.304,0.392,0.034,0.17800000000000002
4232,Oglala Lakota,SD,Age-adjusted prevalence,13434,8652,0.302,0.425,0.061,0.149,0.114,0.15,0.235,0.23800000000000002,0.29100000000000004,0.47700000000000004,0.07400000000000001,0.43799999999999994
4234,Ogle,IL,Age-adjusted prevalence,51265,39938,0.231,0.312,0.073,0.102,0.053,0.063,0.23,0.09699999999999999,0.314,0.409,0.027999999999999997,0.087
4236,Oglethorpe,GA,Age-adjusted prevalence,15754,12372,0.24100000000000002,0.34299999999999997,0.07,0.102,0.057,0.066,0.218,0.114,0.341,0.36,0.032,0.223
4238,Ohio,IN,Age-adjusted prevalence,6004,4809,0.257,0.33399999999999996,0.075,0.11199999999999999,0.057999999999999996,0.073,0.271,0.105,0.336,0.392,0.028999999999999998,0.20800000000000002
4240,Ohio,KY,Age-adjusted prevalence,23626,18062,,,,,,,,,,,,0.192
4242,Ohio,WV,Age-adjusted prevalence,41194,33156,0.314,0.36700000000000005,0.076,0.121,0.062,0.077,0.312,0.12,0.349,0.401,0.03,0.17300000000000001
4244,Okaloosa,FL,Age-adjusted prevalence,218464,169246,0.23199999999999998,0.303,0.075,0.096,0.053,0.059000000000000004,0.195,0.096,0.307,0.308,0.027999999999999997,0.11800000000000001
4246,Okanogan,WA,Age-adjusted prevalence,43712,34205,0.247,0.309,0.07,0.11699999999999999,0.062,0.067,0.259,0.10400000000000001,0.294,0.327,0.034,0.18
4248,Okeechobee,FL,Age-adjusted prevalence,41427,32401,0.24,0.358,0.07200000000000001,0.099,0.071,0.085,0.203,0.128,0.345,0.441,0.037000000000000005,0.23
4250,Okfuskee,OK,Age-adjusted prevalence,11300,8773,0.275,0.415,0.067,0.126,0.08199999999999999,0.10400000000000001,0.266,0.147,0.348,0.456,0.045,0.257
4252,Oklahoma,OK,Age-adjusted prevalence,808866,605014,0.255,0.359,0.064,0.115,0.063,0.066,0.251,0.12,0.33399999999999996,0.379,0.033,0.14800000000000002
4254,Okmulgee,OK,Age-adjusted prevalence,37035,28317,0.28300000000000003,0.39799999999999996,0.069,0.128,0.07,0.086,0.267,0.132,0.345,0.45299999999999996,0.039,0.21600000000000003
4256,Oktibbeha,MS,Age-adjusted prevalence,51203,42382,0.27699999999999997,0.42100000000000004,0.063,0.098,0.065,0.07400000000000001,0.19,0.139,0.331,0.396,0.04,0.192
4258,Oldham,KY,Age-adjusted prevalence,70183,53197,,,,,,,,,,,,0.10400000000000001
4260,Oldham,TX,Age-adjusted prevalence,1783,1398,0.22899999999999998,0.32299999999999995,0.067,0.102,0.057999999999999996,0.065,0.25,0.113,0.325,0.353,0.031,0.166
4262,Oliver,ND,Age-adjusted prevalence,1879,1434,0.22399999999999998,0.28600000000000003,0.07400000000000001,0.10099999999999999,0.052000000000000005,0.051,0.209,0.083,0.298,0.34600000000000003,0.026000000000000002,0.09
4264,Olmsted,MN,Age-adjusted prevalence,164784,125821,0.193,0.27399999999999997,0.073,0.098,0.046,0.042,0.247,0.084,0.298,0.365,0.024,0.067
4266,Oneida,ID,Age-adjusted prevalence,4953,3589,0.237,0.28,0.07200000000000001,0.107,0.053,0.059000000000000004,0.23399999999999999,0.084,0.295,0.322,0.027999999999999997,0.076
4268,Oneida,NY,Age-adjusted prevalence,227555,178989,0.247,0.318,0.07400000000000001,0.111,0.055999999999999994,0.067,0.213,0.095,0.324,0.364,0.03,0.156
4270,Oneida,WI,Age-adjusted prevalence,38226,31953,0.22699999999999998,0.29100000000000004,0.07400000000000001,0.107,0.054000000000000006,0.055999999999999994,0.261,0.09300000000000001,0.29,0.349,0.027000000000000003,0.092
4272,Onondaga,NY,Age-adjusted prevalence,467873,370637,0.23199999999999998,0.319,0.07400000000000001,0.114,0.053,0.057999999999999996,0.228,0.09300000000000001,0.308,0.374,0.027999999999999997,0.11900000000000001
4274,Onslow,NC,Age-adjusted prevalence,213676,160933,0.244,0.341,0.068,0.10400000000000001,0.057999999999999996,0.066,0.23800000000000002,0.107,0.304,0.36,0.032,0.142
4276,Ontario,NY,Age-adjusted prevalence,112494,91175,0.23199999999999998,0.282,0.076,0.107,0.05,0.054000000000000006,0.21600000000000003,0.081,0.304,0.308,0.026000000000000002,0.071
4278,Ontonagon,MI,Age-adjusted prevalence,5906,5167,0.268,0.331,0.077,0.11699999999999999,0.063,0.08,0.293,0.10099999999999999,0.312,0.37200000000000005,0.032,0.128
4280,Orange,CA,Age-adjusted prevalence,3135755,2489875,0.168,0.264,0.057999999999999996,0.09,0.048,0.040999999999999995,0.19399999999999998,0.10099999999999999,0.326,0.239,0.026000000000000002,0.083
4282,Orange,FL,Age-adjusted prevalence,1471416,1160505,0.203,0.317,0.063,0.091,0.055,0.054000000000000006,0.165,0.115,0.337,0.335,0.03,0.126
4284,Orange,IN,Age-adjusted prevalence,19638,15128,0.27899999999999997,0.354,0.073,0.11599999999999999,0.063,0.085,0.284,0.115,0.349,0.395,0.032,0.195
4286,Orange,NC,Age-adjusted prevalence,150626,122940,0.222,0.298,0.071,0.10099999999999999,0.048,0.048,0.244,0.09,0.312,0.295,0.026000000000000002,0.077
4288,Orange,NY,Age-adjusted prevalence,407470,303262,0.21899999999999997,0.29600000000000004,0.067,0.105,0.052000000000000005,0.055,0.182,0.10099999999999999,0.309,0.324,0.028999999999999998,0.12300000000000001
4290,Orange,TX,Age-adjusted prevalence,85722,63756,0.233,0.335,0.068,0.106,0.057999999999999996,0.069,0.256,0.109,0.319,0.382,0.032,0.174
4292,Orange,VA,Age-adjusted prevalence,38574,30240,0.24600000000000002,0.325,0.07,0.10800000000000001,0.053,0.06,0.247,0.102,0.335,0.369,0.028999999999999998,0.10800000000000001
4294,Orange,VT,Age-adjusted prevalence,29943,24672,0.242,0.275,0.076,0.114,0.049,0.055,0.281,0.07200000000000001,0.275,0.32299999999999995,0.027000000000000003,0.11699999999999999
4296,Orangeburg,SC,Age-adjusted prevalence,82820,65211,0.273,0.424,0.057,0.111,0.064,0.08,0.226,0.157,0.331,0.431,0.045,0.21
4298,Oregon,MO,Age-adjusted prevalence,8720,6668,0.289,0.361,0.073,0.113,0.073,0.10400000000000001,0.27899999999999997,0.125,0.332,0.41200000000000003,0.039,0.301
4300,Orleans,LA,Age-adjusted prevalence,364136,293146,0.247,0.39,0.055,0.106,0.061,0.066,0.27399999999999997,0.14400000000000002,0.321,0.342,0.04,0.244
4302,Orleans,NY,Age-adjusted prevalence,39124,31736,0.24100000000000002,0.303,0.073,0.115,0.057,0.07,0.21600000000000003,0.09300000000000001,0.315,0.32799999999999996,0.031,0.141
4304,Orleans,VT,Age-adjusted prevalence,27516,22246,0.233,0.294,0.07400000000000001,0.11699999999999999,0.055,0.065,0.265,0.081,0.28,0.33,0.03,0.134
4306,Osage,KS,Age-adjusted prevalence,15824,12172,0.247,0.324,0.073,0.10300000000000001,0.057,0.067,0.226,0.096,0.324,0.415,0.028999999999999998,0.165
4308,Osage,MO,Age-adjusted prevalence,13468,10389,0.248,0.313,0.076,0.10300000000000001,0.055,0.068,0.253,0.092,0.324,0.35600000000000004,0.027999999999999997,0.141
4310,Osage,OK,Age-adjusted prevalence,46130,36541,0.261,0.392,0.068,0.12300000000000001,0.065,0.07400000000000001,0.254,0.114,0.325,0.46399999999999997,0.035,0.18
4312,Osborne,KS,Age-adjusted prevalence,3427,2619,0.239,0.314,0.073,0.10300000000000001,0.06,0.068,0.223,0.1,0.312,0.392,0.03,0.10400000000000001
4314,Osceola,FL,Age-adjusted prevalence,437784,333862,0.204,0.337,0.061,0.08900000000000001,0.057,0.052000000000000005,0.17300000000000001,0.127,0.35,0.39399999999999996,0.03,0.124
4316,Osceola,IA,Age-adjusted prevalence,5978,4643,0.237,0.318,0.071,0.102,0.06,0.071,0.217,0.106,0.307,0.401,0.032,0.114
4318,Osceola,MI,Age-adjusted prevalence,23330,18218,0.27399999999999997,0.332,0.076,0.12,0.065,0.086,0.29600000000000004,0.10400000000000001,0.307,0.39399999999999996,0.033,0.128
4320,Oscoda,MI,Age-adjusted prevalence,8545,6848,0.278,0.34299999999999997,0.077,0.122,0.07,0.096,0.302,0.11199999999999999,0.311,0.382,0.036000000000000004,0.16899999999999998
4322,Oswego,NY,Age-adjusted prevalence,118162,94079,0.248,0.313,0.076,0.114,0.059000000000000004,0.071,0.22699999999999998,0.094,0.316,0.36700000000000005,0.031,0.136
4324,Otero,CO,Age-adjusted prevalence,18136,13957,0.243,0.302,0.065,0.115,0.064,0.073,0.23800000000000002,0.11699999999999999,0.304,0.35100000000000003,0.035,0.19399999999999998
4326,Otero,NM,Age-adjusted prevalence,68835,54011,0.228,0.324,0.061,0.10099999999999999,0.063,0.066,0.244,0.11800000000000001,0.31,0.381,0.035,0.18100000000000002
4328,Otoe,NE,Age-adjusted prevalence,16335,12426,0.218,0.308,0.073,0.09300000000000001,0.052000000000000005,0.055,0.188,0.094,0.3,0.40700000000000003,0.026000000000000002,0.102
4330,Otsego,MI,Age-adjusted prevalence,25747,20430,0.256,0.315,0.078,0.11599999999999999,0.057,0.07200000000000001,0.29,0.094,0.304,0.379,0.028999999999999998,0.09
4332,Otsego,NY,Age-adjusted prevalence,60126,51237,0.239,0.295,0.077,0.114,0.055,0.064,0.215,0.09,0.33,0.321,0.028999999999999998,0.11900000000000001
4334,Ottawa,KS,Age-adjusted prevalence,5818,4451,0.237,0.312,0.073,0.10099999999999999,0.057,0.065,0.222,0.094,0.313,0.38299999999999995,0.028999999999999998,0.141
4336,Ottawa,MI,Age-adjusted prevalence,303372,234628,0.22899999999999998,0.293,0.076,0.11,0.051,0.057999999999999996,0.27,0.085,0.293,0.332,0.026000000000000002,0.047
4338,Ottawa,OH,Age-adjusted prevalence,39803,32975,0.253,0.322,0.076,0.107,0.054000000000000006,0.062,0.259,0.096,0.32899999999999996,0.379,0.027000000000000003,0.124
4340,Ottawa,OK,Age-adjusted prevalence,30287,22537,0.272,0.374,0.07,0.127,0.075,0.094,0.27899999999999997,0.132,0.342,0.423,0.04,0.25
4342,Otter Tail,MN,Age-adjusted prevalence,60626,47492,0.209,0.256,0.075,0.102,0.053,0.053,0.254,0.087,0.302,0.344,0.027999999999999997,0.11
4344,Ouachita,AR,Age-adjusted prevalence,21793,16948,0.259,0.42700000000000005,0.062,0.11199999999999999,0.069,0.08199999999999999,0.24600000000000002,0.139,0.33399999999999996,0.434,0.040999999999999995,0.267
4346,Ouachita,LA,Age-adjusted prevalence,157568,119007,0.282,0.42100000000000004,0.065,0.109,0.066,0.08,0.262,0.139,0.344,0.441,0.04,0.253
4348,Ouray,CO,Age-adjusted prevalence,5176,4488,0.212,0.242,0.079,0.10800000000000001,0.044000000000000004,0.043,0.23600000000000002,0.066,0.285,0.228,0.022000000000000002,0.064
4350,Outagamie,WI,Age-adjusted prevalence,193234,149418,0.23399999999999999,0.3,0.07,0.106,0.051,0.052000000000000005,0.243,0.08900000000000001,0.305,0.364,0.026000000000000002,0.087
4352,Overton,TN,Age-adjusted prevalence,23327,18448,0.301,0.375,0.073,0.115,0.07,0.10099999999999999,0.32,0.124,0.348,0.406,0.037000000000000005,0.17
4354,Owen,IN,Age-adjusted prevalence,21532,17270,0.26899999999999996,0.345,0.07400000000000001,0.11599999999999999,0.062,0.083,0.282,0.111,0.34,0.41200000000000003,0.032,0.16
4356,Owen,KY,Age-adjusted prevalence,11313,8968,,,,,,,,,,,,0.193
4358,Owsley,KY,Age-adjusted prevalence,4001,3084,,,,,,,,,,,,0.306
4360,Owyhee,ID,Age-adjusted prevalence,12722,9638,0.252,0.312,0.065,0.111,0.065,0.078,0.231,0.111,0.294,0.335,0.036000000000000004,0.17
4362,Oxford,ME,Age-adjusted prevalence,59905,49429,0.275,0.304,0.07400000000000001,0.136,0.063,0.08199999999999999,0.282,0.10099999999999999,0.32799999999999996,0.34600000000000003,0.032,0.162
4364,Ozark,MO,Age-adjusted prevalence,8970,7255,0.284,0.36700000000000005,0.07400000000000001,0.114,0.076,0.10800000000000001,0.284,0.125,0.33,0.423,0.04,0.23
4366,Ozaukee,WI,Age-adjusted prevalence,93460,74094,0.20600000000000002,0.24600000000000002,0.073,0.10300000000000001,0.045,0.042,0.233,0.078,0.306,0.304,0.023,0.077
4368,Pacific,WA,Age-adjusted prevalence,24200,20677,0.251,0.305,0.073,0.114,0.055,0.057,0.281,0.099,0.314,0.364,0.03,0.087
4370,Page,IA,Age-adjusted prevalence,15014,12305,0.245,0.34,0.073,0.102,0.061,0.07200000000000001,0.214,0.106,0.304,0.428,0.032,0.139
4372,Page,VA,Age-adjusted prevalence,23741,19159,0.26,0.32799999999999996,0.07200000000000001,0.111,0.06,0.075,0.26899999999999996,0.107,0.34700000000000003,0.344,0.032,0.16399999999999998
4374,Palm Beach,FL,Age-adjusted prevalence,1533801,1247769,0.217,0.294,0.069,0.094,0.053,0.054000000000000006,0.165,0.106,0.309,0.273,0.028999999999999998,0.127
4376,Palo Alto,IA,Age-adjusted prevalence,8810,6779,0.23199999999999998,0.309,0.07400000000000001,0.10099999999999999,0.055,0.062,0.215,0.094,0.3,0.406,0.027999999999999997,0.096
4378,Palo Pinto,TX,Age-adjusted prevalence,29747,22840,0.23600000000000002,0.33,0.068,0.10400000000000001,0.061,0.07400000000000001,0.251,0.11599999999999999,0.325,0.39399999999999996,0.033,0.18
4380,Pamlico,NC,Age-adjusted prevalence,12423,10683,0.247,0.35,0.069,0.10800000000000001,0.057999999999999996,0.067,0.254,0.10400000000000001,0.31,0.363,0.032,0.153
4382,Panola,MS,Age-adjusted prevalence,32669,24732,0.285,0.445,0.062,0.10800000000000001,0.071,0.091,0.20800000000000002,0.156,0.341,0.46399999999999997,0.047,0.19699999999999998
4384,Panola,TX,Age-adjusted prevalence,22838,17537,0.23199999999999998,0.34,0.066,0.10800000000000001,0.057999999999999996,0.069,0.247,0.113,0.324,0.375,0.033,0.146
4386,Park,CO,Age-adjusted prevalence,18117,15510,0.225,0.252,0.077,0.109,0.048,0.048,0.22699999999999998,0.07200000000000001,0.287,0.225,0.025,0.06
4388,Park,MT,Age-adjusted prevalence,17903,14881,0.23,0.273,0.076,0.109,0.052000000000000005,0.059000000000000004,0.242,0.079,0.271,0.3,0.027999999999999997,0.124
4390,Park,WY,Age-adjusted prevalence,30735,24494,0.221,0.26899999999999996,0.076,0.1,0.051,0.055999999999999994,0.22699999999999998,0.087,0.28800000000000003,0.318,0.026000000000000002,0.107
4392,Parke,IN,Age-adjusted prevalence,16484,12706,0.281,0.363,0.073,0.124,0.068,0.09699999999999999,0.28800000000000003,0.122,0.344,0.424,0.035,0.2
4394,Parker,TX,Age-adjusted prevalence,173494,131016,0.225,0.304,0.071,0.1,0.051,0.055,0.247,0.092,0.317,0.35,0.027000000000000003,0.134
4396,Parmer,TX,Age-adjusted prevalence,9617,6935,0.20600000000000002,0.32299999999999995,0.054000000000000006,0.091,0.059000000000000004,0.057,0.205,0.135,0.331,0.374,0.032,0.159
4398,Pasco,FL,Age-adjusted prevalence,632996,504907,0.226,0.32299999999999995,0.07400000000000001,0.098,0.057,0.063,0.20199999999999999,0.10300000000000001,0.33899999999999997,0.318,0.028999999999999998,0.146
4400,Pasquotank,NC,Age-adjusted prevalence,41444,32807,0.244,0.359,0.064,0.114,0.055999999999999994,0.063,0.244,0.113,0.315,0.387,0.034,0.163
4402,Passaic,NJ,Age-adjusted prevalence,513395,392936,0.18899999999999997,0.297,0.057,0.08900000000000001,0.053,0.052000000000000005,0.158,0.11199999999999999,0.33299999999999996,0.311,0.03,0.146
4404,Patrick,VA,Age-adjusted prevalence,17509,14402,0.26899999999999996,0.332,0.07200000000000001,0.11199999999999999,0.065,0.08,0.262,0.114,0.33299999999999996,0.39799999999999996,0.034,0.17600000000000002
4406,Paulding,GA,Age-adjusted prevalence,183164,136998,0.22399999999999998,0.33899999999999997,0.067,0.1,0.049,0.052000000000000005,0.205,0.109,0.337,0.377,0.028999999999999998,0.142
4408,Paulding,OH,Age-adjusted prevalence,18706,14290,0.27,0.34,0.075,0.11,0.061,0.075,0.271,0.11199999999999999,0.326,0.41100000000000003,0.031,0.17600000000000002
4410,Pawnee,KS,Age-adjusted prevalence,6126,5127,0.228,0.321,0.069,0.098,0.057999999999999996,0.064,0.205,0.1,0.314,0.38,0.03,0.146
4412,Pawnee,NE,Age-adjusted prevalence,2512,1933,0.228,0.317,0.073,0.099,0.059000000000000004,0.07,0.193,0.099,0.281,0.384,0.031,0.18100000000000002
4414,Pawnee,OK,Age-adjusted prevalence,15864,12110,0.264,0.364,0.071,0.12,0.067,0.08199999999999999,0.27399999999999997,0.115,0.336,0.396,0.035,0.21600000000000003
4416,Payette,ID,Age-adjusted prevalence,27279,20474,0.23600000000000002,0.304,0.07,0.11,0.059000000000000004,0.069,0.235,0.096,0.28800000000000003,0.315,0.032,0.135
4418,Payne,OK,Age-adjusted prevalence,83352,68128,0.254,0.35600000000000004,0.073,0.115,0.066,0.076,0.253,0.11699999999999999,0.335,0.38,0.034,0.122
4420,Peach,GA,Age-adjusted prevalence,28805,22815,0.242,0.381,0.062,0.107,0.057,0.064,0.2,0.134,0.34299999999999997,0.40399999999999997,0.036000000000000004,0.18100000000000002
4422,Pearl River,MS,Age-adjusted prevalence,57978,44780,0.273,0.376,0.07,0.09699999999999999,0.063,0.077,0.221,0.11800000000000001,0.34,0.381,0.035,0.172
4424,Pecos,TX,Age-adjusted prevalence,14623,11009,0.213,0.355,0.049,0.087,0.067,0.062,0.196,0.16,0.332,0.39899999999999997,0.036000000000000004,0.157
4426,Pembina,ND,Age-adjusted prevalence,6661,5261,0.239,0.303,0.07200000000000001,0.10099999999999999,0.057999999999999996,0.059000000000000004,0.21600000000000003,0.09300000000000001,0.299,0.42100000000000004,0.028999999999999998,0.111
4428,Pemiscot,MO,Age-adjusted prevalence,14613,10795,0.303,0.401,0.067,0.12300000000000001,0.077,0.113,0.268,0.149,0.348,0.449,0.046,0.33799999999999997
4430,Pend Oreille,WA,Age-adjusted prevalence,14361,11514,0.25,0.293,0.076,0.11699999999999999,0.057,0.063,0.27,0.09300000000000001,0.3,0.386,0.031,0.133
4432,Pender,NC,Age-adjusted prevalence,68521,53105,0.242,0.324,0.071,0.107,0.055,0.061,0.258,0.09699999999999999,0.303,0.35600000000000004,0.03,0.107
4434,Pendleton,KY,Age-adjusted prevalence,14810,11396,,,,,,,,,,,,0.22699999999999998
4436,Pendleton,WV,Age-adjusted prevalence,6029,4907,0.312,0.375,0.07400000000000001,0.122,0.067,0.08800000000000001,0.319,0.126,0.366,0.368,0.033,0.18600000000000003
4438,Pennington,MN,Age-adjusted prevalence,13714,10676,0.21,0.297,0.07400000000000001,0.10400000000000001,0.053,0.053,0.26,0.09300000000000001,0.295,0.405,0.027999999999999997,0.09699999999999999
4440,Pennington,SD,Age-adjusted prevalence,115903,90529,0.223,0.299,0.075,0.10300000000000001,0.055,0.055999999999999994,0.21899999999999997,0.099,0.287,0.337,0.028999999999999998,0.163
4442,Penobscot,ME,Age-adjusted prevalence,155312,128236,0.27,0.327,0.076,0.134,0.061,0.073,0.299,0.095,0.319,0.38299999999999995,0.028999999999999998,0.177
4444,Peoria,IL,Age-adjusted prevalence,177513,135266,0.233,0.33299999999999996,0.069,0.106,0.055,0.065,0.228,0.109,0.32799999999999996,0.35100000000000003,0.031,0.114
4446,Pepin,WI,Age-adjusted prevalence,7441,5802,0.231,0.28300000000000003,0.07200000000000001,0.10800000000000001,0.053,0.055999999999999994,0.247,0.09,0.294,0.364,0.027000000000000003,0.102
4448,Perkins,NE,Age-adjusted prevalence,2795,2130,0.21600000000000003,0.298,0.07400000000000001,0.09300000000000001,0.053,0.057,0.183,0.09,0.281,0.40700000000000003,0.027000000000000003,0.126
4450,Perkins,SD,Age-adjusted prevalence,2834,2172,0.231,0.29100000000000004,0.077,0.105,0.059000000000000004,0.064,0.226,0.1,0.294,0.361,0.031,0.124
4452,Perquimans,NC,Age-adjusted prevalence,13377,10937,0.25,0.349,0.068,0.114,0.059000000000000004,0.07,0.262,0.107,0.315,0.375,0.034,0.165
4454,Perry,AL,Age-adjusted prevalence,7738,6081,0.316,0.519,0.054000000000000006,0.122,0.08199999999999999,0.107,0.23399999999999999,0.205,0.364,0.54,0.057999999999999996,0.301
4456,Perry,AR,Age-adjusted prevalence,10184,8014,0.254,0.36700000000000005,0.073,0.10300000000000001,0.066,0.081,0.267,0.10800000000000001,0.34,0.386,0.034,0.179
4458,Perry,IL,Age-adjusted prevalence,20503,16597,0.25,0.342,0.071,0.106,0.063,0.08,0.231,0.11199999999999999,0.319,0.41100000000000003,0.034,0.132
4460,Perry,IN,Age-adjusted prevalence,19209,15282,0.261,0.358,0.07400000000000001,0.11,0.062,0.078,0.261,0.111,0.33799999999999997,0.375,0.031,0.14800000000000002
4462,Perry,KY,Age-adjusted prevalence,27133,20782,,,,,,,,,,,,0.278
4464,Perry,MO,Age-adjusted prevalence,18950,14765,0.256,0.326,0.07400000000000001,0.105,0.057999999999999996,0.075,0.259,0.099,0.322,0.36,0.031,0.139
4466,Perry,MS,Age-adjusted prevalence,11315,8819,0.275,0.415,0.069,0.1,0.067,0.086,0.222,0.134,0.355,0.436,0.04,0.247
4468,Perry,OH,Age-adjusted prevalence,35551,27260,0.267,0.35200000000000004,0.076,0.11199999999999999,0.066,0.085,0.282,0.11599999999999999,0.327,0.381,0.033,0.17
4470,Perry,PA,Age-adjusted prevalence,46083,36495,,,,,,,,,,,,0.147
4472,Perry,TN,Age-adjusted prevalence,8891,6896,0.298,0.381,0.07200000000000001,0.115,0.07200000000000001,0.10400000000000001,0.319,0.13,0.34700000000000003,0.39799999999999996,0.038,0.204
4474,Pershing,NV,Age-adjusted prevalence,6364,5279,0.228,0.314,0.069,0.098,0.06,0.068,0.201,0.10300000000000001,0.335,0.353,0.032,0.16399999999999998
4476,Person,NC,Age-adjusted prevalence,39737,31541,0.254,0.36700000000000005,0.066,0.115,0.061,0.073,0.262,0.11599999999999999,0.314,0.385,0.036000000000000004,0.183
4478,Petersburg,AK,Age-adjusted prevalence,3427,2729,0.218,0.302,0.068,0.1,0.054000000000000006,0.055999999999999994,0.192,0.085,0.302,0.308,0.028999999999999998,0.11699999999999999
4480,Petersburg,VA,Age-adjusted prevalence,33309,25028,0.267,0.434,0.049,0.13,0.063,0.075,0.214,0.17,0.327,0.466,0.047,0.252
4482,Petroleum,MT,Age-adjusted prevalence,554,454,0.237,0.285,0.075,0.109,0.053,0.059000000000000004,0.244,0.08199999999999999,0.273,0.32899999999999996,0.027999999999999997,0.155
4484,Pettis,MO,Age-adjusted prevalence,43530,32613,0.261,0.324,0.073,0.10800000000000001,0.06,0.078,0.254,0.10800000000000001,0.317,0.363,0.032,0.183
4486,Phelps,MO,Age-adjusted prevalence,45284,35710,0.26899999999999996,0.33899999999999997,0.07400000000000001,0.105,0.062,0.078,0.265,0.109,0.32299999999999995,0.36200000000000004,0.032,0.17
4488,Phelps,NE,Age-adjusted prevalence,9057,6814,0.225,0.301,0.07400000000000001,0.094,0.054000000000000006,0.06,0.191,0.094,0.27899999999999997,0.391,0.027999999999999997,0.145
4490,Philadelphia,PA,Age-adjusted prevalence,1550542,1226065,,,,,,,,,,,,0.222
4492,Phillips,AR,Age-adjusted prevalence,14961,11146,0.293,0.49,0.055,0.124,0.078,0.1,0.24,0.172,0.335,0.486,0.052000000000000005,0.35100000000000003
4494,Phillips,CO,Age-adjusted prevalence,4476,3359,0.23600000000000002,0.28300000000000003,0.071,0.113,0.057999999999999996,0.066,0.24,0.096,0.292,0.294,0.031,0.134
4496,Phillips,KS,Age-adjusted prevalence,4761,3695,0.25,0.316,0.07200000000000001,0.10400000000000001,0.059000000000000004,0.07,0.225,0.099,0.318,0.409,0.03,0.136
4498,Phillips,MT,Age-adjusted prevalence,4249,3245,0.239,0.281,0.073,0.115,0.055999999999999994,0.065,0.26,0.08800000000000001,0.278,0.39,0.031,0.16899999999999998
4500,Piatt,IL,Age-adjusted prevalence,16714,13082,0.22399999999999998,0.292,0.075,0.10099999999999999,0.049,0.055,0.231,0.084,0.312,0.349,0.025,0.053
4502,Pickaway,OH,Age-adjusted prevalence,61086,47959,0.26,0.358,0.075,0.11,0.062,0.076,0.27399999999999997,0.111,0.321,0.396,0.031,0.165
4504,Pickens,AL,Age-adjusted prevalence,18688,15154,0.28,0.436,0.062,0.107,0.07,0.085,0.231,0.152,0.366,0.48,0.043,0.25
4506,Pickens,GA,Age-adjusted prevalence,35969,29293,0.23800000000000002,0.335,0.075,0.10099999999999999,0.057,0.067,0.233,0.10300000000000001,0.33899999999999997,0.34700000000000003,0.03,0.159
4508,Pickens,SC,Age-adjusted prevalence,135495,110529,0.251,0.34,0.076,0.098,0.06,0.073,0.258,0.114,0.325,0.373,0.033,0.177
4510,Pickett,TN,Age-adjusted prevalence,5128,4278,0.304,0.382,0.07400000000000001,0.11599999999999999,0.076,0.111,0.33,0.133,0.353,0.419,0.039,0.228
4512,Pierce,GA,Age-adjusted prevalence,20425,15398,0.256,0.354,0.07200000000000001,0.105,0.065,0.08,0.233,0.121,0.34299999999999997,0.361,0.036000000000000004,0.16
4514,Pierce,ND,Age-adjusted prevalence,3902,3000,0.237,0.293,0.073,0.10300000000000001,0.054000000000000006,0.057,0.22,0.09,0.297,0.409,0.027999999999999997,0.115
4516,Pierce,NE,Age-adjusted prevalence,7299,5430,0.217,0.28800000000000003,0.073,0.09300000000000001,0.052000000000000005,0.055,0.183,0.086,0.293,0.392,0.027000000000000003,0.10300000000000001
4518,Pierce,WA,Age-adjusted prevalence,928696,716813,0.242,0.308,0.069,0.10800000000000001,0.049,0.049,0.267,0.099,0.32299999999999995,0.368,0.027999999999999997,0.145
4520,Pierce,WI,Age-adjusted prevalence,43026,34410,0.23199999999999998,0.289,0.073,0.107,0.052000000000000005,0.053,0.239,0.08900000000000001,0.297,0.34299999999999997,0.027000000000000003,0.086
4522,Pike,AL,Age-adjusted prevalence,33137,26665,0.284,0.426,0.065,0.109,0.066,0.079,0.24600000000000002,0.146,0.35200000000000004,0.433,0.040999999999999995,0.166
4524,Pike,AR,Age-adjusted prevalence,10208,7916,0.263,0.38,0.07200000000000001,0.10300000000000001,0.068,0.08199999999999999,0.271,0.114,0.34600000000000003,0.382,0.035,0.157
4526,Pike,GA,Age-adjusted prevalence,20461,15706,0.23600000000000002,0.32899999999999996,0.07200000000000001,0.10099999999999999,0.054000000000000006,0.062,0.22399999999999998,0.102,0.335,0.355,0.03,0.102
4528,Pike,IL,Age-adjusted prevalence,14342,11015,0.251,0.32899999999999996,0.07400000000000001,0.107,0.06,0.078,0.248,0.10400000000000001,0.32,0.40700000000000003,0.032,0.166
4530,Pike,IN,Age-adjusted prevalence,12106,9417,0.268,0.34299999999999997,0.07400000000000001,0.114,0.062,0.08199999999999999,0.27,0.11199999999999999,0.33899999999999997,0.377,0.031,0.185
4532,Pike,KY,Age-adjusted prevalence,55973,44589,,,,,,,,,,,,0.19399999999999998
4534,Pike,MO,Age-adjusted prevalence,17935,13889,0.266,0.35600000000000004,0.07200000000000001,0.106,0.066,0.087,0.251,0.113,0.32799999999999996,0.38299999999999995,0.035,0.245
4536,Pike,MS,Age-adjusted prevalence,39394,29430,0.28300000000000003,0.465,0.059000000000000004,0.109,0.071,0.091,0.2,0.163,0.341,0.465,0.048,0.23600000000000002
4538,Pike,OH,Age-adjusted prevalence,27001,20683,0.29100000000000004,0.384,0.075,0.11900000000000001,0.076,0.105,0.305,0.132,0.327,0.43,0.039,0.24
4540,Pike,PA,Age-adjusted prevalence,61247,50875,,,,,,,,,,,,0.10400000000000001
4542,Pima,AZ,Age-adjusted prevalence,1063162,858060,0.218,0.301,0.071,0.11,0.052000000000000005,0.057,0.23600000000000002,0.095,0.32799999999999996,0.322,0.028999999999999998,0.142
4544,Pinal,AZ,Age-adjusted prevalence,484239,380282,0.23399999999999999,0.316,0.07200000000000001,0.109,0.054000000000000006,0.062,0.20600000000000002,0.109,0.345,0.387,0.03,0.193
4546,Pine,MN,Age-adjusted prevalence,30197,24419,0.217,0.318,0.07200000000000001,0.10099999999999999,0.059000000000000004,0.061,0.264,0.10099999999999999,0.29,0.391,0.031,0.12
4548,Pinellas,FL,Age-adjusted prevalence,961596,816023,0.22699999999999998,0.295,0.077,0.09699999999999999,0.055,0.061,0.209,0.098,0.335,0.317,0.027999999999999997,0.146
4550,Pipestone,MN,Age-adjusted prevalence,9245,6729,0.212,0.299,0.07200000000000001,0.10400000000000001,0.057,0.06,0.258,0.1,0.295,0.389,0.03,0.12300000000000001
4552,Piscataquis,ME,Age-adjusted prevalence,17486,14518,0.275,0.308,0.07200000000000001,0.129,0.066,0.08199999999999999,0.28800000000000003,0.096,0.315,0.34299999999999997,0.032,0.209
4554,Pitkin,CO,Age-adjusted prevalence,16640,14206,0.204,0.233,0.079,0.10300000000000001,0.043,0.039,0.217,0.065,0.282,0.203,0.021,0.076
4556,Pitt,NC,Age-adjusted prevalence,175119,137875,0.255,0.355,0.064,0.115,0.057999999999999996,0.067,0.25,0.12,0.314,0.408,0.036000000000000004,0.205
4558,Pittsburg,OK,Age-adjusted prevalence,43479,33556,0.27,0.38299999999999995,0.07,0.12,0.069,0.083,0.261,0.11800000000000001,0.33899999999999997,0.40299999999999997,0.036000000000000004,0.214
4560,Pittsylvania,VA,Age-adjusted prevalence,59571,49130,0.26899999999999996,0.376,0.068,0.114,0.065,0.08199999999999999,0.248,0.13,0.35200000000000004,0.41600000000000004,0.037000000000000005,0.24
4562,Piute,UT,Age-adjusted prevalence,1550,1221,0.259,0.315,0.075,0.11800000000000001,0.065,0.076,0.28600000000000003,0.11,0.304,0.34,0.035,0.19
4564,Placer,CA,Age-adjusted prevalence,423561,332465,0.19899999999999998,0.27399999999999997,0.07,0.1,0.044000000000000004,0.042,0.225,0.079,0.306,0.272,0.024,0.06
4566,Plaquemines,LA,Age-adjusted prevalence,22386,16953,0.253,0.373,0.065,0.099,0.061,0.069,0.264,0.124,0.342,0.384,0.034,0.156
4568,Platte,MO,Age-adjusted prevalence,111940,86325,0.23,0.309,0.07400000000000001,0.099,0.048,0.052000000000000005,0.23399999999999999,0.08800000000000001,0.326,0.36700000000000005,0.025,0.11900000000000001
4570,Platte,NE,Age-adjusted prevalence,34609,25501,0.212,0.304,0.069,0.087,0.053,0.055,0.16399999999999998,0.1,0.29600000000000004,0.42100000000000004,0.027999999999999997,0.09300000000000001
4572,Platte,WY,Age-adjusted prevalence,8546,6829,0.22899999999999998,0.29600000000000004,0.073,0.105,0.057,0.066,0.22,0.096,0.287,0.36,0.03,0.12
4574,Pleasants,WV,Age-adjusted prevalence,7428,6004,0.315,0.382,0.075,0.11800000000000001,0.065,0.084,0.318,0.122,0.364,0.435,0.032,0.17600000000000002
4576,Plumas,CA,Age-adjusted prevalence,19131,15898,0.22399999999999998,0.294,0.073,0.11,0.055,0.059000000000000004,0.263,0.09,0.307,0.301,0.03,0.09699999999999999
4578,Plymouth,IA,Age-adjusted prevalence,25722,19365,0.225,0.297,0.073,0.098,0.051,0.055,0.2,0.09,0.294,0.39399999999999996,0.026000000000000002,0.121
4580,Plymouth,MA,Age-adjusted prevalence,535308,426137,0.22,0.275,0.07400000000000001,0.121,0.048,0.053,0.249,0.08199999999999999,0.319,0.297,0.025,0.078
4582,Pocahontas,IA,Age-adjusted prevalence,6976,5362,0.23399999999999999,0.306,0.073,0.102,0.055999999999999994,0.065,0.214,0.098,0.304,0.36700000000000005,0.028999999999999998,0.157
4584,Pocahontas,WV,Age-adjusted prevalence,7765,6382,0.325,0.39799999999999996,0.07400000000000001,0.125,0.07400000000000001,0.10300000000000001,0.322,0.13699999999999998,0.365,0.406,0.037000000000000005,0.17
4586,Poinsett,AR,Age-adjusted prevalence,22397,16955,0.27,0.382,0.071,0.109,0.073,0.096,0.27899999999999997,0.121,0.34600000000000003,0.413,0.039,0.261
4588,Pointe Coupee,LA,Age-adjusted prevalence,20000,15744,0.271,0.40399999999999997,0.064,0.10800000000000001,0.065,0.081,0.278,0.133,0.344,0.4,0.039,0.239
4590,Polk,AR,Age-adjusted prevalence,19436,15141,0.257,0.37200000000000005,0.073,0.106,0.071,0.08900000000000001,0.268,0.11800000000000001,0.342,0.402,0.036000000000000004,0.271
4592,Polk,FL,Age-adjusted prevalence,818330,638484,0.237,0.324,0.069,0.10099999999999999,0.062,0.069,0.198,0.11800000000000001,0.35,0.406,0.033,0.15
4594,Polk,GA,Age-adjusted prevalence,44223,33130,0.257,0.36,0.068,0.105,0.064,0.079,0.22899999999999998,0.125,0.34,0.40299999999999997,0.036000000000000004,0.19399999999999998
4596,Polk,IA,Age-adjusted prevalence,505255,383731,0.24,0.301,0.07,0.098,0.052000000000000005,0.055,0.217,0.096,0.316,0.369,0.027000000000000003,0.11900000000000001
4598,Polk,MN,Age-adjusted prevalence,30412,23008,0.21,0.27399999999999997,0.073,0.10300000000000001,0.055,0.055,0.257,0.092,0.275,0.397,0.028999999999999998,0.107
4600,Polk,MO,Age-adjusted prevalence,32780,25174,0.26899999999999996,0.342,0.07400000000000001,0.11,0.065,0.08800000000000001,0.271,0.11199999999999999,0.33299999999999996,0.395,0.035,0.22899999999999998
4602,Polk,NC,Age-adjusted prevalence,20060,17006,0.24100000000000002,0.321,0.07400000000000001,0.10800000000000001,0.055999999999999994,0.065,0.268,0.094,0.315,0.35700000000000004,0.028999999999999998,0.081
4604,Polk,NE,Age-adjusted prevalence,5228,4066,0.222,0.29600000000000004,0.073,0.092,0.052000000000000005,0.055,0.18,0.08900000000000001,0.27699999999999997,0.406,0.027000000000000003,0.12
4606,Polk,OR,Age-adjusted prevalence,89805,70598,0.255,0.28600000000000003,0.075,0.125,0.054000000000000006,0.061,0.278,0.096,0.295,0.33399999999999996,0.028999999999999998,0.11800000000000001
4608,Polk,TN,Age-adjusted prevalence,18033,14655,0.294,0.37,0.075,0.113,0.065,0.08900000000000001,0.321,0.11699999999999999,0.34600000000000003,0.43,0.033,0.182
4610,Polk,TX,Age-adjusted prevalence,54186,43059,0.24100000000000002,0.353,0.066,0.106,0.065,0.08,0.254,0.125,0.32799999999999996,0.38299999999999995,0.036000000000000004,0.166
4612,Polk,WI,Age-adjusted prevalence,45762,36790,0.239,0.28800000000000003,0.07200000000000001,0.109,0.053,0.055999999999999994,0.244,0.092,0.311,0.35200000000000004,0.027999999999999997,0.114
4614,Pondera,MT,Age-adjusted prevalence,6125,4691,0.265,0.31,0.073,0.125,0.064,0.08199999999999999,0.268,0.105,0.278,0.375,0.037000000000000005,0.191
4616,Pontotoc,MS,Age-adjusted prevalence,31535,23394,0.27,0.392,0.069,0.098,0.063,0.078,0.213,0.122,0.342,0.38799999999999996,0.036000000000000004,0.203
4618,Pontotoc,OK,Age-adjusted prevalence,38396,28720,0.25,0.37,0.07,0.11900000000000001,0.062,0.07,0.26,0.109,0.33399999999999996,0.40299999999999997,0.032,0.113
4620,Pope,AR,Age-adjusted prevalence,64593,49630,0.272,0.363,0.073,0.106,0.067,0.08199999999999999,0.251,0.114,0.33899999999999997,0.45299999999999996,0.034,0.19899999999999998
4622,Pope,IL,Age-adjusted prevalence,3707,3288,0.242,0.315,0.07400000000000001,0.107,0.055999999999999994,0.069,0.24100000000000002,0.098,0.314,0.396,0.03,0.18
4624,Pope,MN,Age-adjusted prevalence,11400,8902,0.207,0.28600000000000003,0.07400000000000001,0.102,0.054000000000000006,0.053,0.257,0.08900000000000001,0.285,0.389,0.027999999999999997,0.066
4626,Poquoson,VA,Age-adjusted prevalence,12635,9735,0.233,0.294,0.075,0.10099999999999999,0.048,0.05,0.245,0.08800000000000001,0.331,0.32899999999999996,0.024,0.052000000000000005
4628,Portage,OH,Age-adjusted prevalence,162665,133435,0.26,0.32299999999999995,0.075,0.109,0.059000000000000004,0.068,0.251,0.105,0.316,0.34,0.028999999999999998,0.214
4630,Portage,WI,Age-adjusted prevalence,71024,57775,0.223,0.27,0.07200000000000001,0.107,0.054000000000000006,0.055,0.251,0.087,0.303,0.365,0.027000000000000003,0.1
4632,Porter,IN,Age-adjusted prevalence,175335,138304,0.248,0.34299999999999997,0.07,0.11,0.054000000000000006,0.064,0.244,0.106,0.33899999999999997,0.39799999999999996,0.027000000000000003,0.125
4634,Portsmouth,VA,Age-adjusted prevalence,96793,74620,0.263,0.39299999999999996,0.057999999999999996,0.12300000000000001,0.061,0.071,0.22899999999999998,0.149,0.344,0.41,0.040999999999999995,0.16699999999999998
4636,Posey,IN,Age-adjusted prevalence,25040,19685,0.255,0.332,0.076,0.11,0.055,0.068,0.264,0.1,0.32299999999999995,0.4,0.027999999999999997,0.156
4638,Pottawatomie,KS,Age-adjusted prevalence,26382,18835,0.221,0.302,0.073,0.098,0.051,0.054000000000000006,0.205,0.085,0.309,0.358,0.025,0.121
4640,Pottawatomie,OK,Age-adjusted prevalence,73791,56848,0.278,0.379,0.071,0.124,0.065,0.08,0.265,0.115,0.348,0.414,0.035,0.218
4642,Pottawattamie,IA,Age-adjusted prevalence,93179,72047,0.23,0.308,0.07200000000000001,0.10400000000000001,0.055,0.065,0.228,0.09699999999999999,0.311,0.392,0.028999999999999998,0.14
4644,Potter,PA,Age-adjusted prevalence,15999,12797,,,,,,,,,,,,0.094
4646,Potter,SD,Age-adjusted prevalence,2413,1889,0.221,0.28300000000000003,0.077,0.10099999999999999,0.052000000000000005,0.053,0.21600000000000003,0.09,0.289,0.353,0.027000000000000003,0.091
4648,Potter,TX,Age-adjusted prevalence,114647,84112,0.237,0.363,0.06,0.10099999999999999,0.067,0.077,0.231,0.14400000000000002,0.33899999999999997,0.42,0.038,0.154
4650,Powder River,MT,Age-adjusted prevalence,1743,1437,0.23800000000000002,0.271,0.07400000000000001,0.111,0.051,0.059000000000000004,0.244,0.08,0.276,0.306,0.027999999999999997,0.141
4652,Powell,KY,Age-adjusted prevalence,12972,9884,,,,,,,,,,,,0.273
4654,Powell,MT,Age-adjusted prevalence,7133,6094,0.24600000000000002,0.302,0.07200000000000001,0.10400000000000001,0.06,0.067,0.23,0.092,0.284,0.35600000000000004,0.032,0.162
4656,Power,ID,Age-adjusted prevalence,8253,5792,0.23800000000000002,0.304,0.066,0.106,0.061,0.069,0.218,0.106,0.29600000000000004,0.38,0.033,0.23399999999999999
4658,Poweshiek,IA,Age-adjusted prevalence,18453,14872,0.237,0.31,0.073,0.10099999999999999,0.055,0.064,0.228,0.095,0.304,0.42200000000000004,0.028999999999999998,0.084
4660,Powhatan,VA,Age-adjusted prevalence,32105,26175,0.23800000000000002,0.313,0.073,0.105,0.051,0.054000000000000006,0.23600000000000002,0.094,0.337,0.355,0.026000000000000002,0.096
4662,Prairie,AR,Age-adjusted prevalence,8036,6369,0.262,0.386,0.07,0.106,0.066,0.08,0.258,0.113,0.33399999999999996,0.405,0.035,0.159
4664,Prairie,MT,Age-adjusted prevalence,1112,902,0.26,0.308,0.073,0.11900000000000001,0.066,0.084,0.262,0.102,0.27699999999999997,0.34,0.036000000000000004,0.271
4666,Pratt,KS,Age-adjusted prevalence,9082,6929,0.23399999999999999,0.309,0.071,0.1,0.057,0.064,0.22,0.099,0.303,0.376,0.028999999999999998,0.141
4668,Preble,OH,Age-adjusted prevalence,40556,31595,0.267,0.32899999999999996,0.076,0.111,0.06,0.073,0.275,0.105,0.311,0.39399999999999996,0.03,0.162
4670,Prentiss,MS,Age-adjusted prevalence,25135,19567,0.264,0.391,0.071,0.099,0.064,0.081,0.223,0.12300000000000001,0.34700000000000003,0.413,0.036000000000000004,0.20800000000000002
4672,Presidio,TX,Age-adjusted prevalence,5795,4219,0.217,0.359,0.047,0.092,0.07200000000000001,0.067,0.20600000000000002,0.17800000000000002,0.342,0.425,0.039,0.257
4674,Presque Isle,MI,Age-adjusted prevalence,13285,11288,0.272,0.321,0.077,0.11800000000000001,0.063,0.081,0.299,0.10099999999999999,0.311,0.41100000000000003,0.032,0.11199999999999999
4676,Preston,WV,Age-adjusted prevalence,34099,27943,0.32,0.377,0.075,0.12,0.067,0.08800000000000001,0.317,0.126,0.363,0.373,0.033,0.26899999999999996
4678,Price,WI,Age-adjusted prevalence,14102,11739,0.23800000000000002,0.29600000000000004,0.071,0.111,0.06,0.067,0.24600000000000002,0.1,0.295,0.42200000000000004,0.031,0.13699999999999998
4680,Prince Edward,VA,Age-adjusted prevalence,22049,18532,0.273,0.384,0.064,0.11699999999999999,0.065,0.078,0.25,0.14300000000000002,0.34600000000000003,0.413,0.04,0.157
4682,Prince George,VA,Age-adjusted prevalence,42871,34450,0.247,0.361,0.064,0.107,0.057999999999999996,0.062,0.218,0.12300000000000001,0.324,0.397,0.034,0.13
4684,Prince George's,MD,Age-adjusted prevalence,947430,740721,0.226,0.373,0.05,0.115,0.049,0.05,0.151,0.136,0.32899999999999996,0.419,0.035,0.134
4686,Prince William,VA,Age-adjusted prevalence,489640,361424,0.21,0.319,0.061,0.09699999999999999,0.047,0.045,0.201,0.10800000000000001,0.34,0.337,0.027000000000000003,0.1
4688,Prince of Wales-Hyder,AK,Age-adjusted prevalence,5696,4429,0.243,0.332,0.065,0.121,0.069,0.076,0.214,0.11,0.293,0.377,0.039,0.21
4690,Providence,RI,Age-adjusted prevalence,660615,528665,0.217,0.31,0.064,0.124,0.055,0.06,0.23399999999999999,0.106,0.301,0.337,0.028999999999999998,0.174
4692,Prowers,CO,Age-adjusted prevalence,11751,8744,0.23600000000000002,0.287,0.066,0.11199999999999999,0.061,0.069,0.231,0.10800000000000001,0.292,0.298,0.033,0.17
4694,Pueblo,CO,Age-adjusted prevalence,169422,132908,0.244,0.281,0.065,0.11199999999999999,0.055,0.061,0.23399999999999999,0.10400000000000001,0.272,0.32299999999999995,0.03,0.157
4696,Pulaski,AR,Age-adjusted prevalence,400009,307397,0.242,0.395,0.065,0.10300000000000001,0.057999999999999996,0.064,0.23600000000000002,0.115,0.32299999999999995,0.406,0.034,0.166
4698,Pulaski,GA,Age-adjusted prevalence,10095,8287,0.263,0.382,0.065,0.11800000000000001,0.065,0.085,0.231,0.138,0.33899999999999997,0.41100000000000003,0.040999999999999995,0.193
4700,Pulaski,IL,Age-adjusted prevalence,4911,3909,0.267,0.387,0.063,0.11699999999999999,0.07,0.09300000000000001,0.233,0.145,0.322,0.457,0.044000000000000004,0.2
4702,Pulaski,IN,Age-adjusted prevalence,12385,9679,0.263,0.35100000000000003,0.07400000000000001,0.114,0.063,0.08199999999999999,0.271,0.114,0.33399999999999996,0.387,0.032,0.213
4704,Pulaski,KY,Age-adjusted prevalence,66191,51804,,,,,,,,,,,,0.28600000000000003
4706,Pulaski,MO,Age-adjusted prevalence,53812,42066,0.261,0.341,0.07,0.102,0.057999999999999996,0.07,0.24,0.109,0.321,0.384,0.032,0.174
4708,Pulaski,VA,Age-adjusted prevalence,33655,27735,0.26,0.324,0.07400000000000001,0.11,0.06,0.071,0.256,0.10800000000000001,0.349,0.355,0.031,0.149
4710,Pushmataha,OK,Age-adjusted prevalence,10800,8446,0.282,0.395,0.069,0.127,0.079,0.10099999999999999,0.289,0.13699999999999998,0.349,0.391,0.042,0.20800000000000002
4712,Putnam,FL,Age-adjusted prevalence,75955,59956,0.262,0.358,0.07200000000000001,0.11,0.075,0.10099999999999999,0.209,0.134,0.335,0.33299999999999996,0.042,0.24100000000000002
4714,Putnam,GA,Age-adjusted prevalence,23129,18686,0.247,0.369,0.068,0.106,0.062,0.071,0.213,0.127,0.332,0.396,0.036000000000000004,0.155
4716,Putnam,IL,Age-adjusted prevalence,5561,4497,0.22699999999999998,0.29600000000000004,0.07400000000000001,0.10099999999999999,0.051,0.059000000000000004,0.23,0.08900000000000001,0.314,0.361,0.027000000000000003,0.07
4718,Putnam,IN,Age-adjusted prevalence,37567,30179,0.256,0.341,0.07400000000000001,0.113,0.059000000000000004,0.07400000000000001,0.264,0.111,0.34,0.391,0.03,0.16699999999999998
4720,Putnam,MO,Age-adjusted prevalence,4638,3551,0.268,0.331,0.075,0.106,0.06,0.077,0.262,0.102,0.32799999999999996,0.35100000000000003,0.031,0.14
4722,Putnam,NY,Age-adjusted prevalence,98060,79093,0.20600000000000002,0.255,0.07200000000000001,0.099,0.044000000000000004,0.043,0.185,0.077,0.318,0.273,0.023,0.066
4724,Putnam,OH,Age-adjusted prevalence,34199,25492,0.251,0.311,0.077,0.106,0.054000000000000006,0.061,0.255,0.098,0.306,0.435,0.026000000000000002,0.107
4726,Putnam,TN,Age-adjusted prevalence,83844,66450,0.278,0.359,0.075,0.109,0.063,0.084,0.292,0.11699999999999999,0.35100000000000003,0.38799999999999996,0.033,0.19
4728,Putnam,WV,Age-adjusted prevalence,56962,44875,0.302,0.377,0.075,0.11800000000000001,0.057999999999999996,0.07200000000000001,0.316,0.113,0.365,0.37799999999999995,0.027999999999999997,0.14
4730,Quay,NM,Age-adjusted prevalence,8510,6759,0.235,0.331,0.061,0.102,0.068,0.073,0.24100000000000002,0.127,0.307,0.382,0.037000000000000005,0.183
4732,Queen Anne's,MD,Age-adjusted prevalence,52508,41602,0.23800000000000002,0.316,0.077,0.1,0.049,0.053,0.239,0.08800000000000001,0.307,0.292,0.026000000000000002,0.091
4734,Queens,NY,Age-adjusted prevalence,2252196,1821507,0.174,0.298,0.051,0.08900000000000001,0.049,0.046,0.142,0.122,0.363,0.23800000000000002,0.028999999999999998,0.12300000000000001
4736,Quitman,GA,Age-adjusted prevalence,2280,1849,0.266,0.426,0.061,0.11599999999999999,0.07,0.08900000000000001,0.21,0.16,0.33799999999999997,0.433,0.046,0.183
4738,Quitman,MS,Age-adjusted prevalence,5546,4262,0.299,0.506,0.053,0.11699999999999999,0.079,0.106,0.191,0.195,0.342,0.511,0.059000000000000004,0.33
4740,Rabun,GA,Age-adjusted prevalence,17442,14652,0.23800000000000002,0.33799999999999997,0.075,0.099,0.059000000000000004,0.068,0.226,0.109,0.345,0.34299999999999997,0.031,0.133
4742,Racine,WI,Age-adjusted prevalence,196613,152563,0.23800000000000002,0.303,0.069,0.113,0.054000000000000006,0.055999999999999994,0.231,0.10400000000000001,0.281,0.42200000000000004,0.028999999999999998,0.10300000000000001
4744,Radford,VA,Age-adjusted prevalence,16971,14797,0.28600000000000003,0.375,0.07400000000000001,0.11699999999999999,0.07200000000000001,0.09,0.27899999999999997,0.13699999999999998,0.35700000000000004,0.405,0.039,0.14800000000000002
4746,Rains,TX,Age-adjusted prevalence,12986,10414,0.23,0.32,0.07,0.10300000000000001,0.055999999999999994,0.065,0.252,0.10300000000000001,0.324,0.35600000000000004,0.03,0.19
4748,Raleigh,WV,Age-adjusted prevalence,72356,57230,0.327,0.41200000000000003,0.07400000000000001,0.127,0.07200000000000001,0.099,0.322,0.142,0.374,0.431,0.037000000000000005,0.215
4750,Ralls,MO,Age-adjusted prevalence,10489,8338,0.26899999999999996,0.337,0.07400000000000001,0.10800000000000001,0.061,0.081,0.268,0.10400000000000001,0.324,0.397,0.032,0.172
4752,Ramsey,MN,Age-adjusted prevalence,536075,413891,0.191,0.28600000000000003,0.069,0.10099999999999999,0.051,0.048,0.259,0.098,0.303,0.32299999999999995,0.027999999999999997,0.098
4754,Ramsey,ND,Age-adjusted prevalence,11463,8724,0.24100000000000002,0.309,0.073,0.10400000000000001,0.059000000000000004,0.063,0.21899999999999997,0.098,0.315,0.414,0.031,0.12
4756,Randall,TX,Age-adjusted prevalence,148255,113132,0.21899999999999997,0.311,0.068,0.098,0.051,0.054000000000000006,0.23800000000000002,0.1,0.318,0.354,0.027000000000000003,0.133
4758,Randolph,AL,Age-adjusted prevalence,22786,17988,0.275,0.397,0.071,0.10400000000000001,0.065,0.079,0.258,0.127,0.369,0.38,0.036000000000000004,0.158
4760,Randolph,AR,Age-adjusted prevalence,18907,14260,0.275,0.384,0.073,0.10800000000000001,0.073,0.094,0.281,0.122,0.33899999999999997,0.414,0.038,0.292
4762,Randolph,GA,Age-adjusted prevalence,6078,4809,0.287,0.45899999999999996,0.057,0.12300000000000001,0.079,0.10300000000000001,0.215,0.18899999999999997,0.341,0.465,0.055,0.341
4764,Randolph,IL,Age-adjusted prevalence,29815,23890,0.242,0.337,0.071,0.105,0.057999999999999996,0.073,0.22899999999999998,0.105,0.317,0.391,0.032,0.18899999999999997
4766,Randolph,IN,Age-adjusted prevalence,24216,18722,0.27,0.349,0.073,0.114,0.064,0.084,0.272,0.115,0.342,0.387,0.032,0.168
4768,Randolph,MO,Age-adjusted prevalence,24109,18724,0.266,0.341,0.073,0.109,0.063,0.084,0.262,0.11,0.32299999999999995,0.376,0.034,0.20199999999999999
4770,Randolph,NC,Age-adjusted prevalence,147458,114881,0.253,0.34299999999999997,0.07,0.109,0.063,0.077,0.27399999999999997,0.109,0.326,0.397,0.034,0.207
4772,Randolph,WV,Age-adjusted prevalence,27350,22356,0.324,0.396,0.07400000000000001,0.121,0.068,0.08900000000000001,0.32299999999999995,0.127,0.353,0.462,0.033,0.213
4774,Rankin,MS,Age-adjusted prevalence,160417,124962,0.249,0.375,0.07,0.092,0.051,0.055999999999999994,0.198,0.107,0.345,0.364,0.028999999999999998,0.11900000000000001
4776,Ransom,ND,Age-adjusted prevalence,5603,4390,0.23,0.304,0.07200000000000001,0.10099999999999999,0.055999999999999994,0.059000000000000004,0.214,0.094,0.31,0.382,0.028999999999999998,0.125
4778,Rapides,LA,Age-adjusted prevalence,126260,94760,0.287,0.39899999999999997,0.065,0.107,0.065,0.08,0.282,0.134,0.345,0.40700000000000003,0.039,0.172
4780,Rappahannock,VA,Age-adjusted prevalence,7414,6250,0.248,0.318,0.07400000000000001,0.106,0.055999999999999994,0.063,0.253,0.10099999999999999,0.336,0.35200000000000004,0.028999999999999998,0.10400000000000001
4782,Ravalli,MT,Age-adjusted prevalence,47738,38925,0.242,0.261,0.075,0.107,0.049,0.055999999999999994,0.244,0.073,0.272,0.317,0.027000000000000003,0.128
4784,Rawlins,KS,Age-adjusted prevalence,2463,1900,0.247,0.317,0.07200000000000001,0.10400000000000001,0.061,0.071,0.22899999999999998,0.10400000000000001,0.314,0.424,0.031,0.153
4786,Ray,MO,Age-adjusted prevalence,23182,17877,0.262,0.33899999999999997,0.07400000000000001,0.107,0.06,0.079,0.264,0.106,0.32899999999999996,0.39299999999999996,0.032,0.19699999999999998
4788,Reagan,TX,Age-adjusted prevalence,3141,2250,0.203,0.331,0.053,0.086,0.057,0.052000000000000005,0.196,0.13699999999999998,0.327,0.387,0.031,0.11900000000000001
4790,Real,TX,Age-adjusted prevalence,2854,2328,0.23800000000000002,0.34299999999999997,0.065,0.10400000000000001,0.064,0.076,0.25,0.126,0.32899999999999996,0.384,0.035,0.21
4792,Red Lake,MN,Age-adjusted prevalence,3911,2973,0.20800000000000002,0.287,0.073,0.10300000000000001,0.054000000000000006,0.053,0.258,0.091,0.28600000000000003,0.38799999999999996,0.027999999999999997,0.09
4794,Red River,LA,Age-adjusted prevalence,7356,5645,0.289,0.439,0.061,0.11199999999999999,0.076,0.10099999999999999,0.278,0.161,0.34,0.439,0.047,0.281
4796,Red River,TX,Age-adjusted prevalence,11678,9261,0.24600000000000002,0.361,0.066,0.11199999999999999,0.065,0.081,0.258,0.125,0.326,0.387,0.037000000000000005,0.127
4798,Red Willow,NE,Age-adjusted prevalence,10457,8110,0.231,0.327,0.073,0.096,0.055999999999999994,0.061,0.20600000000000002,0.096,0.29600000000000004,0.425,0.028999999999999998,0.17
4800,Redwood,MN,Age-adjusted prevalence,15288,11470,0.213,0.28800000000000003,0.07200000000000001,0.10400000000000001,0.055999999999999994,0.057999999999999996,0.254,0.1,0.293,0.369,0.03,0.14400000000000002
4802,Reeves,TX,Age-adjusted prevalence,11770,8503,0.20800000000000002,0.355,0.044000000000000004,0.087,0.068,0.061,0.195,0.175,0.341,0.41,0.037000000000000005,0.18100000000000002
4804,Refugio,TX,Age-adjusted prevalence,6666,5209,0.223,0.34299999999999997,0.057,0.09699999999999999,0.062,0.066,0.222,0.14,0.332,0.401,0.035,0.204
4806,Reno,KS,Age-adjusted prevalence,61497,48096,0.245,0.306,0.07,0.10300000000000001,0.061,0.069,0.23199999999999998,0.109,0.307,0.445,0.031,0.13699999999999998
4808,Rensselaer,NY,Age-adjusted prevalence,159305,129327,0.231,0.28800000000000003,0.07400000000000001,0.109,0.05,0.055999999999999994,0.20600000000000002,0.085,0.317,0.317,0.027000000000000003,0.122
4810,Renville,MN,Age-adjusted prevalence,14348,11042,0.20600000000000002,0.29100000000000004,0.07200000000000001,0.102,0.057,0.059000000000000004,0.247,0.102,0.293,0.391,0.03,0.136
4812,Renville,ND,Age-adjusted prevalence,2279,1757,0.228,0.298,0.073,0.10099999999999999,0.053,0.054000000000000006,0.21100000000000002,0.085,0.293,0.387,0.027000000000000003,0.099
4814,Republic,KS,Age-adjusted prevalence,4627,3574,0.24600000000000002,0.326,0.07400000000000001,0.10400000000000001,0.062,0.073,0.226,0.10300000000000001,0.311,0.41600000000000004,0.031,0.151
4816,Reynolds,MO,Age-adjusted prevalence,5950,4821,0.278,0.35,0.073,0.11199999999999999,0.071,0.098,0.275,0.11800000000000001,0.331,0.41,0.038,0.209
4818,Rhea,TN,Age-adjusted prevalence,33924,26584,0.303,0.379,0.07400000000000001,0.11199999999999999,0.069,0.096,0.315,0.128,0.34600000000000003,0.424,0.036000000000000004,0.163
4820,Rice,KS,Age-adjusted prevalence,9260,7052,0.23800000000000002,0.318,0.07,0.1,0.055999999999999994,0.062,0.212,0.1,0.319,0.406,0.027999999999999997,0.10300000000000001
4822,Rice,MN,Age-adjusted prevalence,67948,53679,0.204,0.303,0.07200000000000001,0.099,0.053,0.05,0.233,0.094,0.28300000000000003,0.387,0.027999999999999997,0.07200000000000001
4824,Rich,UT,Age-adjusted prevalence,2670,1947,0.242,0.28800000000000003,0.078,0.111,0.055999999999999994,0.057,0.275,0.094,0.28800000000000003,0.33,0.028999999999999998,0.09300000000000001
4826,Richardson,NE,Age-adjusted prevalence,7689,6032,0.23199999999999998,0.326,0.07200000000000001,0.096,0.055999999999999994,0.063,0.195,0.102,0.28300000000000003,0.456,0.028999999999999998,0.095
4828,Richland,IL,Age-adjusted prevalence,15488,12015,0.24600000000000002,0.314,0.07400000000000001,0.107,0.057,0.07200000000000001,0.245,0.099,0.318,0.395,0.03,0.115
4830,Richland,LA,Age-adjusted prevalence,19712,15026,0.287,0.423,0.064,0.111,0.073,0.095,0.284,0.15,0.34700000000000003,0.431,0.044000000000000004,0.235
4832,Richland,MT,Age-adjusted prevalence,11173,8358,0.22399999999999998,0.276,0.07400000000000001,0.10800000000000001,0.051,0.055,0.23800000000000002,0.077,0.267,0.376,0.027000000000000003,0.122
4834,Richland,ND,Age-adjusted prevalence,16558,13011,0.24100000000000002,0.311,0.07400000000000001,0.102,0.055,0.057,0.226,0.09,0.3,0.376,0.027999999999999997,0.102
4836,Richland,OH,Age-adjusted prevalence,125064,97954,0.262,0.34299999999999997,0.073,0.111,0.065,0.081,0.273,0.121,0.32,0.392,0.034,0.14
4838,Richland,SC,Age-adjusted prevalence,425138,334065,0.256,0.37,0.062,0.099,0.054000000000000006,0.057,0.221,0.13,0.32799999999999996,0.358,0.035,0.134
4840,Richland,WI,Age-adjusted prevalence,17197,13613,0.24,0.294,0.071,0.111,0.06,0.068,0.245,0.10099999999999999,0.284,0.376,0.031,0.099
4842,Richmond,GA,Age-adjusted prevalence,205414,158562,0.24600000000000002,0.41,0.057,0.115,0.061,0.07,0.205,0.159,0.35,0.37200000000000005,0.042,0.21600000000000003
4844,Richmond,NC,Age-adjusted prevalence,42324,32370,0.27399999999999997,0.395,0.064,0.122,0.071,0.091,0.268,0.138,0.322,0.43,0.043,0.271
4846,Richmond,NY,Age-adjusted prevalence,490687,385428,0.21,0.303,0.063,0.102,0.048,0.052000000000000005,0.158,0.10099999999999999,0.36200000000000004,0.3,0.027000000000000003,0.11900000000000001
4848,Richmond,VA,Age-adjusted prevalence,9184,7501,0.245,0.377,0.065,0.11,0.062,0.073,0.22699999999999998,0.127,0.337,0.374,0.036000000000000004,0.19699999999999998
4849,Richmond,VA,Age-adjusted prevalence,229247,189438,0.251,0.376,0.06,0.114,0.057999999999999996,0.063,0.223,0.135,0.337,0.38299999999999995,0.036000000000000004,0.154
4852,Riley,KS,Age-adjusted prevalence,71402,59912,0.24,0.308,0.069,0.10099999999999999,0.059000000000000004,0.066,0.21899999999999997,0.10400000000000001,0.3,0.309,0.031,0.125
4854,Ringgold,IA,Age-adjusted prevalence,4642,3577,0.231,0.304,0.07400000000000001,0.10099999999999999,0.053,0.059000000000000004,0.223,0.091,0.3,0.43,0.027000000000000003,0.16
4856,Rio Arriba,NM,Age-adjusted prevalence,39876,30988,0.22,0.305,0.051,0.10099999999999999,0.061,0.055,0.215,0.13699999999999998,0.287,0.402,0.035,0.16399999999999998
4858,Rio Blanco,CO,Age-adjusted prevalence,6569,5042,0.22699999999999998,0.26899999999999996,0.07400000000000001,0.113,0.052000000000000005,0.057,0.24600000000000002,0.08,0.282,0.267,0.027999999999999997,0.155
4860,Rio Grande,CO,Age-adjusted prevalence,11188,8914,0.226,0.276,0.067,0.107,0.054000000000000006,0.055999999999999994,0.222,0.096,0.292,0.27899999999999997,0.028999999999999998,0.14
4862,Ripley,IN,Age-adjusted prevalence,29227,22263,0.258,0.332,0.075,0.113,0.057,0.073,0.261,0.102,0.33299999999999996,0.361,0.028999999999999998,0.141
4864,Ripley,MO,Age-adjusted prevalence,10806,8128,0.28600000000000003,0.359,0.07400000000000001,0.115,0.07400000000000001,0.106,0.285,0.125,0.337,0.41100000000000003,0.039,0.289
4866,Ritchie,WV,Age-adjusted prevalence,8167,6554,0.33399999999999996,0.391,0.07400000000000001,0.126,0.07400000000000001,0.10400000000000001,0.32799999999999996,0.133,0.375,0.424,0.037000000000000005,0.221
4868,Riverside,CA,Age-adjusted prevalence,2492442,1899181,0.21899999999999997,0.312,0.057,0.095,0.054000000000000006,0.049,0.22,0.113,0.332,0.37,0.03,0.096
4870,Roane,TN,Age-adjusted prevalence,56096,45557,0.292,0.35700000000000004,0.075,0.11,0.062,0.08199999999999999,0.317,0.111,0.34,0.368,0.032,0.11900000000000001
4872,Roane,WV,Age-adjusted prevalence,13743,11044,0.341,0.40700000000000003,0.073,0.128,0.078,0.11199999999999999,0.33899999999999997,0.145,0.368,0.413,0.039,0.307
4874,Roanoke,VA,Age-adjusted prevalence,97026,78314,0.23600000000000002,0.304,0.073,0.105,0.051,0.054000000000000006,0.26,0.095,0.324,0.344,0.026000000000000002,0.113
4875,Roanoke,VA,Age-adjusted prevalence,97171,75344,0.267,0.361,0.065,0.115,0.062,0.073,0.24100000000000002,0.132,0.32299999999999995,0.419,0.036000000000000004,0.106
4878,Roberts,SD,Age-adjusted prevalence,10206,7288,0.248,0.33,0.073,0.11699999999999999,0.068,0.077,0.21899999999999997,0.128,0.285,0.435,0.038,0.209
4880,Roberts,TX,Age-adjusted prevalence,840,631,0.215,0.29600000000000004,0.071,0.099,0.048,0.053,0.24600000000000002,0.08900000000000001,0.315,0.33799999999999997,0.026000000000000002,0.129
4882,Robertson,KY,Age-adjusted prevalence,2313,1799,,,,,,,,,,,,0.24
4884,Robertson,TN,Age-adjusted prevalence,76776,58419,0.263,0.35,0.07200000000000001,0.10800000000000001,0.057999999999999996,0.073,0.28800000000000003,0.111,0.342,0.364,0.03,0.155
4886,Robertson,TX,Age-adjusted prevalence,17267,13118,0.23,0.34600000000000003,0.062,0.106,0.059000000000000004,0.069,0.23399999999999999,0.12300000000000001,0.325,0.38,0.035,0.14
4888,Robeson,NC,Age-adjusted prevalence,117365,86828,0.294,0.429,0.059000000000000004,0.133,0.081,0.10300000000000001,0.23399999999999999,0.16399999999999998,0.33799999999999997,0.48100000000000004,0.052000000000000005,0.311
4890,Rock,MN,Age-adjusted prevalence,9551,7310,0.205,0.27899999999999997,0.07400000000000001,0.10099999999999999,0.054000000000000006,0.055,0.255,0.092,0.28600000000000003,0.37,0.027999999999999997,0.12300000000000001
4892,Rock,NE,Age-adjusted prevalence,1271,987,0.217,0.29100000000000004,0.075,0.094,0.052000000000000005,0.055999999999999994,0.18600000000000003,0.08800000000000001,0.284,0.391,0.027000000000000003,0.11900000000000001
4894,Rock,WI,Age-adjusted prevalence,164278,127890,0.22899999999999998,0.293,0.07,0.11199999999999999,0.055,0.057999999999999996,0.24100000000000002,0.10300000000000001,0.294,0.41700000000000004,0.028999999999999998,0.113
4896,Rock Island,IL,Age-adjusted prevalence,141236,109684,0.239,0.315,0.068,0.106,0.057,0.067,0.213,0.10800000000000001,0.314,0.401,0.031,0.157
4898,Rockbridge,VA,Age-adjusted prevalence,22358,18688,0.256,0.32,0.075,0.107,0.057,0.065,0.256,0.10099999999999999,0.34,0.34299999999999997,0.028999999999999998,0.08199999999999999
4900,Rockcastle,KY,Age-adjusted prevalence,16190,12780,,,,,,,,,,,,0.19
4902,Rockdale,GA,Age-adjusted prevalence,95987,73494,0.237,0.39799999999999996,0.055,0.111,0.055,0.059000000000000004,0.18100000000000002,0.147,0.32799999999999996,0.389,0.038,0.182
4904,Rockingham,NC,Age-adjusted prevalence,92518,73816,0.255,0.359,0.068,0.114,0.062,0.078,0.267,0.113,0.318,0.371,0.036000000000000004,0.192
4906,Rockingham,NH,Age-adjusted prevalence,320689,262293,0.213,0.289,0.077,0.10099999999999999,0.043,0.046,0.23,0.071,0.305,0.307,0.023,0.084
4908,Rockingham,VA,Age-adjusted prevalence,86568,67455,0.24600000000000002,0.317,0.073,0.107,0.055999999999999994,0.064,0.251,0.10099999999999999,0.34,0.335,0.028999999999999998,0.154
4910,Rockland,NY,Age-adjusted prevalence,340807,238842,0.209,0.29100000000000004,0.066,0.106,0.052000000000000005,0.054000000000000006,0.184,0.099,0.319,0.309,0.028999999999999998,0.10300000000000001
4912,Rockwall,TX,Age-adjusted prevalence,131307,96606,0.196,0.29100000000000004,0.067,0.096,0.044000000000000004,0.042,0.22,0.087,0.312,0.344,0.024,0.08900000000000001
4914,Roger Mills,OK,Age-adjusted prevalence,3295,2502,0.265,0.366,0.073,0.114,0.066,0.078,0.263,0.113,0.342,0.406,0.034,0.11900000000000001
4916,Rogers,OK,Age-adjusted prevalence,100248,77057,0.237,0.33799999999999997,0.071,0.114,0.06,0.065,0.254,0.106,0.32899999999999996,0.39899999999999997,0.03,0.129
4918,Rolette,ND,Age-adjusted prevalence,11728,7935,0.281,0.38299999999999995,0.063,0.138,0.078,0.09,0.222,0.165,0.314,0.502,0.047,0.265
4920,Rooks,KS,Age-adjusted prevalence,4778,3726,0.24,0.308,0.07200000000000001,0.10099999999999999,0.054000000000000006,0.063,0.23,0.092,0.322,0.406,0.027999999999999997,0.126
4922,Roosevelt,MT,Age-adjusted prevalence,10319,6918,0.278,0.354,0.068,0.141,0.073,0.092,0.26899999999999996,0.135,0.28800000000000003,0.413,0.045,0.222
4924,Roosevelt,NM,Age-adjusted prevalence,18787,14317,0.233,0.315,0.061,0.1,0.063,0.065,0.24100000000000002,0.11699999999999999,0.319,0.34700000000000003,0.034,0.136
4926,Roscommon,MI,Age-adjusted prevalence,23863,20479,0.259,0.32299999999999995,0.077,0.11800000000000001,0.062,0.081,0.294,0.1,0.301,0.39,0.032,0.157
4928,Roseau,MN,Age-adjusted prevalence,15252,11622,0.203,0.26899999999999996,0.07200000000000001,0.10099999999999999,0.054000000000000006,0.055,0.24600000000000002,0.092,0.28300000000000003,0.35700000000000004,0.027999999999999997,0.109
4930,Rosebud,MT,Age-adjusted prevalence,8160,5803,0.267,0.35200000000000004,0.07,0.13,0.067,0.081,0.254,0.115,0.267,0.39799999999999996,0.038,0.188
4932,Ross,OH,Age-adjusted prevalence,76501,60465,0.276,0.363,0.07400000000000001,0.11599999999999999,0.067,0.085,0.28800000000000003,0.126,0.32299999999999995,0.439,0.034,0.20800000000000002
4934,Routt,CO,Age-adjusted prevalence,25064,20739,0.207,0.239,0.078,0.106,0.045,0.045,0.22699999999999998,0.068,0.285,0.23,0.023,0.063
4936,Rowan,KY,Age-adjusted prevalence,24409,19548,,,,,,,,,,,,0.268
4938,Rowan,NC,Age-adjusted prevalence,151661,118284,0.253,0.33799999999999997,0.068,0.11,0.06,0.07200000000000001,0.254,0.10800000000000001,0.316,0.374,0.034,0.188
4940,Runnels,TX,Age-adjusted prevalence,9868,7542,0.222,0.32299999999999995,0.063,0.09699999999999999,0.057999999999999996,0.063,0.231,0.11800000000000001,0.325,0.361,0.031,0.155
4942,Rush,IN,Age-adjusted prevalence,16847,13067,0.268,0.34600000000000003,0.07400000000000001,0.11699999999999999,0.063,0.084,0.27899999999999997,0.115,0.344,0.39,0.032,0.21100000000000002
4944,Rush,KS,Age-adjusted prevalence,2830,2263,0.24600000000000002,0.321,0.073,0.10400000000000001,0.06,0.07,0.228,0.1,0.307,0.38799999999999996,0.03,0.131
4946,Rusk,TX,Age-adjusted prevalence,53079,41108,0.23399999999999999,0.35700000000000004,0.064,0.10400000000000001,0.061,0.07,0.23199999999999998,0.122,0.32299999999999995,0.375,0.035,0.2
4948,Rusk,WI,Age-adjusted prevalence,14143,11289,0.248,0.306,0.071,0.113,0.063,0.07200000000000001,0.25,0.106,0.293,0.409,0.032,0.193
4950,Russell,AL,Age-adjusted prevalence,58744,44343,0.276,0.43700000000000006,0.061,0.111,0.066,0.08,0.243,0.153,0.364,0.42700000000000005,0.043,0.195
4952,Russell,KS,Age-adjusted prevalence,6723,5253,0.253,0.327,0.071,0.107,0.061,0.07400000000000001,0.22699999999999998,0.102,0.326,0.418,0.032,0.127
4954,Russell,KY,Age-adjusted prevalence,18279,14064,,,,,,,,,,,,0.26899999999999996
4956,Russell,VA,Age-adjusted prevalence,25477,20555,0.276,0.35100000000000003,0.07400000000000001,0.11599999999999999,0.067,0.08900000000000001,0.28300000000000003,0.11800000000000001,0.35,0.39299999999999996,0.035,0.22399999999999998
4958,Rutherford,NC,Age-adjusted prevalence,65507,52439,0.257,0.348,0.07200000000000001,0.114,0.065,0.08199999999999999,0.28300000000000003,0.111,0.317,0.38,0.035,0.20199999999999999
4960,Rutherford,TN,Age-adjusted prevalence,367101,277198,0.26899999999999996,0.349,0.07,0.106,0.053,0.063,0.264,0.111,0.33399999999999996,0.381,0.028999999999999998,0.113
4962,Rutland,VT,Age-adjusted prevalence,60271,49934,0.24600000000000002,0.293,0.076,0.12,0.052000000000000005,0.061,0.272,0.076,0.265,0.355,0.027999999999999997,0.121
4964,Sabine,LA,Age-adjusted prevalence,21906,16848,0.289,0.409,0.068,0.109,0.073,0.09300000000000001,0.29600000000000004,0.14300000000000002,0.35200000000000004,0.449,0.040999999999999995,0.195
4966,Sabine,TX,Age-adjusted prevalence,10106,8293,0.242,0.341,0.069,0.11,0.062,0.076,0.262,0.111,0.321,0.358,0.034,0.20199999999999999
4968,Sac,IA,Age-adjusted prevalence,9686,7495,0.237,0.301,0.07400000000000001,0.10099999999999999,0.055,0.061,0.215,0.092,0.3,0.41600000000000004,0.027999999999999997,0.109
4970,Sacramento,CA,Age-adjusted prevalence,1584288,1226535,0.212,0.289,0.059000000000000004,0.102,0.051,0.051,0.22699999999999998,0.10300000000000001,0.305,0.295,0.03,0.114
4972,Sagadahoc,ME,Age-adjusted prevalence,37513,30865,0.255,0.27699999999999997,0.07400000000000001,0.125,0.053,0.062,0.292,0.08,0.306,0.295,0.026000000000000002,0.08199999999999999
4974,Saginaw,MI,Age-adjusted prevalence,187782,147908,0.268,0.353,0.07200000000000001,0.12300000000000001,0.062,0.08,0.276,0.11599999999999999,0.29600000000000004,0.371,0.035,0.146
4976,Saguache,CO,Age-adjusted prevalence,6688,5416,0.23199999999999998,0.292,0.067,0.11199999999999999,0.061,0.067,0.22699999999999998,0.107,0.3,0.28800000000000003,0.033,0.21600000000000003
4978,Salem,NJ,Age-adjusted prevalence,65338,50965,0.221,0.32299999999999995,0.068,0.10099999999999999,0.054000000000000006,0.059000000000000004,0.19399999999999998,0.09699999999999999,0.337,0.33799999999999997,0.031,0.09300000000000001
4980,Salem,VA,Age-adjusted prevalence,25600,20601,0.254,0.319,0.073,0.109,0.054000000000000006,0.061,0.257,0.10400000000000001,0.33799999999999997,0.36200000000000004,0.028999999999999998,0.128
4982,Saline,AR,Age-adjusted prevalence,129574,99649,0.235,0.355,0.07200000000000001,0.10099999999999999,0.057,0.061,0.256,0.095,0.331,0.344,0.028999999999999998,0.142
4984,Saline,IL,Age-adjusted prevalence,22873,18163,0.251,0.32899999999999996,0.07400000000000001,0.11,0.06,0.078,0.248,0.106,0.32,0.401,0.033,0.151
4986,Saline,KS,Age-adjusted prevalence,53098,41187,0.233,0.309,0.07,0.1,0.055999999999999994,0.064,0.217,0.10099999999999999,0.315,0.415,0.028999999999999998,0.122
4988,Saline,MO,Age-adjusted prevalence,23049,18077,0.257,0.33,0.071,0.106,0.06,0.07400000000000001,0.253,0.11199999999999999,0.33,0.392,0.032,0.18100000000000002
4990,Saline,NE,Age-adjusted prevalence,14555,10731,0.215,0.293,0.067,0.08800000000000001,0.055,0.057999999999999996,0.17300000000000001,0.105,0.298,0.41200000000000003,0.028999999999999998,0.13
4992,Salt Lake,UT,Age-adjusted prevalence,1185813,893016,0.218,0.281,0.073,0.109,0.046,0.045,0.275,0.087,0.293,0.299,0.026000000000000002,0.087
4994,Saluda,SC,Age-adjusted prevalence,19123,14912,0.253,0.358,0.067,0.098,0.062,0.076,0.225,0.133,0.342,0.435,0.037000000000000005,0.14800000000000002
4996,Sampson,NC,Age-adjusted prevalence,59601,44966,0.255,0.38,0.062,0.113,0.066,0.078,0.254,0.13,0.325,0.41700000000000004,0.039,0.254
4998,San Augustine,TX,Age-adjusted prevalence,7833,6232,0.266,0.4,0.064,0.11800000000000001,0.077,0.10400000000000001,0.267,0.152,0.33299999999999996,0.439,0.046,0.26
5000,San Benito,CA,Age-adjusted prevalence,68175,51135,0.192,0.285,0.057,0.091,0.05,0.044000000000000004,0.203,0.105,0.312,0.313,0.027000000000000003,0.111
5002,San Bernardino,CA,Age-adjusted prevalence,2195611,1641803,0.212,0.316,0.054000000000000006,0.098,0.055999999999999994,0.051,0.195,0.11800000000000001,0.319,0.33299999999999996,0.032,0.124
5004,San Diego,CA,Age-adjusted prevalence,3269973,2594848,0.184,0.27399999999999997,0.063,0.08900000000000001,0.047,0.044000000000000004,0.212,0.094,0.307,0.254,0.026000000000000002,0.10300000000000001
5006,San Francisco,CA,Age-adjusted prevalence,808988,698599,0.161,0.251,0.053,0.085,0.043,0.036000000000000004,0.198,0.09300000000000001,0.32,0.171,0.024,0.044000000000000004
5008,San Jacinto,TX,Age-adjusted prevalence,28936,22772,0.243,0.35600000000000004,0.065,0.107,0.064,0.079,0.254,0.127,0.32899999999999996,0.391,0.036000000000000004,0.146
5010,San Joaquin,CA,Age-adjusted prevalence,800965,593491,0.19399999999999998,0.293,0.054000000000000006,0.095,0.054000000000000006,0.052000000000000005,0.19699999999999998,0.11699999999999999,0.31,0.306,0.031,0.11800000000000001
5012,San Juan,CO,Age-adjusted prevalence,802,709,0.21899999999999997,0.26,0.076,0.106,0.05,0.049,0.23199999999999998,0.078,0.285,0.258,0.025,0.14300000000000002
5014,San Juan,NM,Age-adjusted prevalence,120675,90972,0.24600000000000002,0.311,0.062,0.121,0.07,0.081,0.24100000000000002,0.128,0.27699999999999997,0.35200000000000004,0.040999999999999995,0.266
5016,San Juan,UT,Age-adjusted prevalence,14358,10367,0.26,0.34600000000000003,0.07,0.133,0.069,0.08,0.27,0.13699999999999998,0.294,0.344,0.042,0.212
5018,San Juan,WA,Age-adjusted prevalence,18566,16267,0.21899999999999997,0.256,0.076,0.10800000000000001,0.046,0.042,0.255,0.07,0.282,0.248,0.024,0.105
5020,San Luis Obispo,CA,Age-adjusted prevalence,281639,233172,0.204,0.282,0.07,0.1,0.05,0.049,0.237,0.086,0.294,0.276,0.027000000000000003,0.069
5022,San Mateo,CA,Age-adjusted prevalence,726353,587135,0.171,0.257,0.055999999999999994,0.085,0.042,0.035,0.187,0.09,0.327,0.22,0.023,0.078
5024,San Miguel,CO,Age-adjusted prevalence,7868,6642,0.212,0.247,0.078,0.105,0.048,0.045,0.226,0.071,0.28600000000000003,0.253,0.024,0.081
5026,San Miguel,NM,Age-adjusted prevalence,26668,22308,0.21100000000000002,0.302,0.051,0.091,0.059000000000000004,0.05,0.209,0.133,0.29600000000000004,0.38,0.032,0.128
5028,San Patricio,TX,Age-adjusted prevalence,70660,52520,0.222,0.355,0.057,0.096,0.06,0.062,0.21100000000000002,0.139,0.348,0.413,0.033,0.18100000000000002
5030,San Saba,TX,Age-adjusted prevalence,5845,4743,0.228,0.336,0.065,0.09699999999999999,0.062,0.071,0.22899999999999998,0.12,0.32899999999999996,0.37,0.033,0.14300000000000002
5032,Sanborn,SD,Age-adjusted prevalence,2399,1801,0.225,0.29100000000000004,0.076,0.10099999999999999,0.055999999999999994,0.061,0.217,0.096,0.294,0.36,0.028999999999999998,0.10800000000000001
5034,Sanders,MT,Age-adjusted prevalence,13684,11386,0.251,0.29100000000000004,0.07400000000000001,0.114,0.062,0.075,0.26,0.09,0.273,0.348,0.034,0.212
5036,Sandoval,NM,Age-adjusted prevalence,155936,122649,0.207,0.293,0.062,0.09699999999999999,0.05,0.046,0.24,0.09699999999999999,0.29600000000000004,0.326,0.027000000000000003,0.135
5038,Sandusky,OH,Age-adjusted prevalence,58709,46050,0.27699999999999997,0.341,0.073,0.10800000000000001,0.062,0.07200000000000001,0.262,0.11599999999999999,0.319,0.406,0.031,0.18600000000000003
5040,Sangamon,IL,Age-adjusted prevalence,193491,151879,0.23600000000000002,0.322,0.07200000000000001,0.106,0.052000000000000005,0.061,0.22,0.098,0.306,0.396,0.028999999999999998,0.125
5042,Sanilac,MI,Age-adjusted prevalence,40368,32004,0.266,0.332,0.076,0.11800000000000001,0.063,0.083,0.29600000000000004,0.10300000000000001,0.31,0.39899999999999997,0.032,0.134
5044,Sanpete,UT,Age-adjusted prevalence,30277,23084,0.25,0.28600000000000003,0.075,0.11199999999999999,0.06,0.066,0.267,0.10300000000000001,0.282,0.302,0.033,0.18600000000000003
5046,Santa Barbara,CA,Age-adjusted prevalence,441257,343138,0.205,0.294,0.061,0.09699999999999999,0.053,0.052000000000000005,0.218,0.10300000000000001,0.298,0.276,0.028999999999999998,0.11699999999999999
5048,Santa Clara,CA,Age-adjusted prevalence,1877592,1503217,0.155,0.257,0.053,0.079,0.040999999999999995,0.033,0.179,0.098,0.315,0.21899999999999997,0.023,0.073
5050,Santa Cruz,AZ,Age-adjusted prevalence,49158,36812,0.19899999999999998,0.313,0.054000000000000006,0.095,0.059000000000000004,0.055999999999999994,0.166,0.132,0.33299999999999996,0.348,0.033,0.209
5052,Santa Cruz,CA,Age-adjusted prevalence,261547,214446,0.191,0.27699999999999997,0.067,0.098,0.05,0.047,0.233,0.09,0.308,0.268,0.027000000000000003,0.08
5054,Santa Fe,NM,Age-adjusted prevalence,155956,131762,0.192,0.253,0.063,0.092,0.05,0.045,0.23399999999999999,0.09300000000000001,0.275,0.259,0.026000000000000002,0.096
5056,Santa Rosa,FL,Age-adjusted prevalence,203162,158829,0.231,0.318,0.078,0.096,0.054000000000000006,0.059000000000000004,0.198,0.09300000000000001,0.32299999999999995,0.317,0.027999999999999997,0.079
5058,Sarasota,FL,Age-adjusted prevalence,469013,403873,0.218,0.28800000000000003,0.078,0.095,0.05,0.055,0.207,0.084,0.325,0.303,0.026000000000000002,0.078
5060,Saratoga,NY,Age-adjusted prevalence,238711,193626,0.228,0.273,0.076,0.10400000000000001,0.046,0.047,0.212,0.076,0.324,0.32799999999999996,0.024,0.11599999999999999
5062,Sargent,ND,Age-adjusted prevalence,3776,2992,0.228,0.299,0.073,0.099,0.054000000000000006,0.054000000000000006,0.209,0.09,0.302,0.413,0.027000000000000003,0.10300000000000001
5064,Sarpy,NE,Age-adjusted prevalence,199886,148082,0.204,0.292,0.071,0.086,0.045,0.044000000000000004,0.175,0.08900000000000001,0.295,0.35600000000000004,0.024,0.078
5066,Sauk,WI,Age-adjusted prevalence,65920,51378,0.231,0.28600000000000003,0.071,0.109,0.054000000000000006,0.057,0.255,0.098,0.292,0.402,0.027999999999999997,0.08
5068,Saunders,NE,Age-adjusted prevalence,23463,17644,0.215,0.29600000000000004,0.07400000000000001,0.09,0.049,0.05,0.174,0.084,0.28600000000000003,0.389,0.025,0.094
5070,Sawyer,WI,Age-adjusted prevalence,18552,15215,0.24,0.31,0.071,0.114,0.06,0.066,0.252,0.10400000000000001,0.289,0.342,0.032,0.099
5072,Schenectady,NY,Age-adjusted prevalence,159902,125778,0.223,0.298,0.071,0.111,0.051,0.055999999999999994,0.19899999999999998,0.08900000000000001,0.314,0.34600000000000003,0.027999999999999997,0.131
5074,Schleicher,TX,Age-adjusted prevalence,2391,1809,0.20600000000000002,0.312,0.057999999999999996,0.092,0.055,0.054000000000000006,0.214,0.11900000000000001,0.325,0.364,0.028999999999999998,0.132
5076,Schley,GA,Age-adjusted prevalence,4526,3488,0.247,0.35600000000000004,0.068,0.106,0.059000000000000004,0.07,0.222,0.121,0.337,0.37200000000000005,0.035,0.18
5078,Schoharie,NY,Age-adjusted prevalence,30105,24919,0.22899999999999998,0.304,0.076,0.11199999999999999,0.054000000000000006,0.062,0.215,0.087,0.32299999999999995,0.33,0.027999999999999997,0.085
5080,Schoolcraft,MI,Age-adjusted prevalence,8149,6684,0.27399999999999997,0.332,0.077,0.12300000000000001,0.065,0.085,0.295,0.10800000000000001,0.308,0.401,0.034,0.207
5082,Schuyler,IL,Age-adjusted prevalence,6733,5549,0.247,0.341,0.073,0.105,0.062,0.077,0.23600000000000002,0.11,0.322,0.402,0.033,0.11800000000000001
5084,Schuyler,MO,Age-adjusted prevalence,4053,2951,0.256,0.326,0.07400000000000001,0.106,0.057,0.07400000000000001,0.257,0.098,0.32299999999999995,0.39,0.03,0.155
5086,Schuyler,NY,Age-adjusted prevalence,17507,14192,0.244,0.302,0.076,0.114,0.057999999999999996,0.069,0.225,0.091,0.31,0.312,0.03,0.11800000000000001
5088,Schuylkill,PA,Age-adjusted prevalence,143786,115159,,,,,,,,,,,,0.136
5090,Scioto,OH,Age-adjusted prevalence,71969,56470,0.29,0.39299999999999996,0.076,0.11599999999999999,0.073,0.098,0.304,0.129,0.33,0.447,0.037000000000000005,0.22
5092,Scotland,MO,Age-adjusted prevalence,4676,3300,0.262,0.33,0.07400000000000001,0.11,0.063,0.087,0.265,0.10400000000000001,0.326,0.377,0.033,0.20600000000000002
5094,Scotland,NC,Age-adjusted prevalence,34376,26528,0.27,0.426,0.061,0.125,0.075,0.096,0.25,0.152,0.331,0.455,0.048,0.225
5096,Scott,AR,Age-adjusted prevalence,9851,7622,0.263,0.376,0.07,0.10400000000000001,0.07,0.086,0.267,0.11699999999999999,0.33799999999999997,0.37200000000000005,0.036000000000000004,0.174
5098,Scott,IA,Age-adjusted prevalence,174270,134300,0.251,0.293,0.07200000000000001,0.106,0.052000000000000005,0.057999999999999996,0.212,0.094,0.301,0.406,0.027999999999999997,0.096
5100,Scott,IL,Age-adjusted prevalence,4710,3763,0.24,0.307,0.07400000000000001,0.106,0.054000000000000006,0.068,0.243,0.094,0.315,0.38299999999999995,0.028999999999999998,0.10099999999999999
5102,Scott,IN,Age-adjusted prevalence,24657,19068,0.27,0.36200000000000004,0.073,0.11699999999999999,0.064,0.08900000000000001,0.282,0.11800000000000001,0.34700000000000003,0.418,0.033,0.248
5104,Scott,KS,Age-adjusted prevalence,4922,3638,0.22399999999999998,0.301,0.07,0.096,0.054000000000000006,0.057,0.2,0.095,0.31,0.386,0.027000000000000003,0.179
5106,Scott,KY,Age-adjusted prevalence,60168,45676,,,,,,,,,,,,0.14
5108,Scott,MN,Age-adjusted prevalence,155814,116237,0.184,0.284,0.071,0.095,0.045,0.04,0.226,0.085,0.287,0.315,0.024,0.054000000000000006
5110,Scott,MO,Age-adjusted prevalence,37889,28776,0.263,0.35100000000000003,0.07200000000000001,0.111,0.062,0.083,0.257,0.111,0.33,0.382,0.034,0.21
5112,Scott,MS,Age-adjusted prevalence,27507,19774,0.281,0.428,0.061,0.10400000000000001,0.073,0.091,0.20600000000000002,0.158,0.349,0.43200000000000005,0.046,0.266
5114,Scott,TN,Age-adjusted prevalence,22171,17051,0.312,0.39799999999999996,0.07400000000000001,0.11900000000000001,0.079,0.12,0.337,0.14,0.359,0.431,0.042,0.203
5116,Scott,VA,Age-adjusted prevalence,21433,17546,0.27899999999999997,0.35200000000000004,0.07400000000000001,0.115,0.068,0.08900000000000001,0.289,0.121,0.353,0.38299999999999995,0.036000000000000004,0.133
5118,Scotts Bluff,NE,Age-adjusted prevalence,35699,27153,0.22899999999999998,0.321,0.069,0.09300000000000001,0.055999999999999994,0.061,0.185,0.105,0.28300000000000003,0.396,0.028999999999999998,0.11800000000000001
5120,Screven,GA,Age-adjusted prevalence,14174,11178,0.256,0.39899999999999997,0.063,0.111,0.064,0.079,0.21,0.141,0.33799999999999997,0.397,0.040999999999999995,0.22
5122,Scurry,TX,Age-adjusted prevalence,16212,11981,0.22,0.33,0.061,0.096,0.059000000000000004,0.063,0.225,0.124,0.331,0.386,0.032,0.22
5124,Searcy,AR,Age-adjusted prevalence,7806,6215,0.28,0.39399999999999996,0.073,0.109,0.078,0.102,0.285,0.125,0.349,0.397,0.04,0.204
5126,Sebastian,AR,Age-adjusted prevalence,129098,98581,0.24600000000000002,0.373,0.068,0.10300000000000001,0.065,0.07400000000000001,0.255,0.115,0.353,0.364,0.034,0.16
5128,Sedgwick,CO,Age-adjusted prevalence,2299,1854,0.23600000000000002,0.28,0.073,0.115,0.057,0.065,0.245,0.09,0.287,0.285,0.03,0.149
5130,Sedgwick,KS,Age-adjusted prevalence,528469,398378,0.228,0.325,0.067,0.1,0.057,0.064,0.23,0.109,0.326,0.389,0.03,0.079
5132,Seminole,FL,Age-adjusted prevalence,484271,385528,0.20199999999999999,0.294,0.071,0.091,0.051,0.05,0.16699999999999998,0.098,0.317,0.293,0.026000000000000002,0.10400000000000001
5134,Seminole,GA,Age-adjusted prevalence,9092,7325,0.258,0.387,0.066,0.111,0.064,0.077,0.212,0.134,0.33799999999999997,0.4,0.039,0.205
5136,Seminole,OK,Age-adjusted prevalence,23565,17848,0.28300000000000003,0.401,0.069,0.128,0.078,0.099,0.287,0.13699999999999998,0.35700000000000004,0.45399999999999996,0.042,0.267
5138,Seneca,NY,Age-adjusted prevalence,32349,25660,0.23600000000000002,0.306,0.075,0.114,0.057999999999999996,0.07,0.22399999999999998,0.091,0.317,0.348,0.031,0.16699999999999998
5140,Seneca,OH,Age-adjusted prevalence,54527,42948,0.272,0.32,0.075,0.109,0.059000000000000004,0.073,0.264,0.111,0.314,0.363,0.03,0.162
5142,Sequatchie,TN,Age-adjusted prevalence,17161,13711,0.297,0.38,0.07400000000000001,0.114,0.073,0.10400000000000001,0.33,0.131,0.34700000000000003,0.392,0.038,0.22399999999999998
5144,Sequoyah,OK,Age-adjusted prevalence,40291,30639,0.28,0.396,0.069,0.13,0.076,0.09699999999999999,0.28,0.13699999999999998,0.344,0.47100000000000003,0.042,0.28300000000000003
5146,Sevier,AR,Age-adjusted prevalence,15632,11232,0.259,0.376,0.064,0.102,0.076,0.08900000000000001,0.245,0.13699999999999998,0.34700000000000003,0.415,0.04,0.24
5148,Sevier,TN,Age-adjusted prevalence,99415,78781,0.27899999999999997,0.34700000000000003,0.075,0.10800000000000001,0.062,0.08199999999999999,0.307,0.115,0.348,0.381,0.032,0.188
5150,Sevier,UT,Age-adjusted prevalence,22344,16249,0.249,0.297,0.076,0.11199999999999999,0.054000000000000006,0.057999999999999996,0.284,0.091,0.299,0.366,0.028999999999999998,0.201
5152,Seward,KS,Age-adjusted prevalence,21067,14437,0.215,0.322,0.055,0.091,0.062,0.061,0.17600000000000002,0.136,0.33,0.434,0.032,0.15
5154,Seward,NE,Age-adjusted prevalence,17671,13590,0.22,0.29100000000000004,0.07400000000000001,0.092,0.05,0.052000000000000005,0.191,0.083,0.284,0.35600000000000004,0.026000000000000002,0.14
5156,Shackelford,TX,Age-adjusted prevalence,3229,2477,0.22,0.305,0.071,0.1,0.052000000000000005,0.055999999999999994,0.24600000000000002,0.095,0.321,0.33799999999999997,0.027000000000000003,0.08900000000000001
5158,Shannon,MO,Age-adjusted prevalence,7238,5590,0.271,0.344,0.07400000000000001,0.111,0.066,0.09,0.26899999999999996,0.11199999999999999,0.322,0.368,0.035,0.23800000000000002
5160,Sharkey,MS,Age-adjusted prevalence,3336,2528,0.298,0.512,0.052000000000000005,0.115,0.081,0.105,0.188,0.196,0.34299999999999997,0.505,0.059000000000000004,0.29600000000000004
5162,Sharp,AR,Age-adjusted prevalence,17968,14333,0.276,0.376,0.073,0.10800000000000001,0.07200000000000001,0.09300000000000001,0.284,0.11699999999999999,0.341,0.395,0.037000000000000005,0.245
5164,Shasta,CA,Age-adjusted prevalence,180366,141552,0.225,0.304,0.07200000000000001,0.109,0.055,0.061,0.256,0.094,0.326,0.293,0.03,0.09
5166,Shawano,WI,Age-adjusted prevalence,41109,32448,0.239,0.289,0.071,0.114,0.057999999999999996,0.064,0.237,0.09699999999999999,0.295,0.402,0.03,0.09
5168,Shawnee,KS,Age-adjusted prevalence,177746,137140,0.23199999999999998,0.34299999999999997,0.07,0.106,0.055999999999999994,0.062,0.24,0.10300000000000001,0.353,0.385,0.028999999999999998,0.10800000000000001
5170,Sheboygan,WI,Age-adjusted prevalence,117752,92697,0.21899999999999997,0.303,0.07,0.10300000000000001,0.053,0.053,0.22899999999999998,0.09300000000000001,0.292,0.364,0.027000000000000003,0.081
5172,Shelby,AL,Age-adjusted prevalence,233000,180682,0.239,0.364,0.075,0.094,0.048,0.048,0.223,0.096,0.35600000000000004,0.316,0.025,0.113
5174,Shelby,IA,Age-adjusted prevalence,11806,9133,0.23800000000000002,0.298,0.07400000000000001,0.102,0.054000000000000006,0.06,0.21600000000000003,0.09300000000000001,0.305,0.381,0.027999999999999997,0.14400000000000002
5176,Shelby,IL,Age-adjusted prevalence,20568,16229,0.242,0.311,0.07400000000000001,0.106,0.055999999999999994,0.069,0.243,0.096,0.316,0.376,0.028999999999999998,0.114
5178,Shelby,IN,Age-adjusted prevalence,45231,35206,0.264,0.35100000000000003,0.073,0.113,0.059000000000000004,0.077,0.28,0.113,0.341,0.41,0.03,0.183
5180,Shelby,KY,Age-adjusted prevalence,49515,38642,,,,,,,,,,,,0.14400000000000002
5182,Shelby,MO,Age-adjusted prevalence,5931,4506,0.275,0.35600000000000004,0.07400000000000001,0.11,0.069,0.094,0.271,0.115,0.33,0.406,0.036000000000000004,0.22899999999999998
5184,Shelby,OH,Age-adjusted prevalence,47765,36087,0.266,0.335,0.075,0.11,0.062,0.075,0.267,0.109,0.314,0.395,0.031,0.158
5186,Shelby,TN,Age-adjusted prevalence,910042,678990,0.254,0.41,0.059000000000000004,0.11699999999999999,0.059000000000000004,0.073,0.252,0.146,0.345,0.396,0.038,0.20600000000000002
5188,Shelby,TX,Age-adjusted prevalence,24179,17790,0.248,0.37200000000000005,0.063,0.11,0.068,0.085,0.248,0.13699999999999998,0.336,0.413,0.04,0.19899999999999998
5190,Shenandoah,VA,Age-adjusted prevalence,45228,35666,0.253,0.321,0.07200000000000001,0.11,0.06,0.07200000000000001,0.251,0.11,0.32899999999999996,0.363,0.032,0.11699999999999999
5192,Sherburne,MN,Age-adjusted prevalence,102206,75976,0.201,0.27399999999999997,0.07200000000000001,0.098,0.048,0.046,0.242,0.083,0.284,0.384,0.025,0.11199999999999999
5194,Sheridan,KS,Age-adjusted prevalence,2423,1821,0.233,0.297,0.073,0.10099999999999999,0.053,0.057999999999999996,0.218,0.08900000000000001,0.305,0.348,0.026000000000000002,0.136
5196,Sheridan,MT,Age-adjusted prevalence,3498,2775,0.242,0.295,0.07400000000000001,0.113,0.054000000000000006,0.063,0.256,0.084,0.282,0.354,0.028999999999999998,0.17600000000000002
5198,Sheridan,ND,Age-adjusted prevalence,1266,1018,0.23600000000000002,0.308,0.073,0.10400000000000001,0.055999999999999994,0.06,0.225,0.09,0.303,0.376,0.028999999999999998,0.12
5200,Sheridan,NE,Age-adjusted prevalence,4928,3887,0.218,0.315,0.07200000000000001,0.09699999999999999,0.057,0.064,0.183,0.1,0.26899999999999996,0.36700000000000005,0.03,0.158
5202,Sheridan,WY,Age-adjusted prevalence,32519,25809,0.215,0.278,0.075,0.102,0.051,0.055999999999999994,0.24600000000000002,0.084,0.265,0.305,0.026000000000000002,0.094
5204,Sherman,KS,Age-adjusted prevalence,5844,4429,0.23399999999999999,0.324,0.07,0.10099999999999999,0.057999999999999996,0.064,0.214,0.10099999999999999,0.31,0.39299999999999996,0.028999999999999998,0.084
5206,Sherman,NE,Age-adjusted prevalence,2983,2327,0.223,0.305,0.07200000000000001,0.095,0.057,0.064,0.187,0.09699999999999999,0.292,0.419,0.03,0.10099999999999999
5208,Sherman,OR,Age-adjusted prevalence,1951,1533,0.264,0.314,0.075,0.126,0.062,0.07400000000000001,0.289,0.10400000000000001,0.298,0.36700000000000005,0.033,0.133
5210,Sherman,TX,Age-adjusted prevalence,2678,1950,0.205,0.308,0.061,0.09300000000000001,0.054000000000000006,0.054000000000000006,0.21600000000000003,0.11199999999999999,0.32299999999999995,0.35700000000000004,0.027999999999999997,0.127
5212,Shiawassee,MI,Age-adjusted prevalence,68025,54057,0.266,0.321,0.078,0.11699999999999999,0.059000000000000004,0.075,0.29600000000000004,0.099,0.311,0.385,0.03,0.122
5214,Shoshone,ID,Age-adjusted prevalence,14026,11081,0.27,0.305,0.071,0.115,0.062,0.078,0.245,0.102,0.306,0.359,0.034,0.235
5216,Sibley,MN,Age-adjusted prevalence,15084,11635,0.207,0.287,0.071,0.1,0.055,0.054000000000000006,0.247,0.092,0.282,0.38799999999999996,0.028999999999999998,0.107
5218,Sierra,CA,Age-adjusted prevalence,3200,2670,0.231,0.308,0.07200000000000001,0.10800000000000001,0.061,0.069,0.26,0.10099999999999999,0.31,0.324,0.033,0.141
5220,Sierra,NM,Age-adjusted prevalence,11488,9643,0.242,0.32299999999999995,0.065,0.10400000000000001,0.068,0.076,0.251,0.11900000000000001,0.305,0.381,0.037000000000000005,0.16
5222,Silver Bow,MT,Age-adjusted prevalence,36360,29065,0.244,0.29100000000000004,0.07400000000000001,0.11199999999999999,0.055999999999999994,0.066,0.26,0.087,0.272,0.32799999999999996,0.03,0.105
5224,Simpson,KY,Age-adjusted prevalence,20195,15511,,,,,,,,,,,,0.158
5226,Simpson,MS,Age-adjusted prevalence,25715,19707,0.268,0.409,0.065,0.102,0.063,0.079,0.20600000000000002,0.132,0.342,0.401,0.039,0.213
5228,Sioux,IA,Age-adjusted prevalence,36246,26374,0.21100000000000002,0.305,0.073,0.09699999999999999,0.051,0.054000000000000006,0.20800000000000002,0.08900000000000001,0.313,0.345,0.026000000000000002,0.092
5230,Sioux,ND,Age-adjusted prevalence,3643,2396,0.301,0.418,0.061,0.145,0.10099999999999999,0.121,0.237,0.201,0.31,0.49700000000000005,0.061,0.293
5232,Sioux,NE,Age-adjusted prevalence,1154,947,0.24100000000000002,0.335,0.07400000000000001,0.098,0.066,0.076,0.195,0.11199999999999999,0.295,0.435,0.034,0.113
5234,Siskiyou,CA,Age-adjusted prevalence,42905,34437,0.231,0.303,0.07200000000000001,0.11199999999999999,0.059000000000000004,0.066,0.262,0.099,0.309,0.32,0.032,0.105
5236,Sitka,AK,Age-adjusted prevalence,8282,6728,0.207,0.3,0.067,0.10099999999999999,0.05,0.052000000000000005,0.198,0.084,0.285,0.297,0.027999999999999997,0.102
5238,Skagit,WA,Age-adjusted prevalence,131417,104403,0.239,0.27399999999999997,0.071,0.111,0.05,0.052000000000000005,0.268,0.085,0.27899999999999997,0.332,0.027999999999999997,0.12
5240,Skagway,AK,Age-adjusted prevalence,1095,925,0.212,0.297,0.07,0.10099999999999999,0.051,0.055,0.20199999999999999,0.078,0.29600000000000004,0.35,0.027000000000000003,0.14300000000000002
5242,Skamania,WA,Age-adjusted prevalence,12640,10535,0.23399999999999999,0.284,0.076,0.11699999999999999,0.051,0.053,0.272,0.08199999999999999,0.28800000000000003,0.32299999999999995,0.027999999999999997,0.10300000000000001
5244,Slope,ND,Age-adjusted prevalence,674,550,0.237,0.318,0.073,0.10099999999999999,0.059000000000000004,0.063,0.212,0.094,0.303,0.386,0.03,0.127
5246,Smith,KS,Age-adjusted prevalence,3590,2863,0.23399999999999999,0.306,0.073,0.10099999999999999,0.055,0.062,0.217,0.092,0.315,0.396,0.027999999999999997,0.132
5248,Smith,MS,Age-adjusted prevalence,14099,10861,0.27699999999999997,0.423,0.068,0.10300000000000001,0.069,0.09,0.222,0.135,0.35,0.43799999999999994,0.040999999999999995,0.254
5250,Smith,TN,Age-adjusted prevalence,20538,15962,0.281,0.34600000000000003,0.07400000000000001,0.111,0.062,0.083,0.31,0.11199999999999999,0.336,0.385,0.032,0.131
5252,Smith,TX,Age-adjusted prevalence,245209,186274,0.225,0.33399999999999996,0.065,0.105,0.055,0.062,0.239,0.11699999999999999,0.326,0.379,0.032,0.156
5254,Smyth,VA,Age-adjusted prevalence,29216,23575,0.268,0.34,0.073,0.115,0.067,0.087,0.27699999999999997,0.11800000000000001,0.34,0.38,0.035,0.19899999999999998
5256,Snohomish,WA,Age-adjusted prevalence,844761,660415,0.218,0.276,0.07,0.111,0.045,0.044000000000000004,0.252,0.083,0.319,0.301,0.025,0.062
5258,Snyder,PA,Age-adjusted prevalence,39717,31550,,,,,,,,,,,,0.159
5260,Socorro,NM,Age-adjusted prevalence,15963,12594,0.223,0.321,0.055999999999999994,0.10099999999999999,0.067,0.068,0.22699999999999998,0.132,0.293,0.375,0.037000000000000005,0.26899999999999996
5262,Solano,CA,Age-adjusted prevalence,449218,351690,0.195,0.3,0.057999999999999996,0.10099999999999999,0.049,0.046,0.19899999999999998,0.105,0.312,0.312,0.028999999999999998,0.10099999999999999
5264,Somerset,MD,Age-adjusted prevalence,24910,20561,0.271,0.41600000000000004,0.067,0.11599999999999999,0.067,0.08,0.21100000000000002,0.133,0.34,0.39799999999999996,0.04,0.179
5266,Somerset,ME,Age-adjusted prevalence,51302,41911,0.27899999999999997,0.319,0.07200000000000001,0.13699999999999998,0.067,0.08900000000000001,0.308,0.10400000000000001,0.33,0.36700000000000005,0.033,0.155
5268,Somerset,NJ,Age-adjusted prevalence,348842,275979,0.177,0.266,0.062,0.079,0.04,0.034,0.14400000000000002,0.085,0.342,0.258,0.022000000000000002,0.084
5270,Somerset,PA,Age-adjusted prevalence,72197,59202,,,,,,,,,,,,0.122
5272,Somervell,TX,Age-adjusted prevalence,9888,7756,0.21899999999999997,0.307,0.069,0.099,0.052000000000000005,0.057,0.243,0.098,0.32,0.33899999999999997,0.027999999999999997,0.10800000000000001
5274,Sonoma,CA,Age-adjusted prevalence,481812,391558,0.195,0.264,0.068,0.098,0.048,0.047,0.239,0.086,0.29,0.261,0.026000000000000002,0.079
5276,South Central Connecticut,CT,Age-adjusted prevalence,568158,457936,0.21600000000000003,0.3,0.068,0.109,0.049,0.049,0.209,0.092,0.34,0.33899999999999997,0.027999999999999997,0.113
5278,Southampton,VA,Age-adjusted prevalence,17975,14690,0.251,0.358,0.064,0.113,0.057,0.062,0.23199999999999998,0.121,0.33299999999999996,0.379,0.034,0.139
5280,Southeast Fairbanks,AK,Age-adjusted prevalence,7077,5262,0.22699999999999998,0.32799999999999996,0.069,0.10099999999999999,0.062,0.067,0.19699999999999998,0.09,0.28800000000000003,0.35,0.033,0.138
5282,Southeastern Connecticut,CT,Age-adjusted prevalence,279634,226482,0.22399999999999998,0.308,0.071,0.114,0.05,0.053,0.235,0.08800000000000001,0.317,0.331,0.027999999999999997,0.107
5284,Spalding,GA,Age-adjusted prevalence,69946,53654,0.24600000000000002,0.38799999999999996,0.064,0.109,0.062,0.075,0.207,0.136,0.335,0.39899999999999997,0.038,0.165
5286,Spartanburg,SC,Age-adjusted prevalence,356698,273436,0.256,0.355,0.07,0.09699999999999999,0.057,0.067,0.24600000000000002,0.121,0.34299999999999997,0.379,0.033,0.125
5288,Spencer,IN,Age-adjusted prevalence,19910,15626,0.255,0.344,0.075,0.11,0.057,0.069,0.273,0.10400000000000001,0.33899999999999997,0.395,0.027999999999999997,0.128
5290,Spencer,KY,Age-adjusted prevalence,20531,15906,,,,,,,,,,,,0.161
5292,Spink,SD,Age-adjusted prevalence,6166,4773,0.222,0.29100000000000004,0.077,0.10300000000000001,0.055,0.06,0.223,0.095,0.293,0.36200000000000004,0.028999999999999998,0.14400000000000002
5294,Spokane,WA,Age-adjusted prevalence,551455,433863,0.237,0.285,0.073,0.11599999999999999,0.051,0.054000000000000006,0.271,0.091,0.305,0.348,0.027999999999999997,0.099
5296,Spotsylvania,VA,Age-adjusted prevalence,149588,113315,0.233,0.336,0.067,0.107,0.051,0.054000000000000006,0.23199999999999998,0.111,0.332,0.4,0.027999999999999997,0.099
5298,St. Bernard,LA,Age-adjusted prevalence,44463,33008,0.27699999999999997,0.40299999999999997,0.064,0.106,0.07,0.085,0.281,0.14300000000000002,0.355,0.42200000000000004,0.04,0.231
5300,St. Charles,LA,Age-adjusted prevalence,50620,38554,0.25,0.374,0.066,0.099,0.055999999999999994,0.062,0.261,0.113,0.33799999999999997,0.37200000000000005,0.032,0.136
5302,St. Charles,MO,Age-adjusted prevalence,416659,323865,0.228,0.284,0.076,0.10099999999999999,0.046,0.051,0.235,0.08800000000000001,0.321,0.355,0.024,0.129
5304,St. Clair,AL,Age-adjusted prevalence,95552,74442,0.267,0.37200000000000005,0.073,0.1,0.057999999999999996,0.067,0.259,0.109,0.368,0.392,0.031,0.11900000000000001
5306,St. Clair,IL,Age-adjusted prevalence,251018,194116,0.245,0.35100000000000003,0.066,0.111,0.054000000000000006,0.062,0.21600000000000003,0.11199999999999999,0.316,0.386,0.032,0.122
5308,St. Clair,MI,Age-adjusted prevalence,159874,127824,0.259,0.327,0.077,0.11699999999999999,0.057999999999999996,0.07400000000000001,0.289,0.095,0.298,0.36200000000000004,0.03,0.153
5310,St. Clair,MO,Age-adjusted prevalence,9752,7697,0.272,0.358,0.07400000000000001,0.11,0.069,0.094,0.276,0.11800000000000001,0.32799999999999996,0.377,0.036000000000000004,0.213
5312,St. Croix,WI,Age-adjusted prevalence,96763,74028,0.212,0.282,0.073,0.10400000000000001,0.048,0.047,0.233,0.081,0.281,0.355,0.024,0.084
5314,St. Francis,AR,Age-adjusted prevalence,22101,17444,0.27,0.466,0.057999999999999996,0.11,0.079,0.095,0.222,0.166,0.321,0.479,0.05,0.261
5316,St. Francois,MO,Age-adjusted prevalence,67058,53194,0.273,0.361,0.07400000000000001,0.10800000000000001,0.066,0.09,0.265,0.114,0.33,0.40299999999999997,0.035,0.153
5318,St. Helena,LA,Age-adjusted prevalence,10774,8595,0.287,0.43700000000000006,0.059000000000000004,0.115,0.07400000000000001,0.094,0.27,0.162,0.34299999999999997,0.429,0.048,0.276
5320,St. James,LA,Age-adjusted prevalence,19191,14995,0.264,0.40299999999999997,0.061,0.107,0.059000000000000004,0.068,0.257,0.134,0.32299999999999995,0.43700000000000006,0.038,0.18100000000000002
5322,St. John the Baptist,LA,Age-adjusted prevalence,39592,30134,0.259,0.428,0.055999999999999994,0.107,0.062,0.068,0.24600000000000002,0.149,0.34,0.415,0.04,0.20600000000000002
5324,St. Johns,FL,Age-adjusted prevalence,320110,251521,0.212,0.284,0.079,0.094,0.048,0.048,0.18600000000000003,0.08199999999999999,0.314,0.287,0.024,0.07400000000000001
5326,St. Joseph,IN,Age-adjusted prevalence,272848,209729,0.251,0.35100000000000003,0.071,0.11199999999999999,0.057,0.071,0.27699999999999997,0.11699999999999999,0.33899999999999997,0.36,0.031,0.126
5328,St. Joseph,MI,Age-adjusted prevalence,60878,46399,0.263,0.326,0.075,0.11599999999999999,0.061,0.08,0.287,0.105,0.297,0.38299999999999995,0.032,0.19
5330,St. Landry,LA,Age-adjusted prevalence,81464,59706,0.287,0.434,0.061,0.11199999999999999,0.075,0.09699999999999999,0.27399999999999997,0.157,0.34600000000000003,0.405,0.047,0.22699999999999998
5332,St. Lawrence,NY,Age-adjusted prevalence,106940,85802,0.257,0.332,0.076,0.11800000000000001,0.06,0.076,0.245,0.102,0.319,0.429,0.032,0.204
5334,St. Louis,MN,Age-adjusted prevalence,200514,163794,0.214,0.281,0.073,0.106,0.055,0.055,0.261,0.094,0.27,0.36200000000000004,0.028999999999999998,0.16699999999999998
5336,St. Louis,MO,Age-adjusted prevalence,281754,230905,0.247,0.366,0.062,0.11699999999999999,0.057999999999999996,0.07,0.239,0.127,0.309,0.37,0.038,0.168
5337,St. Louis,MO,Age-adjusted prevalence,987059,771815,0.237,0.325,0.068,0.107,0.048,0.055,0.23600000000000002,0.096,0.312,0.315,0.027999999999999997,0.122
5340,St. Lucie,FL,Age-adjusted prevalence,373586,300271,0.226,0.32799999999999996,0.069,0.10099999999999999,0.057999999999999996,0.064,0.18100000000000002,0.11199999999999999,0.326,0.319,0.032,0.115
5342,St. Martin,LA,Age-adjusted prevalence,51057,38941,0.272,0.39299999999999996,0.065,0.106,0.066,0.083,0.294,0.131,0.342,0.45,0.039,0.155
5344,St. Mary,LA,Age-adjusted prevalence,47055,35623,0.27899999999999997,0.41600000000000004,0.062,0.10800000000000001,0.071,0.09,0.28600000000000003,0.147,0.359,0.449,0.043,0.24
5346,St. Mary's,MD,Age-adjusted prevalence,115281,87752,0.251,0.326,0.073,0.107,0.051,0.054000000000000006,0.215,0.10300000000000001,0.33799999999999997,0.37200000000000005,0.027000000000000003,0.084
5348,St. Tammany,LA,Age-adjusted prevalence,275583,211037,0.23399999999999999,0.34,0.071,0.096,0.055999999999999994,0.061,0.262,0.109,0.32,0.371,0.03,0.11599999999999999
5350,Stafford,KS,Age-adjusted prevalence,3909,2956,0.24100000000000002,0.315,0.071,0.102,0.057,0.066,0.21899999999999997,0.10099999999999999,0.325,0.415,0.028999999999999998,0.155
5352,Stafford,VA,Age-adjusted prevalence,165428,122402,0.226,0.307,0.066,0.102,0.048,0.046,0.221,0.102,0.33399999999999996,0.35200000000000004,0.026000000000000002,0.096
5354,Stanislaus,CA,Age-adjusted prevalence,551430,405599,0.218,0.306,0.059000000000000004,0.1,0.057999999999999996,0.057,0.21,0.11199999999999999,0.317,0.366,0.032,0.155
5356,Stanley,SD,Age-adjusted prevalence,3043,2361,0.215,0.272,0.077,0.1,0.049,0.049,0.215,0.085,0.285,0.35200000000000004,0.026000000000000002,0.11699999999999999
5358,Stanly,NC,Age-adjusted prevalence,65699,51434,0.25,0.33899999999999997,0.071,0.111,0.06,0.073,0.267,0.105,0.319,0.363,0.033,0.2
5360,Stanton,KS,Age-adjusted prevalence,1901,1393,0.23,0.318,0.062,0.098,0.063,0.069,0.19899999999999998,0.125,0.321,0.402,0.033,0.147
5362,Stanton,NE,Age-adjusted prevalence,5856,4443,0.212,0.281,0.073,0.09300000000000001,0.052000000000000005,0.054000000000000006,0.177,0.08900000000000001,0.29,0.39799999999999996,0.027000000000000003,0.128
5364,Stark,IL,Age-adjusted prevalence,5218,4084,0.239,0.315,0.07400000000000001,0.105,0.055999999999999994,0.069,0.24,0.09699999999999999,0.316,0.38299999999999995,0.028999999999999998,0.105
5366,Stark,ND,Age-adjusted prevalence,33001,23903,0.22899999999999998,0.304,0.07200000000000001,0.099,0.055999999999999994,0.055999999999999994,0.198,0.08900000000000001,0.319,0.375,0.027999999999999997,0.126
5368,Stark,OH,Age-adjusted prevalence,372716,292739,0.267,0.332,0.073,0.113,0.06,0.073,0.264,0.111,0.324,0.405,0.031,0.19
5370,Starke,IN,Age-adjusted prevalence,23206,18050,0.27699999999999997,0.35,0.073,0.115,0.065,0.08900000000000001,0.27899999999999997,0.11800000000000001,0.33899999999999997,0.42100000000000004,0.033,0.217
5372,Starr,TX,Age-adjusted prevalence,65934,44621,0.23,0.375,0.042,0.09300000000000001,0.078,0.073,0.21,0.205,0.35200000000000004,0.45799999999999996,0.044000000000000004,0.242
5374,Staunton,VA,Age-adjusted prevalence,25915,20871,0.255,0.324,0.073,0.11199999999999999,0.055,0.063,0.256,0.107,0.33399999999999996,0.366,0.03,0.095
5376,Ste. Genevieve,MO,Age-adjusted prevalence,18642,14648,0.261,0.331,0.07400000000000001,0.105,0.057999999999999996,0.073,0.259,0.098,0.325,0.371,0.03,0.14400000000000002
5378,Stearns,MN,Age-adjusted prevalence,160977,123090,0.20199999999999999,0.287,0.073,0.10300000000000001,0.054000000000000006,0.054000000000000006,0.255,0.094,0.294,0.374,0.028999999999999998,0.092
5380,Steele,MN,Age-adjusted prevalence,37421,28437,0.20199999999999999,0.285,0.07200000000000001,0.1,0.052000000000000005,0.051,0.242,0.09,0.282,0.376,0.027000000000000003,0.05
5382,Steele,ND,Age-adjusted prevalence,1782,1384,0.23600000000000002,0.299,0.075,0.10099999999999999,0.057,0.059000000000000004,0.215,0.09,0.305,0.349,0.028999999999999998,0.126
5384,Stephens,GA,Age-adjusted prevalence,27228,21289,0.253,0.35700000000000004,0.071,0.106,0.063,0.079,0.23399999999999999,0.121,0.33899999999999997,0.38799999999999996,0.036000000000000004,0.191
5386,Stephens,OK,Age-adjusted prevalence,44014,33994,0.265,0.37799999999999995,0.071,0.11699999999999999,0.067,0.08,0.268,0.114,0.336,0.392,0.035,0.21
5388,Stephens,TX,Age-adjusted prevalence,9343,7416,0.23,0.335,0.066,0.099,0.061,0.071,0.23600000000000002,0.11800000000000001,0.327,0.37,0.033,0.14400000000000002
5390,Stephenson,IL,Age-adjusted prevalence,43105,34127,0.243,0.324,0.07200000000000001,0.109,0.055999999999999994,0.07,0.243,0.10400000000000001,0.315,0.41,0.031,0.139
5392,Sterling,TX,Age-adjusted prevalence,1397,980,0.19899999999999998,0.287,0.063,0.09300000000000001,0.045,0.044000000000000004,0.21899999999999997,0.094,0.317,0.332,0.024,0.11699999999999999
5394,Steuben,IN,Age-adjusted prevalence,34917,28111,0.253,0.33299999999999996,0.07400000000000001,0.11199999999999999,0.057999999999999996,0.071,0.27,0.106,0.342,0.354,0.028999999999999998,0.134
5396,Steuben,NY,Age-adjusted prevalence,92162,72423,0.251,0.298,0.076,0.11199999999999999,0.055999999999999994,0.067,0.23,0.09,0.321,0.34700000000000003,0.03,0.13699999999999998
5398,Stevens,KS,Age-adjusted prevalence,5077,3621,0.239,0.335,0.063,0.10099999999999999,0.067,0.078,0.20800000000000002,0.128,0.324,0.41700000000000004,0.035,0.19
5400,Stevens,MN,Age-adjusted prevalence,9728,7542,0.213,0.28300000000000003,0.07200000000000001,0.099,0.054000000000000006,0.053,0.247,0.096,0.285,0.39399999999999996,0.027999999999999997,0.147
5402,Stevens,WA,Age-adjusted prevalence,48837,38686,0.261,0.293,0.076,0.122,0.059000000000000004,0.064,0.264,0.091,0.294,0.341,0.031,0.16399999999999998
5404,Stewart,GA,Age-adjusted prevalence,4674,4068,0.258,0.43799999999999994,0.054000000000000006,0.10099999999999999,0.077,0.092,0.172,0.184,0.349,0.42,0.052000000000000005,0.242
5406,Stewart,TN,Age-adjusted prevalence,14222,11296,0.27899999999999997,0.35100000000000003,0.07400000000000001,0.10800000000000001,0.06,0.079,0.306,0.11,0.33899999999999997,0.377,0.031,0.16699999999999998
5408,Stillwater,MT,Age-adjusted prevalence,9173,7300,0.239,0.272,0.07400000000000001,0.109,0.049,0.055999999999999994,0.247,0.077,0.275,0.299,0.027000000000000003,0.073
5410,Stoddard,MO,Age-adjusted prevalence,28397,22190,0.28800000000000003,0.344,0.073,0.11,0.067,0.094,0.276,0.113,0.32,0.376,0.036000000000000004,0.262
5412,Stokes,NC,Age-adjusted prevalence,45532,37073,0.259,0.335,0.073,0.11,0.06,0.073,0.282,0.099,0.326,0.368,0.032,0.153
5414,Stone,AR,Age-adjusted prevalence,12671,10181,0.272,0.377,0.075,0.10800000000000001,0.075,0.09699999999999999,0.28,0.12,0.342,0.401,0.038,0.23
5416,Stone,MO,Age-adjusted prevalence,32658,27152,0.264,0.335,0.07400000000000001,0.107,0.061,0.078,0.265,0.10300000000000001,0.331,0.41100000000000003,0.032,0.151
5418,Stone,MS,Age-adjusted prevalence,18756,14785,0.265,0.397,0.07,0.098,0.063,0.076,0.21600000000000003,0.121,0.34,0.413,0.036000000000000004,0.18600000000000003
5420,Stonewall,TX,Age-adjusted prevalence,1218,955,0.22899999999999998,0.331,0.066,0.102,0.059000000000000004,0.07,0.244,0.115,0.325,0.36700000000000005,0.032,0.212
5422,Storey,NV,Age-adjusted prevalence,4177,3662,0.22699999999999998,0.275,0.07400000000000001,0.107,0.049,0.055,0.223,0.08199999999999999,0.327,0.318,0.026000000000000002,0.087
5424,Story,IA,Age-adjusted prevalence,98566,82292,0.226,0.31,0.07400000000000001,0.09699999999999999,0.054000000000000006,0.055999999999999994,0.209,0.098,0.327,0.35,0.027999999999999997,0.122
5426,Strafford,NH,Age-adjusted prevalence,133243,110001,0.242,0.293,0.077,0.107,0.047,0.055,0.266,0.078,0.315,0.33299999999999996,0.025,0.1
5428,Stutsman,ND,Age-adjusted prevalence,21392,17062,0.243,0.293,0.07400000000000001,0.10400000000000001,0.057,0.061,0.215,0.09,0.292,0.40299999999999997,0.028999999999999998,0.132
5430,Sublette,WY,Age-adjusted prevalence,8969,7060,0.22,0.272,0.075,0.1,0.051,0.054000000000000006,0.21899999999999997,0.084,0.301,0.32899999999999996,0.026000000000000002,0.128
5432,Suffolk,MA,Age-adjusted prevalence,768425,646638,0.207,0.294,0.062,0.114,0.052000000000000005,0.053,0.225,0.10099999999999999,0.327,0.252,0.03,0.149
5434,Suffolk,NY,Age-adjusted prevalence,1523170,1210387,0.19899999999999998,0.276,0.069,0.102,0.046,0.045,0.166,0.083,0.34299999999999997,0.297,0.024,0.098
5436,Suffolk,VA,Age-adjusted prevalence,100659,77077,0.268,0.364,0.062,0.11599999999999999,0.052000000000000005,0.055999999999999994,0.21600000000000003,0.121,0.35100000000000003,0.42,0.032,0.099
5438,Sullivan,IN,Age-adjusted prevalence,20757,16872,0.26899999999999996,0.371,0.07400000000000001,0.113,0.067,0.08900000000000001,0.26,0.12,0.349,0.434,0.034,0.16699999999999998
5440,Sullivan,MO,Age-adjusted prevalence,5797,4514,0.265,0.345,0.07,0.105,0.065,0.08199999999999999,0.254,0.11900000000000001,0.331,0.40399999999999997,0.034,0.204
5442,Sullivan,NH,Age-adjusted prevalence,43969,36340,0.244,0.29100000000000004,0.076,0.11,0.052000000000000005,0.062,0.258,0.084,0.302,0.332,0.027999999999999997,0.11900000000000001
5444,Sullivan,NY,Age-adjusted prevalence,79920,62695,0.231,0.31,0.07,0.107,0.055999999999999994,0.061,0.201,0.1,0.318,0.318,0.03,0.13
5446,Sullivan,PA,Age-adjusted prevalence,5834,5235,,,,,,,,,,,,0.151
5448,Sullivan,TN,Age-adjusted prevalence,162135,131383,0.294,0.355,0.076,0.113,0.062,0.083,0.32299999999999995,0.11900000000000001,0.326,0.377,0.032,0.18600000000000003
5450,Sully,SD,Age-adjusted prevalence,1494,1195,0.215,0.289,0.077,0.098,0.052000000000000005,0.052000000000000005,0.20800000000000002,0.08900000000000001,0.287,0.35,0.027000000000000003,0.062
5452,Summers,WV,Age-adjusted prevalence,11581,9749,0.33799999999999997,0.397,0.073,0.134,0.073,0.106,0.332,0.14300000000000002,0.361,0.39799999999999996,0.038,0.315
5454,Summit,CO,Age-adjusted prevalence,30465,25681,0.209,0.24600000000000002,0.076,0.10300000000000001,0.047,0.046,0.222,0.07200000000000001,0.268,0.237,0.024,0.10099999999999999
5456,Summit,OH,Age-adjusted prevalence,535733,425767,0.264,0.32899999999999996,0.073,0.113,0.055,0.066,0.268,0.114,0.317,0.375,0.03,0.10099999999999999
5458,Summit,UT,Age-adjusted prevalence,42759,33254,0.21,0.242,0.078,0.1,0.043,0.037000000000000005,0.23399999999999999,0.07200000000000001,0.27399999999999997,0.193,0.022000000000000002,0.092
5460,Sumner,KS,Age-adjusted prevalence,22334,16986,0.242,0.318,0.07200000000000001,0.102,0.057999999999999996,0.068,0.225,0.099,0.32899999999999996,0.39799999999999996,0.03,0.157
5462,Sumner,TN,Age-adjusted prevalence,207994,160636,0.275,0.33399999999999996,0.07400000000000001,0.107,0.054000000000000006,0.065,0.301,0.105,0.34700000000000003,0.402,0.027999999999999997,0.131
5464,Sumter,AL,Age-adjusted prevalence,11727,9434,0.298,0.491,0.054000000000000006,0.11699999999999999,0.071,0.085,0.21899999999999997,0.182,0.35700000000000004,0.5,0.051,0.298
5466,Sumter,FL,Age-adjusted prevalence,151565,140704,0.22399999999999998,0.299,0.078,0.09300000000000001,0.053,0.055,0.17,0.091,0.34299999999999997,0.32,0.027000000000000003,0.132
5468,Sumter,GA,Age-adjusted prevalence,28890,22380,0.256,0.414,0.059000000000000004,0.113,0.065,0.077,0.196,0.151,0.34299999999999997,0.409,0.042,0.166
5470,Sumter,SC,Age-adjusted prevalence,104165,79564,0.257,0.384,0.061,0.106,0.057999999999999996,0.07,0.217,0.138,0.32799999999999996,0.43200000000000005,0.039,0.185
5472,Sunflower,MS,Age-adjusted prevalence,24468,19260,0.28300000000000003,0.495,0.052000000000000005,0.10800000000000001,0.076,0.095,0.172,0.183,0.34,0.489,0.055,0.292
5474,Surry,NC,Age-adjusted prevalence,71462,56528,0.258,0.341,0.073,0.113,0.064,0.081,0.284,0.10800000000000001,0.33,0.408,0.034,0.18100000000000002
5476,Surry,VA,Age-adjusted prevalence,6593,5458,0.254,0.365,0.063,0.115,0.057,0.063,0.231,0.124,0.335,0.395,0.035,0.177
5478,Susquehanna,PA,Age-adjusted prevalence,38109,31006,,,,,,,,,,,,0.131
5480,Sussex,DE,Age-adjusted prevalence,263509,216820,0.237,0.32799999999999996,0.073,0.107,0.055999999999999994,0.063,0.22399999999999998,0.098,0.374,0.342,0.028999999999999998,0.147
5482,Sussex,NJ,Age-adjusted prevalence,146132,117673,0.195,0.28300000000000003,0.071,0.095,0.046,0.044000000000000004,0.19,0.076,0.33399999999999996,0.265,0.024,0.075
5484,Sussex,VA,Age-adjusted prevalence,10757,9043,0.259,0.406,0.057,0.113,0.063,0.071,0.20600000000000002,0.14400000000000002,0.33299999999999996,0.457,0.04,0.19
5486,Sutter,CA,Age-adjusted prevalence,97948,73657,0.207,0.305,0.059000000000000004,0.1,0.057999999999999996,0.061,0.22,0.114,0.318,0.297,0.032,0.166
5488,Sutton,TX,Age-adjusted prevalence,3221,2454,0.212,0.331,0.054000000000000006,0.092,0.061,0.06,0.212,0.14,0.33,0.386,0.033,0.177
5490,Suwannee,FL,Age-adjusted prevalence,46130,36557,0.248,0.34700000000000003,0.073,0.10300000000000001,0.069,0.084,0.204,0.11900000000000001,0.34,0.386,0.036000000000000004,0.175
5492,Swain,NC,Age-adjusted prevalence,13916,10906,0.264,0.365,0.071,0.12300000000000001,0.068,0.086,0.27899999999999997,0.125,0.32899999999999996,0.408,0.038,0.19699999999999998
5494,Sweet Grass,MT,Age-adjusted prevalence,3763,3087,0.237,0.275,0.075,0.11,0.05,0.057,0.251,0.077,0.272,0.297,0.027000000000000003,0.111
5496,Sweetwater,WY,Age-adjusted prevalence,41249,31162,0.217,0.28800000000000003,0.07200000000000001,0.10300000000000001,0.055999999999999994,0.064,0.24,0.1,0.289,0.36,0.028999999999999998,0.13
5498,Swift,MN,Age-adjusted prevalence,9719,7508,0.213,0.306,0.073,0.102,0.057999999999999996,0.06,0.267,0.10099999999999999,0.299,0.391,0.031,0.09699999999999999
5500,Swisher,TX,Age-adjusted prevalence,6955,5305,0.23600000000000002,0.375,0.059000000000000004,0.098,0.07200000000000001,0.08199999999999999,0.223,0.155,0.336,0.414,0.04,0.201
5502,Switzerland,IN,Age-adjusted prevalence,10019,7652,0.276,0.363,0.073,0.11599999999999999,0.066,0.08900000000000001,0.284,0.11699999999999999,0.33799999999999997,0.39899999999999997,0.034,0.249
5504,Talbot,GA,Age-adjusted prevalence,5718,4784,0.26,0.426,0.057999999999999996,0.11599999999999999,0.068,0.083,0.204,0.16,0.335,0.433,0.046,0.24100000000000002
5506,Talbot,MD,Age-adjusted prevalence,37823,30897,0.23199999999999998,0.315,0.075,0.106,0.05,0.055999999999999994,0.228,0.092,0.32899999999999996,0.308,0.027999999999999997,0.099
5508,Taliaferro,GA,Age-adjusted prevalence,1609,1312,0.254,0.419,0.055999999999999994,0.111,0.066,0.078,0.19399999999999998,0.157,0.33399999999999996,0.418,0.044000000000000004,0.184
5510,Talladega,AL,Age-adjusted prevalence,81132,64467,0.271,0.43,0.066,0.107,0.066,0.079,0.237,0.142,0.35700000000000004,0.45399999999999996,0.039,0.184
5512,Tallahatchie,MS,Age-adjusted prevalence,11837,9494,0.28,0.48,0.057,0.10300000000000001,0.07400000000000001,0.092,0.188,0.17,0.354,0.451,0.05,0.27699999999999997
5514,Tallapoosa,AL,Age-adjusted prevalence,40677,32607,0.284,0.408,0.069,0.105,0.063,0.073,0.252,0.127,0.365,0.396,0.036000000000000004,0.17600000000000002
5516,Tama,IA,Age-adjusted prevalence,16833,12823,0.24,0.314,0.07200000000000001,0.10300000000000001,0.06,0.07,0.214,0.107,0.302,0.40399999999999997,0.032,0.136
5518,Taney,MO,Age-adjusted prevalence,56775,45069,0.264,0.335,0.075,0.10800000000000001,0.061,0.077,0.258,0.106,0.324,0.364,0.032,0.168
5520,Tangipahoa,LA,Age-adjusted prevalence,138064,104233,0.28,0.39,0.065,0.105,0.067,0.08,0.267,0.135,0.33399999999999996,0.431,0.038,0.201
5522,Taos,NM,Age-adjusted prevalence,34405,29128,0.212,0.28300000000000003,0.059000000000000004,0.095,0.054000000000000006,0.049,0.225,0.107,0.28,0.281,0.028999999999999998,0.11599999999999999
5524,Tarrant,TX,Age-adjusted prevalence,2182947,1635353,0.21100000000000002,0.311,0.06,0.1,0.051,0.053,0.226,0.114,0.309,0.331,0.03,0.146
5526,Tate,MS,Age-adjusted prevalence,28261,22008,0.265,0.39,0.066,0.098,0.061,0.07200000000000001,0.205,0.125,0.34700000000000003,0.364,0.036000000000000004,0.191
5528,Tattnall,GA,Age-adjusted prevalence,24296,19380,0.262,0.41,0.065,0.10400000000000001,0.073,0.08900000000000001,0.203,0.15,0.355,0.408,0.043,0.257
5530,Taylor,FL,Age-adjusted prevalence,21582,17040,0.26,0.384,0.07200000000000001,0.106,0.073,0.09300000000000001,0.203,0.128,0.337,0.409,0.04,0.166
5532,Taylor,GA,Age-adjusted prevalence,7758,6246,0.27699999999999997,0.418,0.063,0.11599999999999999,0.075,0.10099999999999999,0.22399999999999998,0.16,0.342,0.425,0.048,0.29
5534,Taylor,IA,Age-adjusted prevalence,5924,4508,0.242,0.32299999999999995,0.07200000000000001,0.1,0.057,0.066,0.221,0.1,0.313,0.4,0.028999999999999998,0.094
5536,Taylor,KY,Age-adjusted prevalence,26443,20386,,,,,,,,,,,,0.179
5538,Taylor,TX,Age-adjusted prevalence,146836,110949,0.225,0.33,0.066,0.1,0.055,0.061,0.23399999999999999,0.113,0.32899999999999996,0.35700000000000004,0.03,0.1
5540,Taylor,WI,Age-adjusted prevalence,20058,15464,0.23800000000000002,0.3,0.071,0.10800000000000001,0.057999999999999996,0.065,0.233,0.095,0.299,0.441,0.03,0.138
5542,Taylor,WV,Age-adjusted prevalence,16388,13194,0.316,0.384,0.07400000000000001,0.124,0.068,0.091,0.319,0.126,0.371,0.41600000000000004,0.033,0.17800000000000002
5544,Tazewell,IL,Age-adjusted prevalence,129541,101480,0.233,0.303,0.075,0.10400000000000001,0.051,0.061,0.242,0.091,0.311,0.36200000000000004,0.027000000000000003,0.155
5546,Tazewell,VA,Age-adjusted prevalence,39120,31690,0.28300000000000003,0.363,0.073,0.11599999999999999,0.068,0.087,0.28600000000000003,0.124,0.348,0.405,0.036000000000000004,0.14800000000000002
5548,Tehama,CA,Age-adjusted prevalence,64896,49286,0.22699999999999998,0.305,0.068,0.107,0.061,0.068,0.252,0.106,0.303,0.318,0.034,0.11699999999999999
5550,Telfair,GA,Age-adjusted prevalence,10920,9009,0.267,0.428,0.06,0.107,0.081,0.102,0.204,0.17600000000000002,0.353,0.429,0.05,0.312
5552,Teller,CO,Age-adjusted prevalence,24617,20694,0.221,0.253,0.077,0.11,0.047,0.049,0.23800000000000002,0.071,0.284,0.23399999999999999,0.025,0.124
5554,Tensas,LA,Age-adjusted prevalence,3764,2991,0.298,0.474,0.057,0.11699999999999999,0.081,0.107,0.271,0.18100000000000002,0.345,0.49200000000000005,0.054000000000000006,0.326
5556,Terrebonne,LA,Age-adjusted prevalence,103616,77948,0.272,0.37799999999999995,0.067,0.10400000000000001,0.066,0.079,0.28,0.132,0.341,0.41,0.037000000000000005,0.166
5558,Terrell,GA,Age-adjusted prevalence,8718,6786,0.273,0.43799999999999994,0.057,0.12,0.07400000000000001,0.094,0.204,0.17300000000000001,0.342,0.441,0.05,0.257
5560,Terrell,TX,Age-adjusted prevalence,687,556,0.18899999999999997,0.294,0.057999999999999996,0.087,0.046,0.039,0.203,0.10400000000000001,0.317,0.34299999999999997,0.024,0.076
5562,Terry,TX,Age-adjusted prevalence,11547,8240,0.23,0.355,0.055999999999999994,0.09699999999999999,0.068,0.075,0.222,0.151,0.33899999999999997,0.41200000000000003,0.038,0.22899999999999998
5564,Teton,ID,Age-adjusted prevalence,12549,9883,0.223,0.27,0.073,0.099,0.048,0.048,0.21,0.08,0.28300000000000003,0.308,0.025,0.068
5566,Teton,MT,Age-adjusted prevalence,6430,4837,0.24,0.281,0.07400000000000001,0.114,0.054000000000000006,0.063,0.255,0.083,0.28600000000000003,0.313,0.028999999999999998,0.174
5568,Teton,WY,Age-adjusted prevalence,23232,19340,0.195,0.243,0.076,0.09,0.043,0.04,0.184,0.073,0.266,0.235,0.022000000000000002,0.052000000000000005
5570,Texas,MO,Age-adjusted prevalence,25619,20067,0.28,0.379,0.07400000000000001,0.11,0.07200000000000001,0.1,0.268,0.127,0.33399999999999996,0.42200000000000004,0.039,0.19
5572,Texas,OK,Age-adjusted prevalence,20371,14549,0.235,0.37,0.06,0.102,0.068,0.07,0.222,0.132,0.34600000000000003,0.445,0.035,0.163
5574,Thayer,NE,Age-adjusted prevalence,4829,3720,0.225,0.302,0.07400000000000001,0.095,0.057,0.064,0.191,0.09699999999999999,0.28800000000000003,0.402,0.03,0.175
5576,Thomas,GA,Age-adjusted prevalence,45649,34945,0.248,0.379,0.064,0.109,0.06,0.07,0.207,0.131,0.34,0.39299999999999996,0.037000000000000005,0.21600000000000003
5578,Thomas,KS,Age-adjusted prevalence,7865,5942,0.22899999999999998,0.301,0.073,0.1,0.052000000000000005,0.057,0.21600000000000003,0.09,0.304,0.365,0.027000000000000003,0.139
5580,Thomas,NE,Age-adjusted prevalence,677,525,0.212,0.28300000000000003,0.07400000000000001,0.092,0.048,0.051,0.182,0.083,0.281,0.37200000000000005,0.025,0.149
5582,Throckmorton,TX,Age-adjusted prevalence,1526,1159,0.235,0.332,0.07,0.10300000000000001,0.06,0.07,0.256,0.11,0.326,0.363,0.032,0.205
5584,Thurston,NE,Age-adjusted prevalence,6557,4284,0.22899999999999998,0.355,0.068,0.113,0.066,0.075,0.182,0.131,0.28,0.46299999999999997,0.038,0.147
5586,Thurston,WA,Age-adjusted prevalence,299003,237569,0.249,0.308,0.07400000000000001,0.113,0.048,0.046,0.28,0.08900000000000001,0.317,0.311,0.026000000000000002,0.07200000000000001
5588,Tift,GA,Age-adjusted prevalence,41554,31354,0.259,0.385,0.065,0.107,0.065,0.078,0.214,0.14300000000000002,0.34299999999999997,0.397,0.039,0.142
5590,Tillamook,OR,Age-adjusted prevalence,27417,22499,0.243,0.28800000000000003,0.075,0.121,0.055999999999999994,0.065,0.276,0.09699999999999999,0.28600000000000003,0.321,0.03,0.183
5592,Tillman,OK,Age-adjusted prevalence,6869,5259,0.253,0.37,0.065,0.11199999999999999,0.068,0.078,0.247,0.129,0.34299999999999997,0.442,0.036000000000000004,0.21100000000000002
5594,Tioga,NY,Age-adjusted prevalence,47715,38115,0.237,0.302,0.076,0.11199999999999999,0.054000000000000006,0.064,0.226,0.086,0.325,0.305,0.028999999999999998,0.183
5596,Tioga,PA,Age-adjusted prevalence,40840,32882,,,,,,,,,,,,0.135
5598,Tippah,MS,Age-adjusted prevalence,21287,16342,0.276,0.397,0.07,0.099,0.067,0.085,0.221,0.131,0.34700000000000003,0.435,0.039,0.266
5600,Tippecanoe,IN,Age-adjusted prevalence,188792,150623,0.248,0.335,0.07200000000000001,0.10800000000000001,0.061,0.07200000000000001,0.23800000000000002,0.11599999999999999,0.359,0.308,0.031,0.096
5602,Tipton,IN,Age-adjusted prevalence,15256,12151,0.256,0.32899999999999996,0.07400000000000001,0.11199999999999999,0.057,0.07,0.267,0.10400000000000001,0.33399999999999996,0.365,0.027999999999999997,0.141
5604,Tipton,TN,Age-adjusted prevalence,62015,47484,0.27899999999999997,0.386,0.07,0.113,0.061,0.078,0.294,0.12300000000000001,0.345,0.436,0.034,0.16699999999999998
5606,Tishomingo,MS,Age-adjusted prevalence,18507,14543,0.284,0.382,0.07400000000000001,0.098,0.068,0.087,0.235,0.11900000000000001,0.35,0.39399999999999996,0.037000000000000005,0.198
5608,Titus,TX,Age-adjusted prevalence,31357,22569,0.231,0.35100000000000003,0.06,0.102,0.065,0.075,0.22899999999999998,0.14,0.331,0.38799999999999996,0.037000000000000005,0.182
5610,Todd,KY,Age-adjusted prevalence,12494,9127,,,,,,,,,,,,0.217
5612,Todd,MN,Age-adjusted prevalence,25667,19382,0.215,0.302,0.071,0.102,0.059000000000000004,0.063,0.26,0.099,0.292,0.396,0.032,0.114
5614,Todd,SD,Age-adjusted prevalence,9199,5411,0.301,0.41700000000000004,0.064,0.151,0.109,0.14300000000000002,0.23399999999999999,0.22899999999999998,0.297,0.502,0.07,0.445
5616,Tom Green,TX,Age-adjusted prevalence,119057,90938,0.22399999999999998,0.327,0.062,0.096,0.055999999999999994,0.057999999999999996,0.23399999999999999,0.11900000000000001,0.32299999999999995,0.375,0.03,0.107
5618,Tompkins,NY,Age-adjusted prevalence,103558,89113,0.228,0.27899999999999997,0.078,0.106,0.048,0.05,0.226,0.08199999999999999,0.298,0.276,0.025,0.135
5620,Tooele,UT,Age-adjusted prevalence,82051,56930,0.244,0.303,0.07200000000000001,0.113,0.048,0.048,0.273,0.094,0.29100000000000004,0.373,0.026000000000000002,0.1
5622,Toole,MT,Age-adjusted prevalence,5133,4036,0.251,0.314,0.071,0.11,0.065,0.079,0.237,0.10300000000000001,0.28600000000000003,0.354,0.036000000000000004,0.18600000000000003
5624,Toombs,GA,Age-adjusted prevalence,27040,19850,0.262,0.379,0.066,0.10800000000000001,0.065,0.08,0.214,0.136,0.34299999999999997,0.409,0.039,0.247
5626,Torrance,NM,Age-adjusted prevalence,15633,12406,0.244,0.332,0.061,0.102,0.07,0.075,0.256,0.13,0.308,0.34700000000000003,0.038,0.174
5628,Towner,ND,Age-adjusted prevalence,2030,1581,0.252,0.32799999999999996,0.07200000000000001,0.10800000000000001,0.063,0.07,0.223,0.10400000000000001,0.308,0.439,0.033,0.083
5630,Towns,GA,Age-adjusted prevalence,13035,11309,0.23800000000000002,0.32799999999999996,0.077,0.1,0.055999999999999994,0.065,0.23399999999999999,0.10300000000000001,0.335,0.33,0.028999999999999998,0.18899999999999997
5632,Traill,ND,Age-adjusted prevalence,7908,6099,0.228,0.29100000000000004,0.07400000000000001,0.099,0.051,0.051,0.207,0.085,0.294,0.38799999999999996,0.026000000000000002,0.09300000000000001
5634,Transylvania,NC,Age-adjusted prevalence,33549,28383,0.243,0.32,0.076,0.106,0.054000000000000006,0.061,0.27,0.08900000000000001,0.313,0.344,0.027999999999999997,0.11599999999999999
5636,Traverse,MN,Age-adjusted prevalence,3136,2467,0.21100000000000002,0.294,0.07200000000000001,0.10400000000000001,0.057,0.057,0.254,0.09699999999999999,0.295,0.39299999999999996,0.03,0.09699999999999999
5638,Travis,TX,Age-adjusted prevalence,1334961,1071849,0.18899999999999997,0.28,0.063,0.091,0.046,0.042,0.21600000000000003,0.095,0.324,0.301,0.025,0.09
5640,Treasure,MT,Age-adjusted prevalence,772,586,0.242,0.289,0.07400000000000001,0.113,0.053,0.061,0.251,0.083,0.268,0.341,0.028999999999999998,0.1
5642,Trego,KS,Age-adjusted prevalence,2731,2207,0.23600000000000002,0.299,0.07400000000000001,0.099,0.052000000000000005,0.057,0.21600000000000003,0.087,0.302,0.40299999999999997,0.026000000000000002,0.136
5644,Trempealeau,WI,Age-adjusted prevalence,30899,22713,0.235,0.29600000000000004,0.071,0.107,0.057,0.061,0.245,0.098,0.294,0.41100000000000003,0.028999999999999998,0.129
5646,Treutlen,GA,Age-adjusted prevalence,6341,4946,0.272,0.41,0.065,0.114,0.078,0.105,0.225,0.161,0.355,0.41600000000000004,0.048,0.275
5648,Trigg,KY,Age-adjusted prevalence,14369,11280,,,,,,,,,,,,0.23399999999999999
5650,Trimble,KY,Age-adjusted prevalence,8607,6709,,,,,,,,,,,,0.16899999999999998
5652,Trinity,CA,Age-adjusted prevalence,15670,12928,0.24100000000000002,0.322,0.07200000000000001,0.113,0.066,0.078,0.27699999999999997,0.107,0.316,0.332,0.036000000000000004,0.16699999999999998
5654,Trinity,TX,Age-adjusted prevalence,14228,11401,0.244,0.34600000000000003,0.068,0.109,0.062,0.077,0.259,0.11800000000000001,0.324,0.37799999999999995,0.035,0.193
5656,Tripp,SD,Age-adjusted prevalence,5621,4341,0.243,0.321,0.075,0.111,0.066,0.077,0.22399999999999998,0.11599999999999999,0.303,0.37799999999999995,0.036000000000000004,0.205
5658,Troup,GA,Age-adjusted prevalence,70742,53548,0.24600000000000002,0.376,0.064,0.109,0.061,0.073,0.21100000000000002,0.133,0.32299999999999995,0.359,0.038,0.14300000000000002
5660,Trousdale,TN,Age-adjusted prevalence,12271,9953,0.27899999999999997,0.373,0.069,0.106,0.064,0.084,0.28600000000000003,0.12300000000000001,0.344,0.39299999999999996,0.035,0.191
5662,Trumbull,OH,Age-adjusted prevalence,200373,159197,0.285,0.33799999999999997,0.073,0.114,0.065,0.08199999999999999,0.272,0.121,0.321,0.39799999999999996,0.034,0.158
5664,Tucker,WV,Age-adjusted prevalence,6604,5662,0.318,0.379,0.075,0.122,0.064,0.083,0.322,0.11900000000000001,0.36,0.39,0.031,0.2
5666,Tulare,CA,Age-adjusted prevalence,479468,338551,0.203,0.314,0.055,0.1,0.062,0.06,0.221,0.131,0.321,0.353,0.035,0.157
5668,Tulsa,OK,Age-adjusted prevalence,682868,513124,0.23,0.33799999999999997,0.067,0.113,0.06,0.067,0.275,0.10800000000000001,0.318,0.359,0.032,0.16399999999999998
5670,Tunica,MS,Age-adjusted prevalence,9234,6698,0.297,0.512,0.052000000000000005,0.11699999999999999,0.08,0.105,0.187,0.19899999999999998,0.34299999999999997,0.508,0.059000000000000004,0.312
5672,Tuolumne,CA,Age-adjusted prevalence,54204,44852,0.213,0.28800000000000003,0.073,0.105,0.053,0.055999999999999994,0.255,0.08900000000000001,0.306,0.292,0.028999999999999998,0.08199999999999999
5674,Turner,GA,Age-adjusted prevalence,8909,6668,0.273,0.41200000000000003,0.063,0.115,0.07200000000000001,0.094,0.217,0.156,0.348,0.449,0.046,0.237
5676,Turner,SD,Age-adjusted prevalence,9027,6748,0.222,0.287,0.077,0.10099999999999999,0.055,0.057,0.217,0.09300000000000001,0.293,0.33899999999999997,0.027999999999999997,0.11800000000000001
5678,Tuscaloosa,AL,Age-adjusted prevalence,237373,189087,0.267,0.408,0.067,0.102,0.059000000000000004,0.067,0.247,0.124,0.37,0.43200000000000005,0.035,0.15
5680,Tuscarawas,OH,Age-adjusted prevalence,91874,70742,0.253,0.34299999999999997,0.075,0.113,0.062,0.08,0.262,0.11,0.301,0.434,0.032,0.17600000000000002
5682,Tuscola,MI,Age-adjusted prevalence,52826,42309,0.266,0.326,0.076,0.11699999999999999,0.062,0.081,0.29100000000000004,0.10099999999999999,0.309,0.414,0.032,0.196
5684,Twiggs,GA,Age-adjusted prevalence,7691,6243,0.253,0.39,0.061,0.11199999999999999,0.064,0.078,0.20800000000000002,0.13699999999999998,0.34,0.395,0.040999999999999995,0.205
5686,Twin Falls,ID,Age-adjusted prevalence,95156,70457,0.24600000000000002,0.284,0.07,0.111,0.055999999999999994,0.065,0.242,0.099,0.259,0.335,0.031,0.192
5688,Tyler,TX,Age-adjusted prevalence,20382,16475,0.247,0.37,0.067,0.10800000000000001,0.068,0.08800000000000001,0.253,0.127,0.337,0.39399999999999996,0.039,0.147
5690,Tyler,WV,Age-adjusted prevalence,7919,6382,0.322,0.389,0.075,0.12300000000000001,0.067,0.09,0.324,0.128,0.37200000000000005,0.425,0.033,0.179
5692,Tyrrell,NC,Age-adjusted prevalence,3461,2772,0.258,0.38299999999999995,0.061,0.11199999999999999,0.068,0.08199999999999999,0.245,0.133,0.322,0.413,0.040999999999999995,0.19899999999999998
5694,Uinta,WY,Age-adjusted prevalence,20745,15278,0.218,0.27899999999999997,0.07400000000000001,0.10300000000000001,0.054000000000000006,0.062,0.215,0.09300000000000001,0.28800000000000003,0.341,0.027999999999999997,0.133
5696,Uintah,UT,Age-adjusted prevalence,37747,26247,0.258,0.302,0.075,0.115,0.057,0.063,0.272,0.102,0.297,0.354,0.031,0.172
5698,Ulster,NY,Age-adjusted prevalence,182333,151636,0.226,0.317,0.073,0.105,0.052000000000000005,0.055999999999999994,0.203,0.08800000000000001,0.316,0.306,0.027999999999999997,0.109
5700,Umatilla,OR,Age-adjusted prevalence,80053,60628,0.255,0.304,0.07,0.12,0.061,0.07,0.23800000000000002,0.114,0.287,0.379,0.032,0.132
5702,Unicoi,TN,Age-adjusted prevalence,17756,14576,0.29100000000000004,0.377,0.075,0.111,0.07,0.096,0.317,0.126,0.354,0.391,0.036000000000000004,0.158
5704,Union,AR,Age-adjusted prevalence,37397,28421,0.258,0.41,0.064,0.11,0.067,0.08,0.247,0.13,0.33899999999999997,0.39399999999999996,0.039,0.21
5706,Union,FL,Age-adjusted prevalence,15532,12084,0.253,0.382,0.071,0.10300000000000001,0.073,0.09,0.207,0.129,0.35100000000000003,0.415,0.04,0.153
5708,Union,GA,Age-adjusted prevalence,27124,23066,0.244,0.326,0.076,0.099,0.057,0.066,0.23399999999999999,0.102,0.33299999999999996,0.348,0.03,0.105
5710,Union,IA,Age-adjusted prevalence,11906,9293,0.23800000000000002,0.319,0.07400000000000001,0.102,0.055999999999999994,0.065,0.218,0.098,0.309,0.376,0.028999999999999998,0.109
5712,Union,IL,Age-adjusted prevalence,16667,13274,0.249,0.33,0.07200000000000001,0.10800000000000001,0.062,0.08,0.244,0.109,0.32,0.39799999999999996,0.033,0.204
5714,Union,IN,Age-adjusted prevalence,6973,5517,0.256,0.327,0.07400000000000001,0.113,0.055,0.069,0.27,0.10099999999999999,0.33399999999999996,0.374,0.027999999999999997,0.162
5716,Union,KY,Age-adjusted prevalence,13106,10559,,,,,,,,,,,,0.195
5718,Union,LA,Age-adjusted prevalence,20650,16318,0.28300000000000003,0.41,0.067,0.107,0.07200000000000001,0.094,0.28800000000000003,0.14300000000000002,0.353,0.37200000000000005,0.042,0.185
5720,Union,MS,Age-adjusted prevalence,28284,21239,0.268,0.39399999999999996,0.071,0.098,0.064,0.08199999999999999,0.22,0.12300000000000001,0.365,0.415,0.037000000000000005,0.22699999999999998
5722,Union,NC,Age-adjusted prevalence,256452,191719,0.223,0.31,0.069,0.102,0.05,0.052000000000000005,0.24600000000000002,0.09300000000000001,0.32,0.33,0.027000000000000003,0.142
5724,Union,NJ,Age-adjusted prevalence,572726,439083,0.172,0.308,0.055999999999999994,0.09,0.048,0.045,0.147,0.102,0.337,0.294,0.027999999999999997,0.11900000000000001
5726,Union,NM,Age-adjusted prevalence,3964,3169,0.226,0.322,0.062,0.09699999999999999,0.064,0.067,0.23199999999999998,0.11800000000000001,0.3,0.34700000000000003,0.035,0.195
5728,Union,OH,Age-adjusted prevalence,69637,53037,0.243,0.302,0.075,0.10300000000000001,0.049,0.053,0.244,0.09300000000000001,0.315,0.39,0.024,0.07200000000000001
5730,Union,OR,Age-adjusted prevalence,25944,20317,0.267,0.313,0.077,0.124,0.06,0.07,0.287,0.10099999999999999,0.292,0.368,0.031,0.155
5732,Union,PA,Age-adjusted prevalence,42042,34751,,,,,,,,,,,,0.153
5734,Union,SC,Age-adjusted prevalence,26629,21101,0.281,0.406,0.067,0.11,0.07,0.096,0.249,0.15,0.345,0.43799999999999994,0.044000000000000004,0.18
5736,Union,SD,Age-adjusted prevalence,17183,13101,0.20600000000000002,0.272,0.078,0.09699999999999999,0.05,0.049,0.209,0.086,0.29100000000000004,0.31,0.025,0.139
5738,Union,TN,Age-adjusted prevalence,20741,16391,0.284,0.35600000000000004,0.07400000000000001,0.11199999999999999,0.065,0.09,0.313,0.11699999999999999,0.34299999999999997,0.397,0.034,0.20199999999999999
5740,Upshur,TX,Age-adjusted prevalence,43281,32998,0.242,0.337,0.069,0.10800000000000001,0.061,0.075,0.26,0.114,0.326,0.373,0.034,0.128
5742,Upshur,WV,Age-adjusted prevalence,23529,18726,0.322,0.39,0.07400000000000001,0.124,0.07,0.095,0.321,0.133,0.371,0.371,0.035,0.228
5744,Upson,GA,Age-adjusted prevalence,28263,21805,0.248,0.374,0.066,0.11,0.064,0.08,0.221,0.135,0.33299999999999996,0.391,0.039,0.209
5746,Upton,TX,Age-adjusted prevalence,3109,2293,0.22699999999999998,0.349,0.055999999999999994,0.098,0.066,0.07200000000000001,0.226,0.14800000000000002,0.331,0.41200000000000003,0.037000000000000005,0.166
5748,Utah,UT,Age-adjusted prevalence,719174,495249,0.21600000000000003,0.27899999999999997,0.079,0.098,0.049,0.044000000000000004,0.251,0.08800000000000001,0.293,0.316,0.026000000000000002,0.084
5750,Uvalde,TX,Age-adjusted prevalence,24960,18337,0.213,0.337,0.054000000000000006,0.092,0.061,0.06,0.21,0.146,0.33,0.41,0.033,0.19399999999999998
5752,Val Verde,TX,Age-adjusted prevalence,47720,34333,0.205,0.33299999999999996,0.047,0.08800000000000001,0.062,0.055,0.19399999999999998,0.157,0.33399999999999996,0.38799999999999996,0.034,0.141
5754,Valencia,NM,Age-adjusted prevalence,79141,61087,0.218,0.31,0.055999999999999994,0.096,0.06,0.055999999999999994,0.225,0.124,0.303,0.35600000000000004,0.032,0.134
5756,Valley,ID,Age-adjusted prevalence,12644,10405,0.24,0.298,0.07400000000000001,0.109,0.057,0.063,0.233,0.092,0.28300000000000003,0.33299999999999996,0.03,0.124
5758,Valley,MT,Age-adjusted prevalence,7474,5820,0.255,0.314,0.075,0.11599999999999999,0.055,0.064,0.253,0.086,0.285,0.332,0.031,0.121
5760,Valley,NE,Age-adjusted prevalence,4012,3070,0.22699999999999998,0.303,0.07400000000000001,0.095,0.055999999999999994,0.061,0.183,0.095,0.28300000000000003,0.42200000000000004,0.028999999999999998,0.09300000000000001
5762,Van Buren,AR,Age-adjusted prevalence,16142,13054,0.264,0.376,0.073,0.106,0.073,0.094,0.273,0.115,0.336,0.395,0.037000000000000005,0.203
5764,Van Buren,IA,Age-adjusted prevalence,7266,5528,0.248,0.32799999999999996,0.07400000000000001,0.106,0.062,0.076,0.22899999999999998,0.105,0.302,0.395,0.032,0.139
5766,Van Buren,MI,Age-adjusted prevalence,75798,58504,0.26899999999999996,0.327,0.075,0.11699999999999999,0.061,0.078,0.28600000000000003,0.10800000000000001,0.309,0.392,0.032,0.092
5768,Van Buren,TN,Age-adjusted prevalence,6493,5159,0.29100000000000004,0.368,0.07400000000000001,0.11199999999999999,0.067,0.092,0.317,0.11800000000000001,0.349,0.387,0.034,0.174
5770,Van Wert,OH,Age-adjusted prevalence,28704,22097,0.257,0.33299999999999996,0.075,0.109,0.059000000000000004,0.07200000000000001,0.271,0.106,0.305,0.374,0.028999999999999998,0.11699999999999999
5772,Van Zandt,TX,Age-adjusted prevalence,64000,49331,0.23399999999999999,0.32899999999999996,0.07,0.105,0.057999999999999996,0.069,0.261,0.107,0.33,0.359,0.031,0.20199999999999999
5774,Vance,NC,Age-adjusted prevalence,42301,32113,0.26,0.4,0.057999999999999996,0.121,0.064,0.078,0.24100000000000002,0.139,0.318,0.428,0.042,0.209
5776,Vanderburgh,IN,Age-adjusted prevalence,179810,140992,0.265,0.35100000000000003,0.073,0.11599999999999999,0.06,0.076,0.27899999999999997,0.11199999999999999,0.336,0.386,0.031,0.212
5778,Venango,PA,Age-adjusted prevalence,49431,39983,,,,,,,,,,,,0.121
5780,Ventura,CA,Age-adjusted prevalence,829590,651461,0.18,0.273,0.061,0.095,0.048,0.045,0.21100000000000002,0.099,0.314,0.257,0.027000000000000003,0.11599999999999999
5782,Vermilion,IL,Age-adjusted prevalence,71652,54905,0.252,0.36700000000000005,0.069,0.11,0.062,0.08,0.24,0.11699999999999999,0.331,0.441,0.035,0.174
5784,Vermilion,LA,Age-adjusted prevalence,56992,42588,0.276,0.386,0.068,0.10400000000000001,0.068,0.087,0.29600000000000004,0.128,0.348,0.426,0.038,0.179
5786,Vermillion,IN,Age-adjusted prevalence,15417,12095,0.28,0.353,0.075,0.11599999999999999,0.064,0.084,0.276,0.115,0.33899999999999997,0.40399999999999997,0.032,0.183
5788,Vernon,LA,Age-adjusted prevalence,46250,34491,0.27399999999999997,0.392,0.069,0.1,0.066,0.08,0.27399999999999997,0.126,0.359,0.39399999999999996,0.036000000000000004,0.19399999999999998
5790,Vernon,MO,Age-adjusted prevalence,19710,15019,0.276,0.348,0.07400000000000001,0.113,0.068,0.09300000000000001,0.281,0.115,0.336,0.381,0.036000000000000004,0.243
5792,Vernon,WI,Age-adjusted prevalence,31170,23135,0.24100000000000002,0.295,0.071,0.11199999999999999,0.06,0.067,0.247,0.09699999999999999,0.295,0.387,0.031,0.128
5794,Victoria,TX,Age-adjusted prevalence,91664,68723,0.215,0.324,0.059000000000000004,0.09699999999999999,0.057999999999999996,0.061,0.221,0.129,0.32,0.376,0.032,0.193
5796,Vigo,IN,Age-adjusted prevalence,106153,84369,0.278,0.363,0.073,0.11599999999999999,0.066,0.08900000000000001,0.26899999999999996,0.128,0.35200000000000004,0.426,0.034,0.233
5798,Vilas,WI,Age-adjusted prevalence,23885,20060,0.22899999999999998,0.29600000000000004,0.073,0.113,0.055,0.055999999999999994,0.254,0.08900000000000001,0.303,0.38299999999999995,0.027999999999999997,0.09699999999999999
5800,Vinton,OH,Age-adjusted prevalence,12474,9815,0.28,0.354,0.075,0.11800000000000001,0.07,0.094,0.294,0.12300000000000001,0.33,0.397,0.035,0.237
5802,Virginia Beach,VA,Age-adjusted prevalence,453649,355216,0.233,0.331,0.067,0.106,0.05,0.051,0.23600000000000002,0.11199999999999999,0.359,0.366,0.027999999999999997,0.085
5804,Volusia,FL,Age-adjusted prevalence,590357,487914,0.21899999999999997,0.319,0.07400000000000001,0.10099999999999999,0.057,0.064,0.204,0.10300000000000001,0.32799999999999996,0.332,0.03,0.145
5806,Wabash,IL,Age-adjusted prevalence,10942,8679,0.24600000000000002,0.322,0.07400000000000001,0.107,0.059000000000000004,0.075,0.244,0.10400000000000001,0.317,0.402,0.032,0.18899999999999997
5808,Wabash,IN,Age-adjusted prevalence,30670,24213,0.266,0.337,0.075,0.115,0.059000000000000004,0.078,0.262,0.10800000000000001,0.33,0.384,0.03,0.175
5810,Wabasha,MN,Age-adjusted prevalence,21683,16964,0.20800000000000002,0.263,0.07400000000000001,0.10099999999999999,0.05,0.049,0.244,0.085,0.28,0.375,0.026000000000000002,0.087
5812,Wabaunsee,KS,Age-adjusted prevalence,7057,5423,0.23199999999999998,0.298,0.07200000000000001,0.10099999999999999,0.053,0.057999999999999996,0.215,0.08900000000000001,0.303,0.353,0.027000000000000003,0.128
5814,Wadena,MN,Age-adjusted prevalence,14241,10464,0.22399999999999998,0.292,0.073,0.107,0.059000000000000004,0.064,0.268,0.10099999999999999,0.282,0.385,0.032,0.16
5816,Wagoner,OK,Age-adjusted prevalence,89280,68338,0.249,0.35100000000000003,0.071,0.11199999999999999,0.057999999999999996,0.064,0.252,0.10300000000000001,0.325,0.358,0.03,0.102
5818,Wahkiakum,WA,Age-adjusted prevalence,4765,3987,0.26899999999999996,0.31,0.076,0.11900000000000001,0.059000000000000004,0.062,0.28600000000000003,0.09699999999999999,0.319,0.39399999999999996,0.032,0.13699999999999998
5820,Wake,NC,Age-adjusted prevalence,1190275,919538,0.20600000000000002,0.312,0.067,0.1,0.045,0.044000000000000004,0.231,0.09,0.317,0.289,0.025,0.073
5822,Wakulla,FL,Age-adjusted prevalence,36449,28876,0.239,0.33799999999999997,0.077,0.1,0.059000000000000004,0.067,0.185,0.10800000000000001,0.336,0.382,0.031,0.14
5824,Waldo,ME,Age-adjusted prevalence,40620,33502,0.263,0.28600000000000003,0.07400000000000001,0.135,0.057,0.068,0.304,0.086,0.314,0.341,0.027999999999999997,0.19699999999999998
5826,Walker,AL,Age-adjusted prevalence,64728,49914,0.285,0.386,0.07400000000000001,0.10400000000000001,0.067,0.085,0.278,0.122,0.35100000000000003,0.35700000000000004,0.035,0.17
5828,Walker,GA,Age-adjusted prevalence,69489,54798,0.255,0.345,0.07400000000000001,0.10300000000000001,0.06,0.07400000000000001,0.226,0.111,0.34,0.37799999999999995,0.033,0.14
5830,Walker,TX,Age-adjusted prevalence,81268,69285,0.231,0.377,0.062,0.1,0.066,0.07400000000000001,0.223,0.138,0.32899999999999996,0.406,0.038,0.214
5832,Walla Walla,WA,Age-adjusted prevalence,61568,48966,0.225,0.284,0.07,0.111,0.052000000000000005,0.052000000000000005,0.256,0.092,0.303,0.354,0.028999999999999998,0.11199999999999999
5834,Wallace,KS,Age-adjusted prevalence,1509,1087,0.245,0.316,0.07200000000000001,0.10300000000000001,0.059000000000000004,0.068,0.223,0.102,0.315,0.373,0.03,0.12
5836,Waller,TX,Age-adjusted prevalence,63553,48491,0.217,0.337,0.06,0.1,0.055999999999999994,0.057999999999999996,0.214,0.122,0.324,0.386,0.032,0.132
5838,Wallowa,OR,Age-adjusted prevalence,7674,6171,0.247,0.28800000000000003,0.078,0.121,0.052000000000000005,0.057999999999999996,0.284,0.087,0.29100000000000004,0.341,0.027000000000000003,0.079
5840,Walsh,ND,Age-adjusted prevalence,10305,7893,0.24100000000000002,0.301,0.071,0.10099999999999999,0.057,0.06,0.209,0.094,0.295,0.36,0.03,0.136
5842,Walthall,MS,Age-adjusted prevalence,13863,10730,0.28,0.43700000000000006,0.062,0.105,0.068,0.086,0.203,0.14400000000000002,0.348,0.43200000000000005,0.043,0.226
5844,Walton,FL,Age-adjusted prevalence,86354,68437,0.23199999999999998,0.304,0.079,0.095,0.055999999999999994,0.062,0.19699999999999998,0.09699999999999999,0.331,0.29600000000000004,0.027999999999999997,0.133
5846,Walton,GA,Age-adjusted prevalence,106702,81495,0.239,0.34600000000000003,0.069,0.10300000000000001,0.055999999999999994,0.064,0.21,0.113,0.33,0.381,0.032,0.111
5848,Walworth,SD,Age-adjusted prevalence,5269,4009,0.23,0.295,0.076,0.105,0.057999999999999996,0.061,0.215,0.102,0.295,0.34700000000000003,0.031,0.14300000000000002
5850,Walworth,WI,Age-adjusted prevalence,105822,85648,0.221,0.285,0.07,0.105,0.054000000000000006,0.054000000000000006,0.228,0.092,0.295,0.39299999999999996,0.027000000000000003,0.061
5852,Wapello,IA,Age-adjusted prevalence,35166,26771,0.245,0.318,0.07,0.10300000000000001,0.061,0.073,0.21100000000000002,0.115,0.32,0.419,0.033,0.157
5854,Ward,ND,Age-adjusted prevalence,68332,51945,0.24100000000000002,0.314,0.073,0.1,0.051,0.051,0.20600000000000002,0.08800000000000001,0.3,0.34700000000000003,0.026000000000000002,0.11699999999999999
5856,Ward,TX,Age-adjusted prevalence,10966,7825,0.21600000000000003,0.33299999999999996,0.055,0.094,0.059000000000000004,0.06,0.215,0.135,0.33,0.37799999999999995,0.033,0.209
5858,Ware,GA,Age-adjusted prevalence,36243,27189,0.257,0.4,0.065,0.109,0.07,0.08800000000000001,0.225,0.147,0.344,0.415,0.042,0.276
5860,Warren,GA,Age-adjusted prevalence,5106,4068,0.259,0.42700000000000005,0.057999999999999996,0.11599999999999999,0.066,0.081,0.203,0.155,0.33,0.43799999999999994,0.045,0.268
5862,Warren,IA,Age-adjusted prevalence,55205,41762,0.22699999999999998,0.29,0.076,0.09699999999999999,0.047,0.05,0.21100000000000002,0.084,0.309,0.387,0.024,0.08
5864,Warren,IL,Age-adjusted prevalence,16185,12565,0.23800000000000002,0.316,0.071,0.10400000000000001,0.055999999999999994,0.068,0.233,0.10300000000000001,0.316,0.379,0.03,0.11800000000000001
5866,Warren,IN,Age-adjusted prevalence,8518,6645,0.262,0.337,0.075,0.114,0.06,0.077,0.273,0.109,0.34,0.414,0.03,0.126
5868,Warren,KY,Age-adjusted prevalence,142229,108754,,,,,,,,,,,,0.162
5870,Warren,MO,Age-adjusted prevalence,37806,29200,0.258,0.32899999999999996,0.07400000000000001,0.106,0.057,0.073,0.26,0.1,0.324,0.387,0.03,0.185
5872,Warren,MS,Age-adjusted prevalence,42298,32439,0.261,0.415,0.061,0.102,0.059000000000000004,0.069,0.191,0.135,0.32899999999999996,0.43799999999999994,0.039,0.179
5874,Warren,NC,Age-adjusted prevalence,18836,15503,0.266,0.415,0.057999999999999996,0.121,0.07,0.085,0.24,0.14800000000000002,0.318,0.44299999999999995,0.046,0.221
5876,Warren,NJ,Age-adjusted prevalence,111252,89862,0.213,0.29100000000000004,0.07200000000000001,0.09300000000000001,0.047,0.047,0.187,0.08,0.335,0.32299999999999995,0.025,0.086
5878,Warren,NY,Age-adjusted prevalence,65380,54087,0.231,0.287,0.076,0.111,0.05,0.057,0.226,0.083,0.308,0.309,0.026000000000000002,0.142
5880,Warren,OH,Age-adjusted prevalence,252148,192654,0.23199999999999998,0.28800000000000003,0.075,0.099,0.049,0.051,0.233,0.094,0.307,0.321,0.024,0.10800000000000001
5882,Warren,PA,Age-adjusted prevalence,37572,30176,,,,,,,,,,,,0.166
5884,Warren,TN,Age-adjusted prevalence,42638,32817,0.292,0.376,0.07200000000000001,0.11199999999999999,0.067,0.09300000000000001,0.307,0.131,0.341,0.42,0.036000000000000004,0.278
5886,Warren,VA,Age-adjusted prevalence,41843,32854,0.249,0.322,0.07200000000000001,0.10800000000000001,0.057999999999999996,0.066,0.251,0.107,0.32899999999999996,0.377,0.03,0.154
5888,Warrick,IN,Age-adjusted prevalence,65867,50898,0.242,0.305,0.075,0.107,0.05,0.057,0.259,0.095,0.342,0.33799999999999997,0.025,0.113
5890,Wasatch,UT,Age-adjusted prevalence,37144,26748,0.20800000000000002,0.249,0.076,0.1,0.045,0.040999999999999995,0.228,0.07400000000000001,0.276,0.24100000000000002,0.023,0.122
5892,Wasco,OR,Age-adjusted prevalence,26333,20804,0.252,0.3,0.07200000000000001,0.122,0.06,0.07,0.276,0.109,0.297,0.38,0.032,0.209
5894,Waseca,MN,Age-adjusted prevalence,18981,14718,0.21,0.281,0.07200000000000001,0.10400000000000001,0.054000000000000006,0.055,0.257,0.095,0.29100000000000004,0.392,0.027999999999999997,0.12
5896,Washakie,WY,Age-adjusted prevalence,7710,6140,0.231,0.287,0.07200000000000001,0.10300000000000001,0.057999999999999996,0.068,0.22,0.10300000000000001,0.287,0.33399999999999996,0.031,0.11900000000000001
5898,Washburn,WI,Age-adjusted prevalence,16930,13886,0.24,0.299,0.071,0.113,0.057999999999999996,0.063,0.24100000000000002,0.09699999999999999,0.308,0.35100000000000003,0.03,0.114
5900,Washington,AL,Age-adjusted prevalence,15022,11806,0.28600000000000003,0.408,0.068,0.107,0.064,0.077,0.255,0.133,0.358,0.41,0.038,0.162
5902,Washington,AR,Age-adjusted prevalence,261549,200987,0.23,0.364,0.068,0.102,0.061,0.068,0.242,0.107,0.326,0.36700000000000005,0.031,0.17
5904,Washington,CO,Age-adjusted prevalence,4855,3732,0.23199999999999998,0.266,0.07400000000000001,0.113,0.053,0.06,0.242,0.08199999999999999,0.29,0.266,0.027999999999999997,0.139
5906,Washington,FL,Age-adjusted prevalence,25602,20435,0.268,0.377,0.075,0.105,0.07200000000000001,0.091,0.21100000000000002,0.126,0.353,0.39799999999999996,0.038,0.17800000000000002
5908,Washington,GA,Age-adjusted prevalence,19820,15608,0.259,0.428,0.057999999999999996,0.111,0.068,0.083,0.2,0.159,0.341,0.43,0.045,0.225
5910,Washington,IA,Age-adjusted prevalence,22560,16984,0.23600000000000002,0.316,0.073,0.099,0.054000000000000006,0.062,0.21899999999999997,0.096,0.306,0.38799999999999996,0.027999999999999997,0.105
5912,Washington,ID,Age-adjusted prevalence,11425,8903,0.255,0.302,0.07,0.113,0.064,0.075,0.237,0.107,0.28800000000000003,0.33799999999999997,0.035,0.193
5914,Washington,IL,Age-adjusted prevalence,13536,10805,0.235,0.3,0.075,0.10300000000000001,0.052000000000000005,0.062,0.237,0.09,0.313,0.36700000000000005,0.027000000000000003,0.114
5916,Washington,IN,Age-adjusted prevalence,28205,21906,0.271,0.369,0.07400000000000001,0.11699999999999999,0.065,0.08900000000000001,0.28600000000000003,0.11900000000000001,0.345,0.41,0.033,0.213
5918,Washington,KS,Age-adjusted prevalence,5504,4139,0.228,0.298,0.07200000000000001,0.099,0.054000000000000006,0.061,0.213,0.08900000000000001,0.311,0.344,0.027000000000000003,0.14
5920,Washington,KY,Age-adjusted prevalence,12267,9420,,,,,,,,,,,,0.209
5922,Washington,LA,Age-adjusted prevalence,44865,34243,0.29100000000000004,0.42100000000000004,0.065,0.109,0.073,0.095,0.28300000000000003,0.149,0.34600000000000003,0.456,0.043,0.245
5924,Washington,MD,Age-adjusted prevalence,155813,122221,0.264,0.348,0.07400000000000001,0.10800000000000001,0.059000000000000004,0.07200000000000001,0.237,0.114,0.309,0.39,0.032,0.14800000000000002
5926,Washington,ME,Age-adjusted prevalence,31555,25717,0.301,0.34,0.073,0.135,0.065,0.084,0.29100000000000004,0.107,0.298,0.39899999999999997,0.032,0.20600000000000002
5928,Washington,MN,Age-adjusted prevalence,278936,212815,0.18100000000000002,0.258,0.073,0.09300000000000001,0.043,0.038,0.235,0.087,0.295,0.321,0.023,0.083
5930,Washington,MO,Age-adjusted prevalence,23534,18183,0.27699999999999997,0.361,0.073,0.11199999999999999,0.07200000000000001,0.10099999999999999,0.27399999999999997,0.122,0.33,0.413,0.038,0.268
5932,Washington,MS,Age-adjusted prevalence,41946,31186,0.289,0.494,0.053,0.113,0.073,0.094,0.177,0.17600000000000002,0.33,0.442,0.054000000000000006,0.235
5934,Washington,NC,Age-adjusted prevalence,10713,8617,0.27899999999999997,0.42,0.06,0.126,0.071,0.09,0.256,0.14800000000000002,0.319,0.441,0.046,0.273
5936,Washington,NE,Age-adjusted prevalence,21152,16193,0.218,0.28800000000000003,0.076,0.09,0.048,0.049,0.187,0.085,0.29600000000000004,0.408,0.025,0.08900000000000001
5938,Washington,NY,Age-adjusted prevalence,60047,49075,0.244,0.3,0.076,0.11199999999999999,0.054000000000000006,0.064,0.217,0.086,0.336,0.312,0.028999999999999998,0.18899999999999997
5940,Washington,OH,Age-adjusted prevalence,58577,47177,0.278,0.348,0.077,0.11,0.063,0.078,0.275,0.10800000000000001,0.309,0.439,0.031,0.18600000000000003
5942,Washington,OK,Age-adjusted prevalence,53706,40761,0.266,0.34700000000000003,0.07200000000000001,0.11699999999999999,0.064,0.07400000000000001,0.27699999999999997,0.11,0.331,0.42700000000000005,0.033,0.221
5944,Washington,OR,Age-adjusted prevalence,598865,472361,0.21,0.284,0.07,0.11199999999999999,0.046,0.047,0.251,0.092,0.307,0.32,0.024,0.11599999999999999
5946,Washington,PA,Age-adjusted prevalence,210232,169190,,,,,,,,,,,,0.126
5948,Washington,RI,Age-adjusted prevalence,129982,110479,0.21600000000000003,0.278,0.077,0.109,0.047,0.051,0.23399999999999999,0.071,0.285,0.28,0.024,0.122
5950,Washington,TN,Age-adjusted prevalence,138420,112911,0.278,0.33799999999999997,0.075,0.109,0.061,0.078,0.318,0.11199999999999999,0.324,0.363,0.031,0.13699999999999998
5952,Washington,TX,Age-adjusted prevalence,37007,29213,0.222,0.32899999999999996,0.066,0.102,0.052000000000000005,0.057,0.23,0.107,0.32,0.37,0.03,0.124
5954,Washington,UT,Age-adjusted prevalence,202452,153718,0.233,0.292,0.076,0.109,0.051,0.051,0.268,0.08800000000000001,0.29100000000000004,0.341,0.027999999999999997,0.107
5956,Washington,VA,Age-adjusted prevalence,54050,44535,0.249,0.324,0.075,0.109,0.057999999999999996,0.068,0.262,0.10300000000000001,0.34,0.384,0.03,0.10300000000000001
5958,Washington,VT,Age-adjusted prevalence,60142,49442,0.22899999999999998,0.253,0.077,0.10800000000000001,0.046,0.051,0.29,0.071,0.276,0.271,0.025,0.127
5960,Washington,WI,Age-adjusted prevalence,138168,109514,0.207,0.272,0.073,0.106,0.049,0.047,0.23600000000000002,0.081,0.294,0.359,0.025,0.09
5962,Washita,OK,Age-adjusted prevalence,10736,8159,0.258,0.348,0.07200000000000001,0.113,0.064,0.076,0.263,0.10800000000000001,0.34,0.395,0.033,0.20800000000000002
5964,Washoe,NV,Age-adjusted prevalence,498022,396438,0.22399999999999998,0.26899999999999996,0.07,0.10400000000000001,0.051,0.057999999999999996,0.21600000000000003,0.08800000000000001,0.326,0.285,0.027999999999999997,0.11599999999999999
5966,Washtenaw,MI,Age-adjusted prevalence,365536,299903,0.21899999999999997,0.28300000000000003,0.07400000000000001,0.107,0.049,0.053,0.267,0.086,0.276,0.29,0.026000000000000002,0.078
5968,Watauga,NC,Age-adjusted prevalence,54748,48121,0.257,0.33799999999999997,0.076,0.10800000000000001,0.063,0.073,0.281,0.105,0.324,0.37,0.032,0.171
5970,Watonwan,MN,Age-adjusted prevalence,11077,8140,0.201,0.287,0.067,0.09699999999999999,0.055,0.054000000000000006,0.23600000000000002,0.10400000000000001,0.28800000000000003,0.374,0.03,0.126
5972,Waukesha,WI,Age-adjusted prevalence,412591,327018,0.21100000000000002,0.28,0.073,0.10300000000000001,0.046,0.040999999999999995,0.214,0.08199999999999999,0.294,0.331,0.023,0.061
5974,Waupaca,WI,Age-adjusted prevalence,51388,41137,0.242,0.3,0.07,0.11199999999999999,0.055999999999999994,0.061,0.245,0.1,0.3,0.37799999999999995,0.028999999999999998,0.11800000000000001
5976,Waushara,WI,Age-adjusted prevalence,24934,20556,0.23199999999999998,0.302,0.07,0.106,0.059000000000000004,0.063,0.24100000000000002,0.102,0.285,0.395,0.03,0.129
5978,Wayne,GA,Age-adjusted prevalence,31373,23759,0.26,0.397,0.068,0.10800000000000001,0.07,0.08900000000000001,0.22,0.141,0.34700000000000003,0.43,0.040999999999999995,0.204
5980,Wayne,IA,Age-adjusted prevalence,6557,4850,0.24600000000000002,0.316,0.073,0.105,0.06,0.071,0.225,0.1,0.307,0.41200000000000003,0.031,0.152
5982,Wayne,IL,Age-adjusted prevalence,15761,12269,0.252,0.32799999999999996,0.07400000000000001,0.109,0.061,0.079,0.25,0.105,0.322,0.4,0.032,0.247
5984,Wayne,IN,Age-adjusted prevalence,66127,51199,0.275,0.359,0.073,0.11900000000000001,0.065,0.087,0.284,0.121,0.336,0.382,0.034,0.153
5986,Wayne,KY,Age-adjusted prevalence,19580,15608,,,,,,,,,,,,0.298
5988,Wayne,MI,Age-adjusted prevalence,1751169,1339690,0.265,0.371,0.065,0.124,0.063,0.081,0.249,0.125,0.318,0.373,0.039,0.1
5990,Wayne,MO,Age-adjusted prevalence,10811,8628,0.285,0.364,0.073,0.115,0.075,0.109,0.281,0.126,0.33,0.413,0.04,0.24600000000000002
5992,Wayne,MS,Age-adjusted prevalence,19703,14753,0.28600000000000003,0.431,0.063,0.106,0.071,0.091,0.20600000000000002,0.15,0.341,0.444,0.045,0.22699999999999998
5994,Wayne,NC,Age-adjusted prevalence,118686,90368,0.255,0.38,0.063,0.115,0.063,0.075,0.248,0.125,0.315,0.39899999999999997,0.038,0.185
5996,Wayne,NE,Age-adjusted prevalence,9874,7832,0.21899999999999997,0.299,0.07200000000000001,0.092,0.055,0.057999999999999996,0.18100000000000002,0.1,0.284,0.41,0.028999999999999998,0.121
5998,Wayne,NY,Age-adjusted prevalence,90829,71935,0.231,0.28,0.076,0.11199999999999999,0.054000000000000006,0.062,0.223,0.086,0.312,0.371,0.027999999999999997,0.10300000000000001
6000,Wayne,OH,Age-adjusted prevalence,116510,88780,0.261,0.32799999999999996,0.076,0.111,0.06,0.07400000000000001,0.265,0.10800000000000001,0.316,0.38,0.03,0.129
6002,Wayne,PA,Age-adjusted prevalence,51262,42777,,,,,,,,,,,,0.14800000000000002
6004,Wayne,TN,Age-adjusted prevalence,16066,13393,0.292,0.37799999999999995,0.073,0.11,0.071,0.099,0.299,0.128,0.35200000000000004,0.402,0.037000000000000005,0.17300000000000001
6006,Wayne,UT,Age-adjusted prevalence,2614,2014,0.251,0.307,0.078,0.113,0.059000000000000004,0.063,0.273,0.099,0.298,0.342,0.031,0.14400000000000002
6008,Wayne,WV,Age-adjusted prevalence,37686,30122,0.33,0.39399999999999996,0.075,0.127,0.07,0.096,0.33299999999999996,0.131,0.359,0.426,0.035,0.222
6010,Waynesboro,VA,Age-adjusted prevalence,23182,17775,0.256,0.33799999999999997,0.07,0.111,0.057999999999999996,0.068,0.25,0.114,0.335,0.386,0.032,0.18
6012,Weakley,TN,Age-adjusted prevalence,33084,26870,0.28800000000000003,0.368,0.073,0.113,0.067,0.09300000000000001,0.308,0.128,0.342,0.41100000000000003,0.036000000000000004,0.21100000000000002
6014,Webb,TX,Age-adjusted prevalence,269148,186022,0.19699999999999998,0.33,0.044000000000000004,0.086,0.062,0.052000000000000005,0.188,0.168,0.32799999999999996,0.428,0.034,0.153
6016,Weber,UT,Age-adjusted prevalence,271926,201028,0.247,0.295,0.07400000000000001,0.114,0.05,0.049,0.28,0.08900000000000001,0.311,0.348,0.027000000000000003,0.131
6018,Webster,GA,Age-adjusted prevalence,2337,1938,0.264,0.414,0.062,0.115,0.07,0.086,0.213,0.155,0.33899999999999997,0.425,0.045,0.245
6020,Webster,IA,Age-adjusted prevalence,36485,28671,0.24100000000000002,0.331,0.073,0.102,0.057,0.066,0.213,0.10099999999999999,0.3,0.42200000000000004,0.03,0.126
6022,Webster,KY,Age-adjusted prevalence,12726,9635,,,,,,,,,,,,0.255
6024,Webster,LA,Age-adjusted prevalence,35238,27304,0.29,0.434,0.065,0.113,0.077,0.10300000000000001,0.289,0.157,0.345,0.447,0.047,0.253
6026,Webster,MO,Age-adjusted prevalence,41472,29983,0.26,0.33899999999999997,0.07400000000000001,0.10800000000000001,0.064,0.084,0.268,0.106,0.325,0.415,0.033,0.205
6028,Webster,MS,Age-adjusted prevalence,9988,7562,0.258,0.38299999999999995,0.069,0.09699999999999999,0.057999999999999996,0.07200000000000001,0.21100000000000002,0.113,0.353,0.363,0.034,0.13
6030,Webster,NE,Age-adjusted prevalence,3351,2578,0.23199999999999998,0.305,0.07400000000000001,0.095,0.055,0.06,0.18899999999999997,0.098,0.297,0.391,0.027999999999999997,0.171
6032,Webster,WV,Age-adjusted prevalence,8045,6456,0.345,0.402,0.07400000000000001,0.129,0.077,0.11199999999999999,0.341,0.141,0.37200000000000005,0.426,0.039,0.273
6034,Weld,CO,Age-adjusted prevalence,359442,268740,0.21100000000000002,0.27399999999999997,0.07,0.107,0.051,0.053,0.22,0.09300000000000001,0.29100000000000004,0.336,0.027000000000000003,0.11199999999999999
6036,Wells,IN,Age-adjusted prevalence,28555,21512,0.264,0.34299999999999997,0.07400000000000001,0.11,0.057,0.071,0.26899999999999996,0.10400000000000001,0.32799999999999996,0.419,0.028999999999999998,0.142
6038,Wells,ND,Age-adjusted prevalence,3876,3059,0.244,0.301,0.073,0.105,0.057,0.063,0.218,0.094,0.298,0.382,0.03,0.126
6040,West Baton Rouge,LA,Age-adjusted prevalence,28266,21373,0.26,0.401,0.063,0.10400000000000001,0.057999999999999996,0.066,0.259,0.126,0.332,0.413,0.035,0.14400000000000002
6042,West Carroll,LA,Age-adjusted prevalence,9323,7222,0.276,0.38799999999999996,0.069,0.106,0.069,0.08900000000000001,0.295,0.129,0.34,0.40299999999999997,0.038,0.273
6044,West Feliciana,LA,Age-adjusted prevalence,15371,12848,0.24,0.406,0.061,0.091,0.061,0.061,0.225,0.128,0.335,0.39299999999999996,0.035,0.18899999999999997
6046,Westchester,NY,Age-adjusted prevalence,990817,782936,0.201,0.257,0.065,0.09300000000000001,0.044000000000000004,0.040999999999999995,0.162,0.08800000000000001,0.316,0.259,0.024,0.084
6048,Western Connecticut,CT,Age-adjusted prevalence,623907,489485,0.195,0.249,0.071,0.1,0.042,0.04,0.193,0.07400000000000001,0.33,0.256,0.024,0.08
6050,Westmoreland,PA,Age-adjusted prevalence,351163,287864,,,,,,,,,,,,0.14300000000000002
6052,Westmoreland,VA,Age-adjusted prevalence,19013,15601,0.27399999999999997,0.359,0.065,0.11699999999999999,0.065,0.078,0.251,0.132,0.341,0.41200000000000003,0.038,0.165
6054,Weston,WY,Age-adjusted prevalence,6808,5543,0.22699999999999998,0.284,0.07200000000000001,0.1,0.059000000000000004,0.065,0.207,0.09699999999999999,0.29600000000000004,0.355,0.03,0.163
6056,Wetzel,WV,Age-adjusted prevalence,13890,10969,0.326,0.38,0.07400000000000001,0.124,0.068,0.092,0.32799999999999996,0.128,0.37200000000000005,0.424,0.034,0.183
6058,Wexford,MI,Age-adjusted prevalence,34122,26384,0.268,0.332,0.077,0.11900000000000001,0.063,0.083,0.295,0.10300000000000001,0.305,0.38799999999999996,0.032,0.153
6060,Wharton,TX,Age-adjusted prevalence,41739,31173,0.222,0.341,0.059000000000000004,0.1,0.059000000000000004,0.063,0.222,0.129,0.325,0.405,0.034,0.215
6062,Whatcom,WA,Age-adjusted prevalence,231919,189784,0.221,0.264,0.07400000000000001,0.10800000000000001,0.049,0.049,0.301,0.079,0.294,0.273,0.027000000000000003,0.10099999999999999
6064,Wheatland,MT,Age-adjusted prevalence,2057,1534,0.264,0.309,0.073,0.11699999999999999,0.062,0.077,0.268,0.096,0.284,0.32299999999999995,0.034,0.218
6066,Wheeler,GA,Age-adjusted prevalence,7081,5935,0.254,0.425,0.062,0.1,0.075,0.09,0.191,0.151,0.349,0.41600000000000004,0.045,0.203
6068,Wheeler,NE,Age-adjusted prevalence,775,603,0.213,0.299,0.075,0.091,0.052000000000000005,0.053,0.179,0.08900000000000001,0.28600000000000003,0.38299999999999995,0.026000000000000002,0.105
6070,Wheeler,OR,Age-adjusted prevalence,1436,1267,0.264,0.315,0.076,0.127,0.061,0.07400000000000001,0.29100000000000004,0.106,0.293,0.369,0.033,0.127
6072,Wheeler,TX,Age-adjusted prevalence,4804,3606,0.23399999999999999,0.335,0.067,0.10400000000000001,0.061,0.073,0.247,0.11800000000000001,0.326,0.373,0.033,0.183
6074,White,AR,Age-adjusted prevalence,78452,60279,0.267,0.371,0.07200000000000001,0.107,0.067,0.08199999999999999,0.271,0.109,0.342,0.4,0.035,0.19899999999999998
6076,White,GA,Age-adjusted prevalence,29026,23497,0.235,0.33,0.07400000000000001,0.1,0.057,0.066,0.226,0.10099999999999999,0.335,0.35200000000000004,0.03,0.092
6078,White,IL,Age-adjusted prevalence,13401,10554,0.257,0.33399999999999996,0.07400000000000001,0.11199999999999999,0.064,0.086,0.255,0.111,0.319,0.39299999999999996,0.034,0.185
6080,White,IN,Age-adjusted prevalence,24917,19028,0.265,0.337,0.073,0.111,0.059000000000000004,0.076,0.268,0.114,0.341,0.447,0.03,0.166
6082,White,TN,Age-adjusted prevalence,28692,22572,0.295,0.37200000000000005,0.07400000000000001,0.114,0.068,0.098,0.32899999999999996,0.124,0.345,0.39399999999999996,0.036000000000000004,0.205
6084,White Pine,NV,Age-adjusted prevalence,8522,6803,0.244,0.311,0.071,0.10800000000000001,0.061,0.07400000000000001,0.225,0.102,0.32799999999999996,0.344,0.033,0.175
6086,Whiteside,IL,Age-adjusted prevalence,54498,42573,0.237,0.308,0.071,0.10300000000000001,0.055,0.066,0.22899999999999998,0.102,0.321,0.364,0.028999999999999998,0.154
6088,Whitfield,GA,Age-adjusted prevalence,103687,78269,0.23199999999999998,0.335,0.066,0.096,0.062,0.069,0.205,0.13,0.355,0.381,0.033,0.165
6090,Whitley,IN,Age-adjusted prevalence,34742,26865,0.256,0.32799999999999996,0.075,0.111,0.057,0.071,0.258,0.102,0.32799999999999996,0.39399999999999996,0.027999999999999997,0.125
6092,Whitley,KY,Age-adjusted prevalence,36825,27163,,,,,,,,,,,,0.221
6094,Whitman,WA,Age-adjusted prevalence,48012,40463,0.242,0.303,0.077,0.11900000000000001,0.057999999999999996,0.062,0.271,0.099,0.305,0.32899999999999996,0.032,0.09300000000000001
6096,Wibaux,MT,Age-adjusted prevalence,910,719,0.243,0.294,0.075,0.113,0.055,0.064,0.259,0.086,0.27899999999999997,0.331,0.03,0.129
6098,Wichita,KS,Age-adjusted prevalence,2082,1493,0.23199999999999998,0.324,0.066,0.096,0.062,0.067,0.20199999999999999,0.114,0.311,0.42200000000000004,0.031,0.171
6100,Wichita,TX,Age-adjusted prevalence,130180,100315,0.228,0.341,0.065,0.10300000000000001,0.057999999999999996,0.067,0.24100000000000002,0.11599999999999999,0.318,0.36200000000000004,0.032,0.13699999999999998
6102,Wicomico,MD,Age-adjusted prevalence,104800,81312,0.26,0.35,0.069,0.111,0.057,0.067,0.22,0.115,0.35700000000000004,0.409,0.034,0.129
6104,Wilbarger,TX,Age-adjusted prevalence,12522,9895,0.24600000000000002,0.36200000000000004,0.062,0.105,0.069,0.084,0.244,0.142,0.331,0.39899999999999997,0.039,0.225
6106,Wilcox,AL,Age-adjusted prevalence,9944,7755,0.302,0.504,0.055,0.121,0.078,0.10300000000000001,0.22699999999999998,0.191,0.359,0.519,0.055,0.34
6108,Wilcox,GA,Age-adjusted prevalence,8779,7154,0.254,0.423,0.063,0.10300000000000001,0.073,0.08900000000000001,0.198,0.152,0.345,0.43,0.044000000000000004,0.17600000000000002
6110,Wilkes,GA,Age-adjusted prevalence,9518,7557,0.253,0.395,0.061,0.11,0.064,0.078,0.207,0.14400000000000002,0.34299999999999997,0.409,0.040999999999999995,0.22
6112,Wilkes,NC,Age-adjusted prevalence,66013,52999,0.257,0.344,0.073,0.11199999999999999,0.064,0.08199999999999999,0.285,0.107,0.326,0.382,0.035,0.23399999999999999
6114,Wilkin,MN,Age-adjusted prevalence,6306,4874,0.213,0.295,0.073,0.105,0.057,0.059000000000000004,0.262,0.096,0.287,0.38299999999999995,0.03,0.153
6116,Wilkinson,GA,Age-adjusted prevalence,8725,6784,0.257,0.396,0.063,0.111,0.064,0.078,0.214,0.141,0.33899999999999997,0.41100000000000003,0.040999999999999995,0.222
6118,Wilkinson,MS,Age-adjusted prevalence,8058,6454,0.28300000000000003,0.488,0.054000000000000006,0.105,0.073,0.08900000000000001,0.175,0.17600000000000002,0.34299999999999997,0.47700000000000004,0.052000000000000005,0.272
6120,Will,IL,Age-adjusted prevalence,700728,537627,0.214,0.295,0.064,0.09699999999999999,0.047,0.05,0.192,0.095,0.303,0.377,0.026000000000000002,0.078
6122,Willacy,TX,Age-adjusted prevalence,20037,15371,0.222,0.369,0.045,0.08900000000000001,0.075,0.071,0.19399999999999998,0.19,0.341,0.444,0.042,0.17300000000000001
6124,Williams,ND,Age-adjusted prevalence,39113,27329,0.22899999999999998,0.316,0.07,0.102,0.055,0.055999999999999994,0.20800000000000002,0.094,0.298,0.402,0.028999999999999998,0.11800000000000001
6126,Williams,OH,Age-adjusted prevalence,36591,28607,0.267,0.344,0.075,0.11199999999999999,0.063,0.078,0.271,0.11599999999999999,0.321,0.40700000000000003,0.032,0.158
6128,Williamsburg,SC,Age-adjusted prevalence,29891,24199,0.258,0.43700000000000006,0.055999999999999994,0.11,0.064,0.081,0.21100000000000002,0.163,0.32799999999999996,0.451,0.046,0.2
6130,Williamsburg,VA,Age-adjusted prevalence,15847,14049,0.247,0.33799999999999997,0.07,0.11,0.055,0.059000000000000004,0.237,0.113,0.341,0.37200000000000005,0.03,0.111
6132,Williamson,IL,Age-adjusted prevalence,66706,52683,0.243,0.32,0.07400000000000001,0.106,0.055999999999999994,0.068,0.24,0.1,0.311,0.39899999999999997,0.03,0.075
6134,Williamson,TN,Age-adjusted prevalence,264460,197303,0.235,0.311,0.076,0.098,0.044000000000000004,0.045,0.256,0.085,0.335,0.287,0.022000000000000002,0.038
6136,Williamson,TX,Age-adjusted prevalence,697191,532125,0.192,0.28600000000000003,0.066,0.09,0.045,0.042,0.204,0.095,0.31,0.321,0.024,0.085
6138,Wilson,KS,Age-adjusted prevalence,8382,6388,0.251,0.33,0.07200000000000001,0.106,0.062,0.076,0.23,0.10400000000000001,0.32299999999999995,0.39899999999999997,0.032,0.188
6140,Wilson,NC,Age-adjusted prevalence,78970,60928,0.266,0.39799999999999996,0.061,0.12,0.068,0.083,0.248,0.14,0.317,0.385,0.043,0.177
6142,Wilson,TN,Age-adjusted prevalence,163674,125684,0.254,0.324,0.07400000000000001,0.10400000000000001,0.051,0.06,0.276,0.098,0.33899999999999997,0.307,0.027000000000000003,0.09300000000000001
6144,Wilson,TX,Age-adjusted prevalence,54183,41434,0.21,0.3,0.062,0.094,0.052000000000000005,0.052000000000000005,0.217,0.11,0.325,0.349,0.027999999999999997,0.11199999999999999
6146,Winchester,VA,Age-adjusted prevalence,27617,21446,0.26,0.35100000000000003,0.068,0.109,0.064,0.075,0.247,0.129,0.34600000000000003,0.38299999999999995,0.035,0.11
6148,Windham,VT,Age-adjusted prevalence,45966,38295,0.226,0.255,0.075,0.11,0.049,0.057,0.281,0.07200000000000001,0.263,0.26,0.027000000000000003,0.132
6150,Windsor,VT,Age-adjusted prevalence,58101,48044,0.22,0.258,0.076,0.11,0.046,0.05,0.28800000000000003,0.069,0.259,0.287,0.025,0.12300000000000001
6152,Winkler,TX,Age-adjusted prevalence,7414,5280,0.207,0.326,0.054000000000000006,0.091,0.057999999999999996,0.057,0.207,0.133,0.32799999999999996,0.375,0.032,0.135
6154,Winn,LA,Age-adjusted prevalence,13216,10424,0.276,0.425,0.065,0.10300000000000001,0.07200000000000001,0.08900000000000001,0.272,0.147,0.35,0.46,0.042,0.215
6156,Winnebago,IA,Age-adjusted prevalence,10571,8271,0.23399999999999999,0.31,0.07400000000000001,0.1,0.054000000000000006,0.06,0.215,0.09300000000000001,0.303,0.39299999999999996,0.027999999999999997,0.14
6158,Winnebago,IL,Age-adjusted prevalence,280922,215494,0.249,0.33899999999999997,0.068,0.107,0.057999999999999996,0.07,0.23399999999999999,0.11699999999999999,0.32799999999999996,0.42200000000000004,0.033,0.153
6160,Winnebago,WI,Age-adjusted prevalence,171735,137307,0.244,0.298,0.07200000000000001,0.11,0.054000000000000006,0.057,0.239,0.099,0.299,0.406,0.027999999999999997,0.096
6162,Winneshiek,IA,Age-adjusted prevalence,19815,16136,0.22,0.28600000000000003,0.075,0.09699999999999999,0.051,0.054000000000000006,0.20600000000000002,0.085,0.293,0.361,0.026000000000000002,0.084
6164,Winona,MN,Age-adjusted prevalence,49721,41197,0.204,0.28800000000000003,0.07400000000000001,0.10300000000000001,0.054000000000000006,0.054000000000000006,0.255,0.091,0.28,0.363,0.027999999999999997,0.08199999999999999
6166,Winston,AL,Age-adjusted prevalence,23611,18837,0.289,0.395,0.075,0.10400000000000001,0.071,0.094,0.28,0.127,0.375,0.39,0.038,0.145
6168,Winston,MS,Age-adjusted prevalence,17416,13573,0.289,0.44799999999999995,0.061,0.10400000000000001,0.07200000000000001,0.09,0.198,0.157,0.341,0.42,0.046,0.253
6170,Wirt,WV,Age-adjusted prevalence,5000,3936,0.326,0.386,0.075,0.126,0.07200000000000001,0.09699999999999999,0.32899999999999996,0.133,0.365,0.424,0.035,0.27
6172,Wise,TX,Age-adjusted prevalence,78097,58924,0.225,0.312,0.068,0.1,0.055,0.063,0.24,0.10300000000000001,0.321,0.33799999999999997,0.028999999999999998,0.125
6174,Wise,VA,Age-adjusted prevalence,35174,28336,0.27899999999999997,0.374,0.07400000000000001,0.115,0.069,0.09,0.272,0.127,0.344,0.435,0.037000000000000005,0.175
6176,Wolfe,KY,Age-adjusted prevalence,6282,4858,,,,,,,,,,,,0.41100000000000003
6178,Wood,OH,Age-adjusted prevalence,132650,106092,0.256,0.32299999999999995,0.076,0.106,0.055999999999999994,0.062,0.278,0.102,0.311,0.389,0.027999999999999997,0.10099999999999999
6180,Wood,TX,Age-adjusted prevalence,47921,39005,0.233,0.325,0.07,0.10400000000000001,0.057999999999999996,0.069,0.252,0.106,0.324,0.348,0.031,0.172
6182,Wood,WI,Age-adjusted prevalence,73939,58207,0.23600000000000002,0.294,0.07,0.111,0.055999999999999994,0.06,0.242,0.09699999999999999,0.28800000000000003,0.39899999999999997,0.028999999999999998,0.08900000000000001
6184,Wood,WV,Age-adjusted prevalence,83052,65756,0.32,0.387,0.076,0.121,0.067,0.087,0.33899999999999997,0.13,0.358,0.434,0.032,0.225
6186,Woodbury,IA,Age-adjusted prevalence,105951,78835,0.225,0.32299999999999995,0.067,0.098,0.057999999999999996,0.066,0.203,0.11,0.302,0.395,0.031,0.10099999999999999
6188,Woodford,IL,Age-adjusted prevalence,38285,29234,0.22699999999999998,0.29600000000000004,0.075,0.102,0.049,0.055999999999999994,0.23199999999999998,0.086,0.314,0.373,0.025,0.11800000000000001
6190,Woodford,KY,Age-adjusted prevalence,27268,21423,,,,,,,,,,,,0.161
6192,Woodruff,AR,Age-adjusted prevalence,5964,4659,0.273,0.414,0.065,0.11199999999999999,0.07400000000000001,0.096,0.266,0.13699999999999998,0.33799999999999997,0.39299999999999996,0.043,0.214
6194,Woods,OK,Age-adjusted prevalence,8564,6777,0.261,0.355,0.073,0.111,0.064,0.07200000000000001,0.266,0.107,0.34700000000000003,0.39,0.032,0.152
6196,Woodson,KS,Age-adjusted prevalence,3115,2491,0.243,0.321,0.07200000000000001,0.10400000000000001,0.06,0.07,0.22699999999999998,0.098,0.313,0.395,0.03,0.163
6198,Woodward,OK,Age-adjusted prevalence,19947,15150,0.24600000000000002,0.36200000000000004,0.071,0.109,0.063,0.073,0.247,0.107,0.332,0.41600000000000004,0.032,0.198
6200,Worcester,MA,Age-adjusted prevalence,866866,690404,0.235,0.299,0.07200000000000001,0.121,0.05,0.055,0.262,0.09,0.309,0.325,0.026000000000000002,0.12300000000000001
6202,Worcester,MD,Age-adjusted prevalence,54171,44887,0.245,0.325,0.07400000000000001,0.10400000000000001,0.051,0.057,0.226,0.09699999999999999,0.32799999999999996,0.335,0.027999999999999997,0.071
6204,Worth,GA,Age-adjusted prevalence,20273,15854,0.261,0.386,0.067,0.11,0.065,0.08199999999999999,0.22899999999999998,0.136,0.337,0.38799999999999996,0.04,0.214
6206,Worth,IA,Age-adjusted prevalence,7297,5744,0.23800000000000002,0.31,0.07400000000000001,0.1,0.054000000000000006,0.061,0.21600000000000003,0.094,0.309,0.40399999999999997,0.027999999999999997,0.115
6208,Worth,MO,Age-adjusted prevalence,1907,1536,0.27399999999999997,0.348,0.07400000000000001,0.10800000000000001,0.065,0.087,0.268,0.11199999999999999,0.32799999999999996,0.40700000000000003,0.034,0.213
6210,Wrangell,AK,Age-adjusted prevalence,2064,1686,0.225,0.314,0.068,0.11,0.06,0.066,0.20199999999999999,0.091,0.307,0.35,0.033,0.158
6212,Wright,IA,Age-adjusted prevalence,12656,9332,0.237,0.315,0.071,0.1,0.06,0.068,0.209,0.109,0.311,0.413,0.031,0.146
6214,Wright,MN,Age-adjusted prevalence,151150,110472,0.20199999999999999,0.284,0.073,0.1,0.047,0.044000000000000004,0.248,0.08199999999999999,0.294,0.348,0.024,0.079
6216,Wright,MO,Age-adjusted prevalence,19403,14305,0.282,0.35600000000000004,0.073,0.113,0.07200000000000001,0.10400000000000001,0.281,0.125,0.33299999999999996,0.42100000000000004,0.039,0.33
6218,Wyandot,OH,Age-adjusted prevalence,21457,16768,0.258,0.32899999999999996,0.076,0.10800000000000001,0.055999999999999994,0.068,0.261,0.102,0.305,0.355,0.027999999999999997,0.16899999999999998
6220,Wyandotte,KS,Age-adjusted prevalence,165281,120644,0.22399999999999998,0.359,0.055,0.1,0.064,0.07,0.17800000000000002,0.139,0.322,0.40700000000000003,0.037000000000000005,0.183
6222,Wyoming,NY,Age-adjusted prevalence,39532,32281,0.235,0.314,0.075,0.11,0.055999999999999994,0.066,0.217,0.09,0.322,0.354,0.03,0.11199999999999999
6224,Wyoming,PA,Age-adjusted prevalence,25902,20959,,,,,,,,,,,,0.155
6226,Wyoming,WV,Age-adjusted prevalence,20277,16181,0.34299999999999997,0.42100000000000004,0.073,0.13,0.078,0.111,0.337,0.14300000000000002,0.37799999999999995,0.441,0.038,0.28300000000000003
6228,Wythe,VA,Age-adjusted prevalence,28104,22650,0.268,0.33399999999999996,0.07400000000000001,0.113,0.062,0.076,0.268,0.11,0.34299999999999997,0.384,0.032,0.22699999999999998
6230,Yadkin,NC,Age-adjusted prevalence,37774,30051,0.249,0.341,0.073,0.11,0.062,0.076,0.27699999999999997,0.10400000000000001,0.32299999999999995,0.363,0.033,0.151
6232,Yakima,WA,Age-adjusted prevalence,256643,183160,0.217,0.312,0.062,0.107,0.059000000000000004,0.06,0.228,0.121,0.312,0.402,0.034,0.174
6234,Yakutat,AK,Age-adjusted prevalence,687,555,0.222,0.33799999999999997,0.062,0.11199999999999999,0.066,0.069,0.193,0.106,0.306,0.34600000000000003,0.037000000000000005,0.16699999999999998
6236,Yalobusha,MS,Age-adjusted prevalence,12386,9781,0.284,0.441,0.063,0.105,0.071,0.092,0.207,0.15,0.34700000000000003,0.401,0.045,0.239
6238,Yamhill,OR,Age-adjusted prevalence,108644,86173,0.24,0.298,0.073,0.11800000000000001,0.053,0.059000000000000004,0.256,0.09699999999999999,0.28300000000000003,0.373,0.027999999999999997,0.166
6240,Yancey,NC,Age-adjusted prevalence,18938,15582,0.253,0.32899999999999996,0.07400000000000001,0.11,0.061,0.075,0.28300000000000003,0.1,0.318,0.35600000000000004,0.032,0.21
6242,Yankton,SD,Age-adjusted prevalence,23517,18574,0.22,0.295,0.076,0.099,0.053,0.054000000000000006,0.213,0.094,0.29100000000000004,0.38799999999999996,0.027999999999999997,0.121
6244,Yates,NY,Age-adjusted prevalence,24472,18914,0.239,0.297,0.076,0.114,0.057,0.071,0.223,0.08900000000000001,0.317,0.345,0.03,0.16
6246,Yavapai,AZ,Age-adjusted prevalence,249081,211150,0.225,0.27,0.077,0.11,0.051,0.062,0.21600000000000003,0.08,0.302,0.276,0.027999999999999997,0.11900000000000001
6248,Yazoo,MS,Age-adjusted prevalence,25796,20207,0.285,0.486,0.057,0.10400000000000001,0.079,0.102,0.187,0.179,0.353,0.502,0.053,0.324
6250,Yell,AR,Age-adjusted prevalence,20044,15261,0.254,0.38299999999999995,0.068,0.10099999999999999,0.069,0.08199999999999999,0.261,0.122,0.35,0.419,0.035,0.209
6252,Yellow Medicine,MN,Age-adjusted prevalence,9467,7259,0.218,0.293,0.07200000000000001,0.10400000000000001,0.055999999999999994,0.057,0.26,0.09699999999999999,0.284,0.389,0.03,0.094
6254,Yellowstone,MT,Age-adjusted prevalence,170843,132003,0.239,0.28300000000000003,0.076,0.10800000000000001,0.049,0.055999999999999994,0.282,0.08199999999999999,0.27399999999999997,0.34,0.027999999999999997,0.11800000000000001
6256,Yoakum,TX,Age-adjusted prevalence,7468,5012,0.20800000000000002,0.32,0.055999999999999994,0.092,0.057,0.055999999999999994,0.21,0.13,0.33,0.382,0.031,0.17800000000000002
6258,Yolo,CA,Age-adjusted prevalence,220544,177405,0.205,0.281,0.062,0.098,0.052000000000000005,0.05,0.233,0.10099999999999999,0.311,0.27899999999999997,0.028999999999999998,0.159
6260,York,ME,Age-adjusted prevalence,218586,180518,0.25,0.292,0.078,0.128,0.053,0.062,0.268,0.08,0.305,0.32899999999999996,0.026000000000000002,0.134
6262,York,NE,Age-adjusted prevalence,14356,11004,0.217,0.29600000000000004,0.07200000000000001,0.095,0.054000000000000006,0.057999999999999996,0.182,0.09300000000000001,0.289,0.418,0.027999999999999997,0.085
6264,York,PA,Age-adjusted prevalence,464640,363700,,,,,,,,,,,,0.145
6266,York,SC,Age-adjusted prevalence,298320,228347,0.22399999999999998,0.324,0.07200000000000001,0.09300000000000001,0.047,0.053,0.22399999999999998,0.10300000000000001,0.317,0.368,0.027999999999999997,0.115
6268,York,VA,Age-adjusted prevalence,70952,54822,0.22899999999999998,0.295,0.07,0.1,0.046,0.044000000000000004,0.22,0.094,0.33399999999999996,0.315,0.024,0.09300000000000001
6270,Young,TX,Age-adjusted prevalence,18124,13798,0.22899999999999998,0.325,0.069,0.10099999999999999,0.057,0.066,0.24600000000000002,0.10800000000000001,0.325,0.373,0.031,0.14
6272,Yuba,CA,Age-adjusted prevalence,85722,62561,0.21899999999999997,0.305,0.064,0.10400000000000001,0.059000000000000004,0.063,0.23600000000000002,0.11,0.312,0.309,0.033,0.149
6274,Yukon-Koyukuk,AK,Age-adjusted prevalence,5129,3732,0.256,0.371,0.061,0.127,0.08,0.091,0.20600000000000002,0.139,0.319,0.366,0.047,0.316
6276,Yuma,AZ,Age-adjusted prevalence,213221,161189,0.212,0.316,0.06,0.098,0.061,0.062,0.18600000000000003,0.129,0.311,0.39,0.034,0.221
6278,Yuma,CO,Age-adjusted prevalence,9862,7075,0.226,0.271,0.071,0.11199999999999999,0.055999999999999994,0.065,0.23199999999999998,0.092,0.289,0.287,0.03,0.115
6280,Zapata,TX,Age-adjusted prevalence,13736,9425,0.225,0.374,0.044000000000000004,0.09300000000000001,0.079,0.075,0.20600000000000002,0.201,0.34700000000000003,0.445,0.044000000000000004,0.251
6282,Zavala,TX,Age-adjusted prevalence,9312,6563,0.23399999999999999,0.39399999999999996,0.043,0.094,0.083,0.079,0.21100000000000002,0.214,0.35100000000000003,0.48200000000000004,0.046,0.26899999999999996
6284,Ziebach,SD,Age-adjusted prevalence,2322,1744,0.27699999999999997,0.39,0.066,0.13699999999999998,0.09,0.10800000000000001,0.231,0.18100000000000002,0.314,0.47600000000000003,0.054000000000000006,0.295
