,LocationName,StateAbbr,Data_Value_Type,TotalPopulation,TotalPop18plus,ARTHRITIS,BPHIGH,CANCER,CASTHMA,CHD,COPD,DEPRESSION,DIABETES,HIGHCHOL,OBESITY,STROKE,TEETHLOST
1,Abbeville,SC,Crude prevalence,24434,19650,0.332,0.43700000000000006,0.09300000000000001,0.10300000000000001,0.086,0.099,0.23199999999999998,0.16899999999999998,0.414,0.376,0.05,0.233
3,Acadia,LA,Crude prevalence,56489,41929,0.33,0.446,0.081,0.10800000000000001,0.087,0.11199999999999999,0.306,0.165,0.396,0.418,0.049,0.185
5,Accomack,VA,Crude prevalence,33239,26487,0.35600000000000004,0.474,0.098,0.11599999999999999,0.09699999999999999,0.106,0.217,0.182,0.444,0.4,0.053,0.23800000000000002
7,Ada,ID,Crude prevalence,524673,411855,0.258,0.312,0.08199999999999999,0.10300000000000001,0.054000000000000006,0.053,0.25,0.09,0.32899999999999996,0.29,0.027999999999999997,0.168
9,Adair,IA,Crude prevalence,7389,5700,0.31,0.396,0.10400000000000001,0.1,0.083,0.087,0.20199999999999999,0.131,0.38,0.39899999999999997,0.040999999999999995,0.11199999999999999
11,Adair,KY,Crude prevalence,19264,15466,,,,,,,,,,,,0.237
13,Adair,MO,Crude prevalence,25122,20545,0.242,0.303,0.07400000000000001,0.109,0.061,0.075,0.276,0.1,0.33,0.34700000000000003,0.031,0.21600000000000003
15,Adair,OK,Crude prevalence,19627,14357,0.322,0.44,0.077,0.136,0.096,0.11699999999999999,0.263,0.175,0.401,0.462,0.053,0.28
17,Adams,CO,Crude prevalence,533365,403764,0.2,0.273,0.061,0.11,0.047,0.051,0.207,0.09699999999999999,0.31,0.332,0.026000000000000002,0.12
19,Adams,IA,Crude prevalence,3544,2778,0.32299999999999995,0.39799999999999996,0.11,0.099,0.084,0.084,0.201,0.132,0.39799999999999996,0.391,0.040999999999999995,0.09
21,Adams,ID,Crude prevalence,4903,4062,0.35700000000000004,0.40700000000000003,0.115,0.10800000000000001,0.096,0.1,0.215,0.139,0.384,0.342,0.049,0.126
23,Adams,IL,Crude prevalence,64441,49972,0.29,0.37200000000000005,0.09699999999999999,0.10300000000000001,0.073,0.081,0.22399999999999998,0.12,0.379,0.37799999999999995,0.037000000000000005,0.12
25,Adams,IN,Crude prevalence,36288,24924,0.312,0.392,0.08800000000000001,0.11699999999999999,0.081,0.10400000000000001,0.27,0.141,0.38299999999999995,0.41700000000000004,0.040999999999999995,0.191
27,Adams,MS,Crude prevalence,28746,22919,0.33799999999999997,0.517,0.077,0.10300000000000001,0.09699999999999999,0.11,0.174,0.20600000000000002,0.408,0.41200000000000003,0.063,0.312
29,Adams,ND,Crude prevalence,2163,1737,0.345,0.41200000000000003,0.11699999999999999,0.1,0.09699999999999999,0.092,0.191,0.141,0.406,0.348,0.048,0.131
31,Adams,NE,Crude prevalence,30899,23578,0.268,0.35600000000000004,0.091,0.092,0.071,0.07,0.19699999999999998,0.11800000000000001,0.337,0.41200000000000003,0.034,0.10099999999999999
33,Adams,OH,Crude prevalence,27521,20867,0.336,0.406,0.095,0.11800000000000001,0.092,0.11800000000000001,0.266,0.157,0.39299999999999996,0.40299999999999997,0.046,0.309
35,Adams,PA,Crude prevalence,106748,86261,,,,,,,,,,,,0.157
37,Adams,WA,Crude prevalence,20820,13641,0.23600000000000002,0.324,0.062,0.106,0.068,0.069,0.223,0.133,0.341,0.376,0.038,0.166
39,Adams,WI,Crude prevalence,21449,18664,0.354,0.435,0.115,0.10800000000000001,0.106,0.10099999999999999,0.226,0.16699999999999998,0.413,0.40299999999999997,0.05,0.14800000000000002
41,Addison,VT,Crude prevalence,37720,31723,0.28,0.318,0.098,0.10800000000000001,0.06,0.06,0.247,0.08199999999999999,0.33299999999999996,0.273,0.032,0.092
43,Aiken,SC,Crude prevalence,177130,139026,0.292,0.389,0.092,0.098,0.071,0.075,0.22699999999999998,0.139,0.373,0.344,0.040999999999999995,0.17
45,Aitkin,MN,Crude prevalence,16102,13701,0.331,0.419,0.126,0.10099999999999999,0.102,0.092,0.23199999999999998,0.152,0.397,0.332,0.05,0.092
47,Alachua,FL,Crude prevalence,285994,235265,0.21899999999999997,0.307,0.071,0.10099999999999999,0.055999999999999994,0.06,0.201,0.105,0.345,0.309,0.03,0.099
49,Alamance,NC,Crude prevalence,179165,139859,0.28,0.365,0.079,0.109,0.067,0.07400000000000001,0.24,0.122,0.35,0.385,0.038,0.145
51,Alameda,CA,Crude prevalence,1622188,1306255,0.193,0.285,0.059000000000000004,0.08800000000000001,0.048,0.040999999999999995,0.18600000000000003,0.11,0.33399999999999996,0.228,0.027999999999999997,0.057999999999999996
53,Alamosa,CO,Crude prevalence,16655,12672,0.23600000000000002,0.29,0.067,0.11,0.062,0.064,0.226,0.113,0.319,0.303,0.034,0.11800000000000001
55,Albany,NY,Crude prevalence,316659,260123,0.239,0.317,0.08199999999999999,0.10800000000000001,0.055,0.057,0.21100000000000002,0.092,0.349,0.298,0.03,0.076
57,Albany,WY,Crude prevalence,38257,32496,0.18600000000000003,0.254,0.062,0.10400000000000001,0.047,0.051,0.237,0.075,0.287,0.27,0.024,0.11599999999999999
59,Albemarle,VA,Crude prevalence,115676,93582,0.255,0.322,0.092,0.1,0.057,0.052000000000000005,0.209,0.102,0.373,0.282,0.028999999999999998,0.057
61,Alcona,MI,Crude prevalence,10489,9146,0.405,0.46,0.136,0.11199999999999999,0.11,0.11900000000000001,0.253,0.16,0.435,0.39,0.052000000000000005,0.09
63,Alcorn,MS,Crude prevalence,34135,26535,0.32,0.457,0.08900000000000001,0.098,0.083,0.099,0.21899999999999997,0.15,0.423,0.4,0.045,0.203
65,Aleutians East,AK,Crude prevalence,3461,3270,0.172,0.332,0.039,0.078,0.055,0.05,0.12300000000000001,0.128,0.34700000000000003,0.307,0.032,0.16899999999999998
67,Aleutians West,AK,Crude prevalence,5160,4734,0.157,0.307,0.038,0.078,0.045,0.043,0.133,0.10800000000000001,0.33399999999999996,0.319,0.026000000000000002,0.147
69,Alexander,IL,Crude prevalence,4695,3690,0.353,0.479,0.095,0.11699999999999999,0.102,0.121,0.212,0.19,0.41200000000000003,0.45299999999999996,0.06,0.182
71,Alexander,NC,Crude prevalence,36473,29341,0.308,0.391,0.09300000000000001,0.10800000000000001,0.08,0.092,0.258,0.127,0.384,0.365,0.040999999999999995,0.127
73,Alexandria,VA,Crude prevalence,155230,127357,0.217,0.303,0.065,0.099,0.044000000000000004,0.040999999999999995,0.209,0.099,0.355,0.32,0.024,0.065
75,Alfalfa,OK,Crude prevalence,5673,4620,0.298,0.42700000000000005,0.09,0.10400000000000001,0.083,0.085,0.226,0.135,0.401,0.406,0.04,0.16699999999999998
77,Alger,MI,Crude prevalence,8757,7484,0.337,0.406,0.109,0.111,0.087,0.096,0.247,0.132,0.38299999999999995,0.361,0.043,0.122
79,Allamakee,IA,Crude prevalence,14074,10623,0.31,0.396,0.105,0.098,0.085,0.086,0.201,0.131,0.38299999999999995,0.423,0.040999999999999995,0.113
81,Allegan,MI,Crude prevalence,121939,93939,0.29600000000000004,0.34700000000000003,0.095,0.11,0.071,0.08199999999999999,0.258,0.11599999999999999,0.34700000000000003,0.35600000000000004,0.035,0.10800000000000001
83,Allegany,MD,Crude prevalence,67273,55228,0.319,0.396,0.094,0.113,0.079,0.09699999999999999,0.257,0.133,0.38,0.366,0.042,0.193
85,Allegany,NY,Crude prevalence,46651,37430,0.285,0.355,0.094,0.11199999999999999,0.073,0.081,0.212,0.111,0.37799999999999995,0.344,0.037000000000000005,0.14400000000000002
87,Alleghany,NC,Crude prevalence,11342,9426,0.36,0.449,0.113,0.10800000000000001,0.105,0.11599999999999999,0.253,0.16,0.424,0.365,0.053,0.188
89,Alleghany,VA,Crude prevalence,14595,12022,0.355,0.425,0.107,0.11,0.092,0.099,0.245,0.151,0.426,0.39,0.046,0.12300000000000001
91,Allegheny,PA,Crude prevalence,1224825,998667,,,,,,,,,,,,0.115
93,Allen,IN,Crude prevalence,394545,294905,0.26,0.36700000000000005,0.078,0.11199999999999999,0.064,0.076,0.261,0.129,0.354,0.39399999999999996,0.034,0.16
95,Allen,KS,Crude prevalence,12412,9628,0.298,0.365,0.095,0.10300000000000001,0.078,0.085,0.226,0.125,0.374,0.374,0.039,0.142
97,Allen,KY,Crude prevalence,21788,16791,,,,,,,,,,,,0.304
99,Allen,LA,Crude prevalence,22112,17025,0.293,0.44,0.071,0.10099999999999999,0.08,0.09699999999999999,0.27399999999999997,0.153,0.385,0.442,0.045,0.245
101,Allen,OH,Crude prevalence,100838,77234,0.319,0.387,0.09,0.111,0.079,0.091,0.272,0.145,0.375,0.397,0.039,0.154
103,Allendale,SC,Crude prevalence,7369,6040,0.32899999999999996,0.501,0.069,0.11,0.091,0.107,0.196,0.21600000000000003,0.396,0.467,0.064,0.17800000000000002
105,Alpena,MI,Crude prevalence,28904,23463,0.36200000000000004,0.41600000000000004,0.11199999999999999,0.11900000000000001,0.095,0.114,0.27899999999999997,0.142,0.392,0.413,0.046,0.129
107,Alpine,CA,Crude prevalence,1141,955,0.27899999999999997,0.35700000000000004,0.106,0.102,0.075,0.064,0.217,0.11599999999999999,0.385,0.284,0.038,0.094
109,Amador,CA,Crude prevalence,41811,35299,0.27699999999999997,0.376,0.106,0.1,0.078,0.071,0.217,0.11800000000000001,0.389,0.29600000000000004,0.04,0.11699999999999999
111,Amelia,VA,Crude prevalence,13480,10676,0.327,0.43,0.08900000000000001,0.114,0.085,0.09699999999999999,0.23399999999999999,0.166,0.425,0.39299999999999996,0.048,0.191
113,Amherst,VA,Crude prevalence,31396,25190,0.319,0.41200000000000003,0.09300000000000001,0.113,0.081,0.087,0.233,0.151,0.397,0.39299999999999996,0.044000000000000004,0.13
115,Amite,MS,Crude prevalence,12442,9961,0.375,0.524,0.095,0.102,0.109,0.122,0.19,0.20600000000000002,0.434,0.45,0.065,0.195
117,Anchorage,AK,Crude prevalence,286075,219385,0.221,0.315,0.065,0.107,0.051,0.053,0.213,0.08900000000000001,0.315,0.35,0.027999999999999997,0.12300000000000001
119,Anderson,KS,Crude prevalence,7838,5838,0.309,0.392,0.09699999999999999,0.10300000000000001,0.084,0.09300000000000001,0.215,0.131,0.395,0.401,0.042,0.139
121,Anderson,KY,Crude prevalence,24613,18946,,,,,,,,,,,,0.114
123,Anderson,SC,Crude prevalence,213076,165138,0.315,0.38,0.091,0.102,0.07200000000000001,0.08199999999999999,0.259,0.133,0.387,0.363,0.04,0.179
125,Anderson,TN,Crude prevalence,80234,63394,0.342,0.418,0.094,0.107,0.078,0.095,0.302,0.141,0.415,0.42,0.039,0.13699999999999998
127,Anderson,TX,Crude prevalence,57736,46379,0.248,0.386,0.068,0.099,0.069,0.078,0.22,0.139,0.36,0.39899999999999997,0.039,0.162
129,Andrew,MO,Crude prevalence,18127,14052,0.307,0.38299999999999995,0.099,0.10300000000000001,0.071,0.081,0.23600000000000002,0.11599999999999999,0.39299999999999996,0.36,0.036000000000000004,0.149
131,Andrews,TX,Crude prevalence,18664,12871,0.20600000000000002,0.319,0.055,0.095,0.055999999999999994,0.061,0.221,0.127,0.341,0.36700000000000005,0.031,0.156
133,Androscoggin,ME,Crude prevalence,113765,90589,0.32,0.335,0.08800000000000001,0.132,0.075,0.08900000000000001,0.297,0.121,0.374,0.358,0.037000000000000005,0.19699999999999998
135,Angelina,TX,Crude prevalence,87319,65255,0.28300000000000003,0.413,0.075,0.11,0.079,0.08800000000000001,0.243,0.149,0.409,0.408,0.042,0.17600000000000002
137,Anne Arundel,MD,Crude prevalence,594582,461032,0.252,0.345,0.085,0.1,0.053,0.052000000000000005,0.19899999999999998,0.10400000000000001,0.355,0.345,0.028999999999999998,0.12300000000000001
139,Anoka,MN,Crude prevalence,372441,284448,0.217,0.313,0.08,0.099,0.057,0.052000000000000005,0.24600000000000002,0.106,0.32299999999999995,0.36200000000000004,0.03,0.067
141,Anson,NC,Crude prevalence,21897,17493,0.316,0.466,0.07400000000000001,0.12,0.08800000000000001,0.105,0.23399999999999999,0.172,0.375,0.433,0.055,0.249
143,Antelope,NE,Crude prevalence,6302,4745,0.301,0.387,0.10800000000000001,0.092,0.08199999999999999,0.081,0.166,0.129,0.36700000000000005,0.424,0.04,0.133
145,Antrim,MI,Crude prevalence,24409,20323,0.348,0.39899999999999997,0.121,0.11,0.085,0.09,0.252,0.128,0.39799999999999996,0.364,0.04,0.085
147,Apache,AZ,Crude prevalence,65036,48365,0.282,0.36,0.078,0.14300000000000002,0.09300000000000001,0.11900000000000001,0.204,0.175,0.33799999999999997,0.358,0.06,0.281
149,Appanoose,IA,Crude prevalence,12119,9467,0.336,0.433,0.105,0.107,0.096,0.10800000000000001,0.218,0.154,0.39799999999999996,0.434,0.048,0.149
151,Appling,GA,Crude prevalence,18457,13966,0.313,0.435,0.085,0.10800000000000001,0.091,0.11,0.22,0.174,0.41700000000000004,0.406,0.052000000000000005,0.233
153,Appomattox,VA,Crude prevalence,16864,13156,0.32,0.414,0.092,0.11199999999999999,0.081,0.087,0.235,0.14800000000000002,0.419,0.389,0.043,0.138
155,Aransas,TX,Crude prevalence,25374,20864,0.321,0.435,0.105,0.099,0.091,0.091,0.22399999999999998,0.159,0.436,0.36,0.046,0.154
157,Arapahoe,CO,Crude prevalence,656061,510201,0.222,0.278,0.076,0.105,0.049,0.049,0.217,0.085,0.303,0.261,0.027000000000000003,0.084
159,Archer,TX,Crude prevalence,9029,6979,0.28800000000000003,0.381,0.095,0.102,0.075,0.081,0.23800000000000002,0.127,0.39,0.349,0.038,0.152
161,Archuleta,CO,Crude prevalence,14189,11826,0.319,0.354,0.115,0.109,0.079,0.077,0.212,0.11699999999999999,0.382,0.276,0.039,0.071
163,Arenac,MI,Crude prevalence,15145,12334,0.36700000000000005,0.42700000000000005,0.11699999999999999,0.11699999999999999,0.098,0.114,0.271,0.147,0.402,0.386,0.047,0.12300000000000001
165,Arkansas,AR,Crude prevalence,16307,12549,0.315,0.45399999999999996,0.08800000000000001,0.106,0.086,0.096,0.23399999999999999,0.152,0.395,0.391,0.047,0.21100000000000002
167,Arlington,VA,Crude prevalence,234162,192107,0.191,0.259,0.062,0.09,0.038,0.032,0.212,0.08,0.33899999999999997,0.253,0.019,0.05
169,Armstrong,PA,Crude prevalence,64074,52021,,,,,,,,,,,,0.17600000000000002
171,Armstrong,TX,Crude prevalence,1832,1422,0.29100000000000004,0.38,0.102,0.099,0.07400000000000001,0.07400000000000001,0.23,0.126,0.396,0.33299999999999996,0.037000000000000005,0.115
173,Aroostook,ME,Crude prevalence,67351,54697,0.36700000000000005,0.433,0.105,0.134,0.095,0.11,0.256,0.14800000000000002,0.415,0.4,0.045,0.24
175,Arthur,NE,Crude prevalence,412,313,0.282,0.373,0.105,0.09300000000000001,0.08,0.075,0.175,0.121,0.354,0.41700000000000004,0.039,0.11900000000000001
177,Ascension,LA,Crude prevalence,131632,97316,0.273,0.389,0.071,0.09699999999999999,0.059000000000000004,0.066,0.26899999999999996,0.122,0.385,0.355,0.033,0.134
179,Ashe,NC,Crude prevalence,27063,22627,0.348,0.429,0.113,0.106,0.094,0.1,0.252,0.14,0.41700000000000004,0.36200000000000004,0.046,0.17600000000000002
181,Ashland,OH,Crude prevalence,52190,40545,0.32799999999999996,0.40399999999999997,0.098,0.11,0.08199999999999999,0.096,0.26,0.139,0.38299999999999995,0.38299999999999995,0.04,0.125
183,Ashland,WI,Crude prevalence,16079,12754,0.29100000000000004,0.363,0.095,0.114,0.084,0.086,0.252,0.139,0.35,0.41200000000000003,0.043,0.161
185,Ashley,AR,Crude prevalence,18262,14105,0.353,0.494,0.09,0.11,0.102,0.11900000000000001,0.256,0.183,0.42200000000000004,0.451,0.057,0.301
187,Ashtabula,OH,Crude prevalence,96845,75784,0.33899999999999997,0.41700000000000004,0.096,0.113,0.092,0.11,0.27699999999999997,0.162,0.39399999999999996,0.45799999999999996,0.045,0.18
189,Asotin,WA,Crude prevalence,22549,18182,0.32899999999999996,0.374,0.109,0.11699999999999999,0.081,0.081,0.254,0.126,0.376,0.353,0.043,0.10400000000000001
191,Assumption,LA,Crude prevalence,20160,16073,0.33,0.45299999999999996,0.084,0.106,0.08900000000000001,0.105,0.271,0.16699999999999998,0.41600000000000004,0.384,0.051,0.195
193,Atascosa,TX,Crude prevalence,51784,38008,0.244,0.368,0.06,0.092,0.066,0.063,0.207,0.154,0.375,0.42200000000000004,0.035,0.113
195,Atchison,KS,Crude prevalence,16016,12523,0.26899999999999996,0.348,0.083,0.10400000000000001,0.069,0.076,0.217,0.11199999999999999,0.35200000000000004,0.37,0.034,0.15
197,Atchison,MO,Crude prevalence,5107,4077,0.35100000000000003,0.435,0.111,0.105,0.094,0.109,0.247,0.149,0.41100000000000003,0.41600000000000004,0.047,0.193
199,Athens,OH,Crude prevalence,62706,53669,0.249,0.33399999999999996,0.073,0.11599999999999999,0.062,0.077,0.305,0.115,0.33,0.345,0.031,0.185
201,Atkinson,GA,Crude prevalence,8293,6215,0.28800000000000003,0.425,0.068,0.10800000000000001,0.087,0.11,0.22,0.18,0.395,0.44,0.051,0.318
203,Atlantic,NJ,Crude prevalence,275213,218623,0.25,0.361,0.081,0.095,0.068,0.065,0.163,0.127,0.41600000000000004,0.307,0.037000000000000005,0.121
205,Atoka,OK,Crude prevalence,14525,11475,0.313,0.42700000000000005,0.084,0.11699999999999999,0.08900000000000001,0.10300000000000001,0.248,0.146,0.39399999999999996,0.40299999999999997,0.046,0.195
207,Attala,MS,Crude prevalence,17359,13015,0.335,0.484,0.081,0.10300000000000001,0.085,0.098,0.188,0.16899999999999998,0.4,0.426,0.053,0.19
209,Audrain,MO,Crude prevalence,24394,18823,0.324,0.396,0.092,0.11199999999999999,0.083,0.107,0.259,0.141,0.374,0.4,0.044000000000000004,0.20199999999999999
211,Audubon,IA,Crude prevalence,5534,4333,0.32799999999999996,0.402,0.111,0.1,0.08800000000000001,0.09,0.198,0.136,0.387,0.376,0.043,0.155
213,Auglaize,OH,Crude prevalence,46050,35144,0.308,0.376,0.098,0.107,0.075,0.081,0.248,0.122,0.375,0.395,0.035,0.159
215,Augusta,VA,Crude prevalence,78247,64233,0.311,0.381,0.099,0.10400000000000001,0.076,0.081,0.247,0.132,0.40299999999999997,0.408,0.038,0.14400000000000002
217,Aurora,SD,Crude prevalence,2782,2073,0.28,0.34700000000000003,0.1,0.1,0.076,0.07400000000000001,0.201,0.122,0.35600000000000004,0.364,0.038,0.099
219,Austin,TX,Crude prevalence,31677,24216,0.281,0.395,0.087,0.1,0.079,0.08199999999999999,0.221,0.147,0.391,0.373,0.042,0.146
221,Autauga,AL,Crude prevalence,60342,46253,0.3,0.42,0.083,0.1,0.067,0.07400000000000001,0.251,0.133,0.413,0.39799999999999996,0.037000000000000005,0.113
223,Avery,NC,Crude prevalence,17561,15011,0.315,0.39899999999999997,0.099,0.106,0.084,0.092,0.252,0.129,0.389,0.371,0.042,0.135
225,Avoyelles,LA,Crude prevalence,38408,29196,0.335,0.48200000000000004,0.079,0.111,0.096,0.12,0.28,0.177,0.40700000000000003,0.43,0.055,0.239
227,Baca,CO,Crude prevalence,3344,2584,0.33899999999999997,0.37799999999999995,0.109,0.11900000000000001,0.096,0.107,0.242,0.134,0.377,0.299,0.05,0.109
229,Bacon,GA,Crude prevalence,11124,8340,0.29,0.40399999999999997,0.08199999999999999,0.107,0.079,0.095,0.221,0.149,0.397,0.369,0.044000000000000004,0.21100000000000002
231,Bailey,TX,Crude prevalence,6672,4676,0.23800000000000002,0.35600000000000004,0.063,0.095,0.07200000000000001,0.071,0.212,0.155,0.375,0.38799999999999996,0.038,0.147
233,Baker,FL,Crude prevalence,28368,21295,0.266,0.36700000000000005,0.08199999999999999,0.10300000000000001,0.069,0.083,0.196,0.12300000000000001,0.387,0.353,0.036000000000000004,0.128
235,Baker,GA,Crude prevalence,2743,2242,0.358,0.516,0.08900000000000001,0.111,0.113,0.124,0.193,0.22899999999999998,0.439,0.433,0.069,0.29600000000000004
237,Baker,OR,Crude prevalence,16912,13632,0.348,0.387,0.115,0.11900000000000001,0.09,0.091,0.257,0.136,0.381,0.377,0.044000000000000004,0.12
239,Baldwin,AL,Crude prevalence,253507,200397,0.32899999999999996,0.43799999999999994,0.102,0.09300000000000001,0.075,0.075,0.225,0.134,0.428,0.35200000000000004,0.038,0.109
241,Baldwin,GA,Crude prevalence,43396,35399,0.264,0.401,0.069,0.10800000000000001,0.07200000000000001,0.081,0.204,0.153,0.375,0.387,0.044000000000000004,0.203
243,Ballard,KY,Crude prevalence,7582,6077,,,,,,,,,,,,0.237
246,Baltimore,MD,Crude prevalence,565239,447486,0.258,0.406,0.059000000000000004,0.127,0.064,0.073,0.235,0.14400000000000002,0.36,0.387,0.044000000000000004,0.14300000000000002
247,Baltimore,MD,Crude prevalence,844703,661546,0.275,0.36700000000000005,0.08,0.11,0.062,0.065,0.207,0.131,0.376,0.34,0.035,0.11199999999999999
249,Bamberg,SC,Crude prevalence,12974,10549,0.331,0.47100000000000003,0.08,0.109,0.087,0.099,0.201,0.195,0.39899999999999997,0.42,0.059000000000000004,0.27399999999999997
251,Bandera,TX,Crude prevalence,22637,18811,0.326,0.426,0.11,0.1,0.091,0.09,0.22699999999999998,0.157,0.435,0.355,0.045,0.095
253,Banks,GA,Crude prevalence,19789,15562,0.289,0.39,0.08900000000000001,0.10099999999999999,0.076,0.08800000000000001,0.228,0.138,0.396,0.345,0.04,0.16699999999999998
255,Banner,NE,Crude prevalence,674,520,0.305,0.392,0.114,0.091,0.08199999999999999,0.075,0.163,0.131,0.38299999999999995,0.385,0.039,0.102
257,Bannock,ID,Crude prevalence,90400,67958,0.256,0.31,0.077,0.11199999999999999,0.059000000000000004,0.066,0.25,0.09699999999999999,0.32,0.33,0.031,0.12
259,Baraga,MI,Crude prevalence,8310,6876,0.335,0.409,0.1,0.11900000000000001,0.09,0.106,0.265,0.145,0.376,0.40299999999999997,0.046,0.142
261,Barber,KS,Crude prevalence,4071,3137,0.325,0.409,0.106,0.10099999999999999,0.08900000000000001,0.094,0.20600000000000002,0.138,0.40700000000000003,0.386,0.043,0.15
263,Barbour,AL,Crude prevalence,24585,19517,0.342,0.502,0.078,0.10800000000000001,0.095,0.111,0.221,0.196,0.43,0.46799999999999997,0.057999999999999996,0.278
265,Barbour,WV,Crude prevalence,15378,12288,0.38299999999999995,0.46399999999999997,0.095,0.126,0.09300000000000001,0.11900000000000001,0.319,0.16899999999999998,0.43799999999999994,0.433,0.045,0.204
267,Barnes,ND,Crude prevalence,10726,8591,0.293,0.36200000000000004,0.098,0.099,0.075,0.07,0.2,0.115,0.355,0.377,0.037000000000000005,0.11599999999999999
269,Barnstable,MA,Crude prevalence,231735,199941,0.354,0.382,0.132,0.115,0.08,0.073,0.225,0.107,0.4,0.263,0.038,0.10400000000000001
271,Barnwell,SC,Crude prevalence,20447,15569,0.317,0.457,0.08199999999999999,0.11,0.092,0.11599999999999999,0.22399999999999998,0.19399999999999998,0.402,0.442,0.059000000000000004,0.21100000000000002
273,Barren,KY,Crude prevalence,45008,34401,,,,,,,,,,,,0.253
275,Barron,WI,Crude prevalence,46833,37064,0.29600000000000004,0.366,0.10099999999999999,0.109,0.083,0.08199999999999999,0.237,0.132,0.365,0.38299999999999995,0.040999999999999995,0.147
277,Barrow,GA,Crude prevalence,92792,69765,0.251,0.35600000000000004,0.069,0.099,0.057,0.065,0.19699999999999998,0.122,0.371,0.353,0.032,0.09
279,Barry,MI,Crude prevalence,63808,50005,0.31,0.353,0.10099999999999999,0.11199999999999999,0.07200000000000001,0.083,0.262,0.11199999999999999,0.37799999999999995,0.37,0.035,0.107
281,Barry,MO,Crude prevalence,35265,27271,0.34299999999999997,0.409,0.098,0.107,0.092,0.113,0.245,0.15,0.409,0.37799999999999995,0.047,0.198
283,Bartholomew,IN,Crude prevalence,84003,63788,0.282,0.371,0.085,0.106,0.066,0.076,0.249,0.124,0.38299999999999995,0.389,0.033,0.217
285,Barton,KS,Crude prevalence,24899,18848,0.302,0.38299999999999995,0.092,0.10099999999999999,0.08199999999999999,0.09,0.204,0.134,0.392,0.38799999999999996,0.04,0.157
287,Barton,MO,Crude prevalence,11731,8988,0.344,0.418,0.098,0.11199999999999999,0.095,0.122,0.256,0.152,0.406,0.40700000000000003,0.049,0.22
289,Bartow,GA,Crude prevalence,115041,88588,0.26899999999999996,0.368,0.079,0.10099999999999999,0.062,0.071,0.212,0.12,0.36200000000000004,0.387,0.034,0.099
291,Bastrop,TX,Crude prevalence,110778,82035,0.242,0.35700000000000004,0.07,0.095,0.065,0.068,0.21899999999999997,0.134,0.375,0.402,0.035,0.14300000000000002
293,Bates,MO,Crude prevalence,16242,12485,0.32299999999999995,0.402,0.095,0.109,0.085,0.107,0.262,0.138,0.4,0.41200000000000003,0.044000000000000004,0.207
295,Bath,KY,Crude prevalence,12975,9671,,,,,,,,,,,,0.271
297,Bath,VA,Crude prevalence,4051,3378,0.385,0.473,0.115,0.11199999999999999,0.11599999999999999,0.129,0.248,0.184,0.456,0.38799999999999996,0.057999999999999996,0.22
299,Baxter,AR,Crude prevalence,42875,35338,0.369,0.47,0.12,0.102,0.111,0.115,0.257,0.15,0.41,0.377,0.052000000000000005,0.192
301,Bay,FL,Crude prevalence,190769,150387,0.287,0.377,0.091,0.1,0.073,0.079,0.20800000000000002,0.11900000000000001,0.395,0.33399999999999996,0.037000000000000005,0.1
303,Bay,MI,Crude prevalence,102500,82758,0.324,0.377,0.102,0.115,0.078,0.09300000000000001,0.26899999999999996,0.126,0.363,0.38,0.039,0.13
305,Bayfield,WI,Crude prevalence,16769,14035,0.34,0.41200000000000003,0.12,0.10800000000000001,0.091,0.079,0.23,0.139,0.429,0.391,0.043,0.099
307,Baylor,TX,Crude prevalence,3463,2691,0.303,0.413,0.09699999999999999,0.10300000000000001,0.08900000000000001,0.09699999999999999,0.239,0.149,0.402,0.361,0.046,0.134
309,Beadle,SD,Crude prevalence,19591,13979,0.266,0.349,0.091,0.1,0.078,0.081,0.204,0.134,0.364,0.354,0.04,0.205
311,Bear Lake,ID,Crude prevalence,6766,5018,0.299,0.341,0.098,0.109,0.076,0.081,0.222,0.11599999999999999,0.358,0.31,0.039,0.154
313,Beaufort,NC,Crude prevalence,44481,35939,0.34299999999999997,0.45,0.099,0.11199999999999999,0.092,0.1,0.239,0.156,0.405,0.368,0.05,0.172
315,Beaufort,SC,Crude prevalence,198979,165010,0.303,0.382,0.114,0.085,0.075,0.07,0.18,0.127,0.405,0.29600000000000004,0.04,0.077
317,Beauregard,LA,Crude prevalence,36827,27436,0.309,0.397,0.08199999999999999,0.10300000000000001,0.075,0.08900000000000001,0.289,0.134,0.402,0.40700000000000003,0.04,0.154
319,Beaver,OK,Crude prevalence,5018,3798,0.299,0.413,0.091,0.105,0.084,0.085,0.22899999999999998,0.139,0.41,0.384,0.040999999999999995,0.131
321,Beaver,PA,Crude prevalence,165631,133840,,,,,,,,,,,,0.157
323,Beaver,UT,Crude prevalence,7233,5146,0.24600000000000002,0.29600000000000004,0.083,0.105,0.057,0.055,0.253,0.098,0.32899999999999996,0.285,0.03,0.11800000000000001
325,Beaverhead,MT,Crude prevalence,9885,8156,0.295,0.34,0.098,0.109,0.07400000000000001,0.075,0.243,0.105,0.34700000000000003,0.28300000000000003,0.038,0.11199999999999999
327,Becker,MN,Crude prevalence,35283,27215,0.278,0.379,0.10300000000000001,0.10099999999999999,0.078,0.07200000000000001,0.239,0.11800000000000001,0.354,0.373,0.039,0.134
329,Beckham,OK,Crude prevalence,22042,16887,0.282,0.409,0.076,0.11199999999999999,0.079,0.095,0.243,0.133,0.38,0.4,0.04,0.183
331,Bedford,PA,Crude prevalence,47350,38115,,,,,,,,,,,,0.21
333,Bedford,TN,Crude prevalence,53055,39707,0.303,0.39399999999999996,0.078,0.11,0.07,0.092,0.29600000000000004,0.135,0.38799999999999996,0.444,0.037000000000000005,0.17
335,Bedford,VA,Crude prevalence,81525,65762,0.315,0.37799999999999995,0.10300000000000001,0.105,0.077,0.076,0.233,0.135,0.414,0.369,0.038,0.08900000000000001
337,Bee,TX,Crude prevalence,30850,24638,0.2,0.342,0.05,0.087,0.059000000000000004,0.057,0.196,0.139,0.342,0.392,0.032,0.18899999999999997
339,Belknap,NH,Crude prevalence,65027,53990,0.313,0.35700000000000004,0.113,0.10300000000000001,0.07,0.075,0.231,0.105,0.365,0.305,0.036000000000000004,0.079
341,Bell,KY,Crude prevalence,23317,18156,,,,,,,,,,,,0.25
343,Bell,TX,Crude prevalence,393193,285194,0.23,0.332,0.059000000000000004,0.107,0.054000000000000006,0.059000000000000004,0.247,0.126,0.314,0.43200000000000005,0.032,0.146
345,Belmont,OH,Crude prevalence,64918,52858,0.33799999999999997,0.414,0.1,0.111,0.086,0.098,0.26,0.145,0.41100000000000003,0.409,0.040999999999999995,0.157
347,Beltrami,MN,Crude prevalence,46718,35293,0.263,0.32299999999999995,0.084,0.11199999999999999,0.069,0.069,0.26899999999999996,0.113,0.327,0.385,0.037000000000000005,0.134
349,Ben Hill,GA,Crude prevalence,17128,12939,0.316,0.466,0.078,0.114,0.09,0.111,0.209,0.191,0.41,0.415,0.055999999999999994,0.248
351,Benewah,ID,Crude prevalence,10369,8064,0.332,0.38,0.1,0.11599999999999999,0.091,0.102,0.22399999999999998,0.135,0.371,0.363,0.048,0.196
353,Bennett,SD,Crude prevalence,3305,2277,0.289,0.389,0.079,0.132,0.098,0.115,0.22399999999999998,0.187,0.355,0.424,0.057,0.314
355,Bennington,VT,Crude prevalence,37183,30362,0.315,0.35600000000000004,0.11,0.115,0.073,0.073,0.292,0.1,0.336,0.305,0.037000000000000005,0.11199999999999999
357,Benson,ND,Crude prevalence,5745,3810,0.303,0.40299999999999997,0.08199999999999999,0.124,0.09,0.098,0.215,0.154,0.375,0.433,0.048,0.228
359,Bent,CO,Crude prevalence,5681,4784,0.28300000000000003,0.369,0.078,0.10800000000000001,0.092,0.10099999999999999,0.22,0.147,0.35200000000000004,0.337,0.049,0.228
361,Benton,AR,Crude prevalence,311013,232841,0.226,0.32799999999999996,0.076,0.092,0.055999999999999994,0.059000000000000004,0.237,0.10300000000000001,0.32799999999999996,0.353,0.027999999999999997,0.121
363,Benton,IA,Crude prevalence,25796,19933,0.287,0.36200000000000004,0.099,0.098,0.07,0.071,0.2,0.111,0.373,0.408,0.034,0.086
365,Benton,IN,Crude prevalence,8729,6634,0.317,0.39799999999999996,0.091,0.115,0.08,0.1,0.265,0.142,0.397,0.424,0.04,0.205
367,Benton,MN,Crude prevalence,41600,31235,0.222,0.308,0.079,0.10300000000000001,0.059000000000000004,0.059000000000000004,0.257,0.102,0.327,0.415,0.031,0.084
369,Benton,MO,Crude prevalence,20552,16999,0.386,0.455,0.121,0.106,0.109,0.124,0.24100000000000002,0.16699999999999998,0.447,0.389,0.054000000000000006,0.157
371,Benton,MS,Crude prevalence,7438,5911,0.335,0.483,0.083,0.10099999999999999,0.08800000000000001,0.102,0.19399999999999998,0.174,0.414,0.424,0.052000000000000005,0.248
373,Benton,OR,Crude prevalence,97713,82818,0.251,0.27399999999999997,0.08,0.11599999999999999,0.057,0.057,0.267,0.09300000000000001,0.313,0.259,0.027999999999999997,0.132
375,Benton,TN,Crude prevalence,16103,12855,0.38299999999999995,0.46,0.10400000000000001,0.11199999999999999,0.1,0.127,0.294,0.16899999999999998,0.43,0.408,0.05,0.207
377,Benton,WA,Crude prevalence,215219,159518,0.244,0.292,0.083,0.10800000000000001,0.057999999999999996,0.055999999999999994,0.24,0.10400000000000001,0.364,0.36200000000000004,0.031,0.1
379,Benzie,MI,Crude prevalence,18441,15317,0.35200000000000004,0.39899999999999997,0.122,0.11,0.085,0.09,0.257,0.128,0.387,0.354,0.040999999999999995,0.1
381,Bergen,NJ,Crude prevalence,957736,759402,0.203,0.325,0.076,0.08,0.052000000000000005,0.044000000000000004,0.14,0.09699999999999999,0.413,0.256,0.027999999999999997,0.076
383,Berkeley,SC,Crude prevalence,255217,195733,0.255,0.364,0.07400000000000001,0.095,0.055999999999999994,0.062,0.22399999999999998,0.129,0.36700000000000005,0.379,0.033,0.085
385,Berkeley,WV,Crude prevalence,132440,101986,0.32299999999999995,0.396,0.08,0.122,0.067,0.084,0.295,0.135,0.39799999999999996,0.387,0.034,0.139
387,Berks,PA,Crude prevalence,432821,338644,,,,,,,,,,,,0.161
389,Berkshire,MA,Crude prevalence,126818,106721,0.311,0.348,0.10800000000000001,0.12,0.078,0.077,0.251,0.109,0.369,0.312,0.037000000000000005,0.1
391,Bernalillo,NM,Crude prevalence,671586,538537,0.249,0.335,0.07200000000000001,0.09699999999999999,0.065,0.055999999999999994,0.24600000000000002,0.11599999999999999,0.35600000000000004,0.33,0.034,0.109
393,Berrien,GA,Crude prevalence,18570,14256,0.313,0.41700000000000004,0.086,0.107,0.08800000000000001,0.107,0.22899999999999998,0.16,0.397,0.381,0.048,0.212
395,Berrien,MI,Crude prevalence,152261,120080,0.325,0.39799999999999996,0.1,0.11800000000000001,0.08,0.092,0.257,0.135,0.364,0.38799999999999996,0.042,0.09699999999999999
397,Bertie,NC,Crude prevalence,16922,14112,0.337,0.5,0.079,0.12,0.096,0.107,0.217,0.193,0.396,0.43,0.063,0.324
399,Bethel,AK,Crude prevalence,18224,11798,0.23399999999999999,0.375,0.05,0.136,0.077,0.099,0.21,0.138,0.317,0.391,0.048,0.305
401,Bexar,TX,Crude prevalence,2087679,1577040,0.21899999999999997,0.335,0.054000000000000006,0.09,0.054000000000000006,0.051,0.222,0.139,0.33,0.341,0.03,0.129
403,Bibb,AL,Crude prevalence,21868,17522,0.32299999999999995,0.46299999999999997,0.083,0.10400000000000001,0.085,0.102,0.244,0.162,0.424,0.439,0.047,0.214
405,Bibb,GA,Crude prevalence,156512,118300,0.28,0.446,0.069,0.11199999999999999,0.073,0.084,0.195,0.16899999999999998,0.377,0.447,0.048,0.218
407,Bienville,LA,Crude prevalence,12366,9519,0.37799999999999995,0.525,0.083,0.11199999999999999,0.111,0.134,0.26899999999999996,0.221,0.43200000000000005,0.475,0.068,0.307
409,Big Horn,MT,Crude prevalence,12751,8784,0.27699999999999997,0.35600000000000004,0.07200000000000001,0.141,0.083,0.1,0.252,0.151,0.311,0.355,0.05,0.28300000000000003
411,Big Horn,WY,Crude prevalence,12018,9180,0.28800000000000003,0.35700000000000004,0.099,0.10300000000000001,0.08199999999999999,0.08800000000000001,0.21600000000000003,0.126,0.359,0.33799999999999997,0.04,0.187
413,Big Stone,MN,Crude prevalence,5105,3985,0.295,0.37,0.114,0.1,0.08800000000000001,0.078,0.222,0.132,0.379,0.376,0.044000000000000004,0.121
415,Billings,ND,Crude prevalence,1034,812,0.302,0.385,0.106,0.094,0.084,0.07200000000000001,0.18600000000000003,0.121,0.37799999999999995,0.364,0.039,0.099
417,Bingham,ID,Crude prevalence,50395,35914,0.271,0.33,0.078,0.11,0.065,0.071,0.23,0.11199999999999999,0.32299999999999995,0.39,0.034,0.102
419,Black Hawk,IA,Crude prevalence,130471,101949,0.268,0.33899999999999997,0.08,0.10400000000000001,0.065,0.07,0.213,0.11599999999999999,0.368,0.40399999999999997,0.033,0.09699999999999999
421,Blackford,IN,Crude prevalence,11893,9240,0.35,0.439,0.10099999999999999,0.11699999999999999,0.096,0.121,0.265,0.16399999999999998,0.423,0.44299999999999995,0.048,0.223
423,Bladen,NC,Crude prevalence,29484,23400,0.33,0.46299999999999997,0.08900000000000001,0.11599999999999999,0.091,0.1,0.242,0.166,0.39799999999999996,0.413,0.053,0.19899999999999998
425,Blaine,ID,Crude prevalence,25041,20458,0.26899999999999996,0.31,0.099,0.099,0.066,0.061,0.18899999999999997,0.102,0.353,0.231,0.033,0.077
427,Blaine,MT,Crude prevalence,6899,4948,0.302,0.369,0.084,0.132,0.083,0.09300000000000001,0.243,0.14300000000000002,0.33799999999999997,0.41100000000000003,0.047,0.23199999999999998
429,Blaine,NE,Crude prevalence,436,344,0.306,0.397,0.107,0.094,0.083,0.081,0.174,0.133,0.384,0.39299999999999996,0.04,0.098
431,Blaine,OK,Crude prevalence,8539,6321,0.315,0.431,0.092,0.113,0.086,0.094,0.24600000000000002,0.14300000000000002,0.414,0.38299999999999995,0.043,0.21600000000000003
433,Blair,PA,Crude prevalence,120273,96265,,,,,,,,,,,,0.16
435,Blanco,TX,Crude prevalence,13048,10896,0.297,0.387,0.106,0.096,0.07400000000000001,0.07200000000000001,0.215,0.131,0.41,0.345,0.037000000000000005,0.10800000000000001
437,Bland,VA,Crude prevalence,6179,5302,0.326,0.4,0.10099999999999999,0.10400000000000001,0.083,0.08800000000000001,0.23600000000000002,0.138,0.415,0.365,0.040999999999999995,0.187
439,Bleckley,GA,Crude prevalence,12465,9890,0.299,0.402,0.083,0.10800000000000001,0.077,0.08800000000000001,0.218,0.147,0.395,0.377,0.043,0.151
441,Bledsoe,TN,Crude prevalence,15060,12741,0.373,0.457,0.094,0.111,0.102,0.135,0.29,0.17300000000000001,0.42,0.419,0.052000000000000005,0.251
443,Blount,AL,Crude prevalence,59816,46099,0.318,0.41200000000000003,0.09300000000000001,0.099,0.08,0.091,0.248,0.138,0.42200000000000004,0.361,0.040999999999999995,0.161
445,Blount,TN,Crude prevalence,141456,113587,0.335,0.408,0.098,0.105,0.075,0.09,0.293,0.134,0.405,0.363,0.037000000000000005,0.133
447,Blue Earth,MN,Crude prevalence,70006,56268,0.20199999999999999,0.289,0.071,0.105,0.055,0.054000000000000006,0.266,0.094,0.298,0.33799999999999997,0.028999999999999998,0.124
449,Boise,ID,Crude prevalence,8517,7188,0.336,0.38,0.114,0.105,0.081,0.077,0.214,0.121,0.392,0.319,0.04,0.113
451,Bolivar,MS,Crude prevalence,28968,21837,0.335,0.519,0.067,0.11199999999999999,0.08900000000000001,0.107,0.18899999999999997,0.205,0.40399999999999997,0.465,0.061,0.24
453,Bollinger,MO,Crude prevalence,10544,8227,0.34,0.41700000000000004,0.099,0.10800000000000001,0.08900000000000001,0.11199999999999999,0.259,0.141,0.40399999999999997,0.39299999999999996,0.046,0.245
455,Bon Homme,SD,Crude prevalence,7065,5697,0.27899999999999997,0.36700000000000005,0.09699999999999999,0.098,0.081,0.08,0.196,0.128,0.35,0.37,0.040999999999999995,0.128
457,Bond,IL,Crude prevalence,16450,13506,0.271,0.355,0.086,0.105,0.069,0.08,0.228,0.11599999999999999,0.361,0.39,0.036000000000000004,0.107
459,Bonner,ID,Crude prevalence,52547,42293,0.315,0.36700000000000005,0.109,0.107,0.084,0.084,0.213,0.11800000000000001,0.374,0.322,0.042,0.183
461,Bonneville,ID,Crude prevalence,131366,92871,0.252,0.299,0.076,0.106,0.055999999999999994,0.06,0.253,0.094,0.32799999999999996,0.33299999999999996,0.03,0.19899999999999998
463,Boone,AR,Crude prevalence,38530,29802,0.322,0.40700000000000003,0.099,0.102,0.085,0.09300000000000001,0.254,0.131,0.402,0.40700000000000003,0.040999999999999995,0.213
465,Boone,IA,Crude prevalence,26590,21104,0.28,0.364,0.096,0.098,0.066,0.068,0.20199999999999999,0.11199999999999999,0.37200000000000005,0.434,0.033,0.091
467,Boone,IL,Crude prevalence,53202,40735,0.268,0.349,0.083,0.1,0.067,0.07400000000000001,0.215,0.122,0.36700000000000005,0.368,0.035,0.158
469,Boone,IN,Crude prevalence,76120,56880,0.249,0.33399999999999996,0.086,0.10400000000000001,0.054000000000000006,0.059000000000000004,0.215,0.105,0.368,0.32899999999999996,0.026000000000000002,0.066
471,Boone,KY,Crude prevalence,140496,105062,,,,,,,,,,,,0.14
473,Boone,MO,Crude prevalence,189463,151585,0.231,0.301,0.07,0.10400000000000001,0.052000000000000005,0.06,0.24100000000000002,0.095,0.331,0.298,0.027000000000000003,0.13699999999999998
475,Boone,NE,Crude prevalence,5310,4024,0.301,0.374,0.107,0.08900000000000001,0.08199999999999999,0.08,0.168,0.127,0.377,0.331,0.040999999999999995,0.11900000000000001
477,Boone,WV,Crude prevalence,20576,16396,0.41200000000000003,0.48100000000000004,0.10099999999999999,0.125,0.09699999999999999,0.124,0.31,0.17300000000000001,0.451,0.467,0.046,0.23
479,Borden,TX,Crude prevalence,572,455,0.298,0.396,0.107,0.096,0.079,0.07400000000000001,0.217,0.132,0.41100000000000003,0.332,0.039,0.091
481,Bosque,TX,Crude prevalence,18996,15064,0.306,0.4,0.102,0.1,0.084,0.087,0.22899999999999998,0.14300000000000002,0.408,0.359,0.043,0.172
483,Bossier,LA,Crude prevalence,129795,97847,0.278,0.39299999999999996,0.075,0.10099999999999999,0.067,0.076,0.268,0.132,0.37,0.409,0.038,0.156
485,Botetourt,VA,Crude prevalence,34125,27833,0.315,0.39399999999999996,0.106,0.10400000000000001,0.076,0.076,0.23600000000000002,0.13,0.413,0.35100000000000003,0.037000000000000005,0.087
487,Bottineau,ND,Crude prevalence,6349,4933,0.311,0.38799999999999996,0.109,0.1,0.08,0.073,0.192,0.11900000000000001,0.392,0.377,0.039,0.066
489,Boulder,CO,Crude prevalence,326831,271124,0.207,0.21899999999999997,0.08199999999999999,0.10300000000000001,0.048,0.047,0.233,0.071,0.299,0.16699999999999998,0.025,0.08199999999999999
491,Boundary,ID,Crude prevalence,13557,10356,0.32899999999999996,0.361,0.1,0.11199999999999999,0.085,0.09300000000000001,0.218,0.126,0.36700000000000005,0.33299999999999996,0.044000000000000004,0.192
493,Bourbon,KS,Crude prevalence,14408,10633,0.307,0.382,0.092,0.10400000000000001,0.079,0.08900000000000001,0.217,0.127,0.38799999999999996,0.36700000000000005,0.04,0.141
495,Bourbon,KY,Crude prevalence,20134,15577,,,,,,,,,,,,0.16699999999999998
497,Bowie,TX,Crude prevalence,91687,69941,0.271,0.389,0.077,0.10800000000000001,0.071,0.081,0.23600000000000002,0.138,0.36200000000000004,0.36700000000000005,0.040999999999999995,0.177
499,Bowman,ND,Crude prevalence,2867,2165,0.305,0.36700000000000005,0.107,0.099,0.078,0.07400000000000001,0.192,0.114,0.377,0.363,0.038,0.121
501,Box Butte,NE,Crude prevalence,10692,8035,0.27699999999999997,0.366,0.094,0.092,0.077,0.076,0.168,0.13,0.35,0.38799999999999996,0.038,0.142
503,Box Elder,UT,Crude prevalence,62684,43845,0.233,0.289,0.078,0.111,0.054000000000000006,0.055999999999999994,0.265,0.09300000000000001,0.31,0.326,0.028999999999999998,0.099
505,Boyd,KY,Crude prevalence,47826,37692,,,,,,,,,,,,0.147
507,Boyd,NE,Crude prevalence,1725,1404,0.332,0.43,0.122,0.09,0.098,0.09300000000000001,0.16,0.14800000000000002,0.387,0.379,0.048,0.124
509,Boyle,KY,Crude prevalence,30988,24639,,,,,,,,,,,,0.185
511,Bracken,KY,Crude prevalence,8426,6453,,,,,,,,,,,,0.212
513,Bradford,FL,Crude prevalence,27858,21945,0.29600000000000004,0.385,0.092,0.105,0.086,0.105,0.203,0.14400000000000002,0.379,0.349,0.046,0.198
515,Bradford,PA,Crude prevalence,59695,46501,,,,,,,,,,,,0.201
517,Bradley,AR,Crude prevalence,10104,7612,0.32899999999999996,0.48700000000000004,0.081,0.10800000000000001,0.094,0.107,0.23199999999999998,0.17600000000000002,0.41700000000000004,0.425,0.053,0.266
519,Bradley,TN,Crude prevalence,111579,87424,0.312,0.408,0.08800000000000001,0.10800000000000001,0.073,0.09,0.287,0.134,0.387,0.415,0.037000000000000005,0.14
521,Branch,MI,Crude prevalence,45215,34668,0.322,0.396,0.09699999999999999,0.11599999999999999,0.083,0.102,0.275,0.133,0.369,0.36,0.042,0.128
523,Brantley,GA,Crude prevalence,18401,14186,0.307,0.40299999999999997,0.09,0.106,0.084,0.10300000000000001,0.24,0.14400000000000002,0.41,0.39,0.044000000000000004,0.20600000000000002
525,Braxton,WV,Crude prevalence,12162,9951,0.415,0.49,0.10400000000000001,0.124,0.111,0.14300000000000002,0.302,0.191,0.447,0.415,0.054000000000000006,0.297
527,Brazoria,TX,Crude prevalence,398938,297394,0.213,0.34600000000000003,0.062,0.094,0.051,0.051,0.19899999999999998,0.12,0.34299999999999997,0.363,0.028999999999999998,0.08800000000000001
529,Brazos,TX,Crude prevalence,244703,195226,0.17600000000000002,0.278,0.049,0.099,0.046,0.052000000000000005,0.242,0.09699999999999999,0.298,0.294,0.026000000000000002,0.161
531,Breathitt,KY,Crude prevalence,12953,10214,,,,,,,,,,,,0.298
533,Breckinridge,KY,Crude prevalence,21124,16388,,,,,,,,,,,,0.243
535,Bremer,IA,Crude prevalence,25307,19617,0.265,0.33399999999999996,0.094,0.096,0.064,0.063,0.195,0.099,0.33899999999999997,0.376,0.031,0.09300000000000001
537,Brevard,FL,Crude prevalence,643979,528274,0.3,0.38799999999999996,0.106,0.096,0.079,0.078,0.18600000000000003,0.131,0.405,0.34,0.039,0.107
539,Brewster,TX,Crude prevalence,9513,7906,0.247,0.35,0.084,0.08900000000000001,0.066,0.055,0.201,0.128,0.37799999999999995,0.32799999999999996,0.033,0.081
541,Briscoe,TX,Crude prevalence,1445,1128,0.318,0.434,0.095,0.10300000000000001,0.099,0.10400000000000001,0.228,0.175,0.41600000000000004,0.395,0.052000000000000005,0.243
543,Bristol,MA,Crude prevalence,581841,463617,0.27899999999999997,0.335,0.08900000000000001,0.126,0.068,0.076,0.23800000000000002,0.10800000000000001,0.365,0.321,0.035,0.145
545,Bristol,RI,Crude prevalence,50255,41462,0.266,0.324,0.10099999999999999,0.107,0.06,0.059000000000000004,0.23399999999999999,0.098,0.35,0.256,0.028999999999999998,0.079
547,Bristol,VA,Crude prevalence,16807,13451,0.335,0.41,0.099,0.113,0.087,0.1,0.256,0.14800000000000002,0.41200000000000003,0.392,0.045,0.13
549,Bristol Bay,AK,Crude prevalence,844,663,0.266,0.363,0.086,0.11,0.076,0.071,0.188,0.113,0.35200000000000004,0.349,0.040999999999999995,0.122
551,Broadwater,MT,Crude prevalence,8032,6410,0.301,0.353,0.10300000000000001,0.109,0.07200000000000001,0.075,0.231,0.10400000000000001,0.349,0.307,0.037000000000000005,0.11199999999999999
553,Bronx,NY,Crude prevalence,1356476,1031703,0.23,0.365,0.051,0.11800000000000001,0.07,0.069,0.158,0.161,0.374,0.335,0.044000000000000004,0.22699999999999998
555,Brooke,WV,Crude prevalence,21373,17740,0.382,0.446,0.106,0.11699999999999999,0.087,0.098,0.28800000000000003,0.155,0.43200000000000005,0.4,0.040999999999999995,0.19
557,Brookings,SD,Crude prevalence,35980,28513,0.188,0.255,0.07200000000000001,0.098,0.05,0.049,0.235,0.085,0.28300000000000003,0.35700000000000004,0.025,0.115
559,Brooks,GA,Crude prevalence,16245,12902,0.336,0.479,0.087,0.111,0.1,0.11599999999999999,0.20199999999999999,0.2,0.428,0.402,0.059000000000000004,0.205
561,Brooks,TX,Crude prevalence,6848,5111,0.23600000000000002,0.38299999999999995,0.051,0.08800000000000001,0.081,0.071,0.193,0.198,0.385,0.426,0.044000000000000004,0.182
563,Broome,NY,Crude prevalence,196077,158802,0.298,0.35,0.091,0.115,0.071,0.077,0.207,0.109,0.344,0.331,0.037000000000000005,0.11599999999999999
565,Broomfield,CO,Crude prevalence,76860,61571,0.22,0.245,0.08199999999999999,0.10300000000000001,0.044000000000000004,0.042,0.214,0.071,0.316,0.223,0.023,0.062
567,Broward,FL,Crude prevalence,1962531,1559291,0.23600000000000002,0.363,0.076,0.092,0.067,0.063,0.156,0.135,0.382,0.306,0.037000000000000005,0.124
569,Brown,IL,Crude prevalence,6294,5228,0.245,0.364,0.071,0.1,0.065,0.08,0.205,0.11699999999999999,0.344,0.415,0.035,0.175
571,Brown,IN,Crude prevalence,15653,13065,0.345,0.43,0.111,0.109,0.085,0.095,0.24100000000000002,0.147,0.42700000000000005,0.361,0.040999999999999995,0.16699999999999998
573,Brown,KS,Crude prevalence,9250,6932,0.322,0.40399999999999997,0.099,0.105,0.084,0.09,0.21,0.135,0.39,0.396,0.042,0.131
575,Brown,MN,Crude prevalence,25628,19942,0.258,0.34299999999999997,0.099,0.1,0.07200000000000001,0.066,0.23600000000000002,0.115,0.34299999999999997,0.355,0.037000000000000005,0.10300000000000001
577,Brown,NE,Crude prevalence,2853,2242,0.301,0.39299999999999996,0.10800000000000001,0.09300000000000001,0.085,0.084,0.17,0.132,0.366,0.402,0.042,0.13
579,Brown,OH,Crude prevalence,43777,33846,0.342,0.42200000000000004,0.09699999999999999,0.114,0.087,0.10400000000000001,0.273,0.145,0.402,0.41600000000000004,0.042,0.21600000000000003
581,Brown,SD,Crude prevalence,37733,28884,0.278,0.317,0.09300000000000001,0.09699999999999999,0.065,0.063,0.20199999999999999,0.11199999999999999,0.331,0.35100000000000003,0.033,0.098
583,Brown,TX,Crude prevalence,38709,30770,0.28,0.381,0.08800000000000001,0.10099999999999999,0.078,0.085,0.235,0.14,0.38799999999999996,0.349,0.040999999999999995,0.129
585,Brown,WI,Crude prevalence,271417,209911,0.252,0.315,0.083,0.107,0.062,0.061,0.23199999999999998,0.105,0.33899999999999997,0.41100000000000003,0.031,0.063
587,Brule,SD,Crude prevalence,5311,4007,0.299,0.37,0.10400000000000001,0.105,0.08199999999999999,0.081,0.203,0.132,0.373,0.382,0.042,0.175
589,Brunswick,NC,Crude prevalence,159964,137936,0.35700000000000004,0.41600000000000004,0.12300000000000001,0.10400000000000001,0.08800000000000001,0.085,0.23399999999999999,0.135,0.42100000000000004,0.32799999999999996,0.043,0.122
591,Brunswick,VA,Crude prevalence,15749,13267,0.321,0.456,0.076,0.11699999999999999,0.086,0.096,0.20800000000000002,0.182,0.40700000000000003,0.434,0.054000000000000006,0.23
593,Bryan,GA,Crude prevalence,49739,35571,0.223,0.32799999999999996,0.07,0.096,0.047,0.05,0.205,0.1,0.34299999999999997,0.335,0.026000000000000002,0.156
595,Bryan,OK,Crude prevalence,48967,37465,0.293,0.40299999999999997,0.08199999999999999,0.122,0.081,0.094,0.27,0.134,0.4,0.4,0.042,0.152
597,Buchanan,IA,Crude prevalence,20691,15459,0.278,0.35600000000000004,0.095,0.1,0.067,0.07,0.20199999999999999,0.111,0.358,0.376,0.033,0.128
599,Buchanan,MO,Crude prevalence,82956,64505,0.29600000000000004,0.379,0.085,0.109,0.076,0.09300000000000001,0.248,0.13,0.392,0.429,0.039,0.249
601,Buchanan,VA,Crude prevalence,19087,15806,0.364,0.442,0.102,0.11599999999999999,0.106,0.13,0.266,0.174,0.436,0.389,0.054000000000000006,0.195
603,Buckingham,VA,Crude prevalence,16978,13997,0.311,0.436,0.08,0.113,0.083,0.09300000000000001,0.228,0.166,0.413,0.436,0.048,0.233
605,Bucks,PA,Crude prevalence,645984,518476,,,,,,,,,,,,0.127
607,Buena Vista,IA,Crude prevalence,20567,15115,0.252,0.34299999999999997,0.076,0.094,0.071,0.07200000000000001,0.18,0.13,0.36700000000000005,0.381,0.036000000000000004,0.171
609,Buena Vista,VA,Crude prevalence,6566,5153,0.29100000000000004,0.36200000000000004,0.085,0.115,0.075,0.08800000000000001,0.26899999999999996,0.129,0.381,0.37,0.039,0.191
611,Buffalo,NE,Crude prevalence,50697,39269,0.23,0.32,0.081,0.092,0.059000000000000004,0.057999999999999996,0.18100000000000002,0.096,0.316,0.373,0.028999999999999998,0.094
613,Buffalo,SD,Crude prevalence,1884,1197,0.258,0.35600000000000004,0.055999999999999994,0.14,0.08,0.099,0.226,0.175,0.305,0.485,0.049,0.23800000000000002
615,Buffalo,WI,Crude prevalence,13419,10742,0.306,0.366,0.102,0.107,0.081,0.078,0.23399999999999999,0.128,0.37200000000000005,0.396,0.039,0.106
617,Bullitt,KY,Crude prevalence,84863,67051,,,,,,,,,,,,0.171
619,Bulloch,GA,Crude prevalence,84327,67469,0.222,0.35100000000000003,0.061,0.106,0.055999999999999994,0.066,0.214,0.115,0.34600000000000003,0.389,0.033,0.17600000000000002
621,Bullock,AL,Crude prevalence,9897,7878,0.353,0.5660000000000001,0.063,0.115,0.107,0.13,0.21100000000000002,0.24600000000000002,0.43200000000000005,0.513,0.073,0.353
623,Buncombe,NC,Crude prevalence,275901,227608,0.276,0.361,0.09699999999999999,0.10300000000000001,0.067,0.069,0.247,0.109,0.355,0.313,0.034,0.071
625,Bureau,IL,Crude prevalence,32729,26017,0.307,0.379,0.10099999999999999,0.102,0.08,0.08900000000000001,0.225,0.132,0.391,0.381,0.040999999999999995,0.152
627,Burke,GA,Crude prevalence,24438,18515,0.313,0.457,0.07400000000000001,0.114,0.083,0.098,0.204,0.183,0.397,0.401,0.052000000000000005,0.247
629,Burke,NC,Crude prevalence,88338,72201,0.32,0.40399999999999997,0.095,0.109,0.086,0.098,0.261,0.138,0.38299999999999995,0.368,0.044000000000000004,0.204
631,Burke,ND,Crude prevalence,2134,1599,0.299,0.37200000000000005,0.105,0.09699999999999999,0.073,0.067,0.193,0.111,0.382,0.373,0.035,0.08199999999999999
633,Burleigh,ND,Crude prevalence,100012,76833,0.257,0.308,0.08900000000000001,0.098,0.059000000000000004,0.055999999999999994,0.191,0.09300000000000001,0.345,0.35200000000000004,0.028999999999999998,0.076
635,Burleson,TX,Crude prevalence,19475,15139,0.278,0.39299999999999996,0.087,0.10099999999999999,0.07400000000000001,0.078,0.221,0.14,0.391,0.359,0.04,0.149
637,Burlington,NJ,Crude prevalence,469167,373419,0.253,0.34,0.08199999999999999,0.092,0.055999999999999994,0.052000000000000005,0.157,0.105,0.4,0.302,0.031,0.08900000000000001
639,Burnet,TX,Crude prevalence,53991,43122,0.292,0.38299999999999995,0.096,0.098,0.077,0.078,0.222,0.135,0.39799999999999996,0.353,0.039,0.11599999999999999
641,Burnett,WI,Crude prevalence,17092,14468,0.355,0.41200000000000003,0.11900000000000001,0.109,0.1,0.09699999999999999,0.221,0.155,0.405,0.39,0.049,0.102
643,Burt,NE,Crude prevalence,6727,5218,0.287,0.39899999999999997,0.106,0.092,0.083,0.081,0.172,0.131,0.363,0.40299999999999997,0.040999999999999995,0.141
645,Butler,AL,Crude prevalence,18382,14276,0.35200000000000004,0.51,0.084,0.109,0.091,0.10300000000000001,0.225,0.18899999999999997,0.434,0.40399999999999997,0.055,0.222
647,Butler,IA,Crude prevalence,14172,11057,0.317,0.38799999999999996,0.10400000000000001,0.099,0.08,0.083,0.203,0.126,0.387,0.39299999999999996,0.04,0.133
649,Butler,KS,Crude prevalence,68632,51856,0.265,0.345,0.084,0.102,0.062,0.066,0.212,0.107,0.368,0.39,0.031,0.11
651,Butler,KY,Crude prevalence,12375,9514,,,,,,,,,,,,0.24600000000000002
653,Butler,MO,Crude prevalence,41948,32109,0.345,0.425,0.092,0.11599999999999999,0.09,0.11800000000000001,0.27399999999999997,0.153,0.41,0.41100000000000003,0.048,0.198
655,Butler,NE,Crude prevalence,8459,6408,0.27,0.348,0.09699999999999999,0.092,0.071,0.07,0.163,0.113,0.342,0.386,0.035,0.163
657,Butler,OH,Crude prevalence,393043,302288,0.27399999999999997,0.353,0.08199999999999999,0.10800000000000001,0.066,0.07200000000000001,0.257,0.125,0.35,0.39,0.033,0.16399999999999998
659,Butler,PA,Crude prevalence,198413,160653,,,,,,,,,,,,0.138
661,Butte,CA,Crude prevalence,207172,164973,0.23800000000000002,0.322,0.081,0.105,0.065,0.068,0.256,0.107,0.33899999999999997,0.293,0.035,0.102
663,Butte,ID,Crude prevalence,2758,2126,0.354,0.40299999999999997,0.105,0.115,0.105,0.11800000000000001,0.23800000000000002,0.152,0.389,0.355,0.054000000000000006,0.142
665,Butte,SD,Crude prevalence,10863,8174,0.28800000000000003,0.358,0.099,0.10400000000000001,0.079,0.081,0.213,0.125,0.35200000000000004,0.35700000000000004,0.04,0.147
667,Butts,GA,Crude prevalence,26887,21395,0.263,0.396,0.073,0.10400000000000001,0.068,0.08,0.204,0.138,0.37200000000000005,0.382,0.04,0.188
669,Cabarrus,NC,Crude prevalence,240016,180188,0.251,0.34700000000000003,0.07200000000000001,0.10400000000000001,0.055,0.057999999999999996,0.23399999999999999,0.10800000000000001,0.342,0.33299999999999996,0.031,0.16
671,Cabell,WV,Crude prevalence,92082,73859,0.366,0.39799999999999996,0.091,0.128,0.081,0.098,0.324,0.149,0.405,0.441,0.039,0.207
673,Cache,UT,Crude prevalence,142393,101374,0.201,0.24600000000000002,0.064,0.105,0.043,0.046,0.27699999999999997,0.078,0.282,0.27899999999999997,0.024,0.168
675,Caddo,LA,Crude prevalence,226386,173794,0.325,0.47100000000000003,0.075,0.10800000000000001,0.084,0.094,0.266,0.172,0.40399999999999997,0.42200000000000004,0.051,0.23
677,Caddo,OK,Crude prevalence,26214,20174,0.28600000000000003,0.41600000000000004,0.073,0.115,0.08199999999999999,0.095,0.242,0.149,0.369,0.402,0.043,0.258
679,Calaveras,CA,Crude prevalence,46565,38409,0.311,0.37799999999999995,0.11199999999999999,0.10300000000000001,0.087,0.084,0.23199999999999998,0.132,0.40700000000000003,0.298,0.045,0.11900000000000001
681,Calcasieu,LA,Crude prevalence,203761,153336,0.299,0.42200000000000004,0.078,0.102,0.07200000000000001,0.081,0.275,0.142,0.389,0.43,0.04,0.145
683,Caldwell,KY,Crude prevalence,12551,9631,,,,,,,,,,,,0.196
685,Caldwell,LA,Crude prevalence,9389,7310,0.33299999999999996,0.452,0.084,0.105,0.094,0.11699999999999999,0.292,0.16699999999999998,0.408,0.386,0.052000000000000005,0.253
687,Caldwell,MO,Crude prevalence,8955,6849,0.32,0.391,0.098,0.107,0.081,0.098,0.249,0.13,0.4,0.389,0.040999999999999995,0.203
689,Caldwell,NC,Crude prevalence,80574,64820,0.31,0.39799999999999996,0.096,0.11,0.084,0.096,0.263,0.132,0.39,0.33399999999999996,0.043,0.19399999999999998
691,Caldwell,TX,Crude prevalence,49859,38288,0.235,0.349,0.062,0.094,0.065,0.068,0.214,0.146,0.365,0.42200000000000004,0.036000000000000004,0.191
693,Caledonia,VT,Crude prevalence,30610,25067,0.303,0.349,0.1,0.113,0.071,0.078,0.267,0.10099999999999999,0.349,0.313,0.037000000000000005,0.142
695,Calhoun,AL,Crude prevalence,116429,91555,0.316,0.44799999999999995,0.08199999999999999,0.106,0.077,0.08900000000000001,0.24600000000000002,0.14800000000000002,0.40399999999999997,0.386,0.042,0.166
697,Calhoun,AR,Crude prevalence,4641,3792,0.314,0.455,0.09,0.10300000000000001,0.085,0.08900000000000001,0.23,0.146,0.41,0.392,0.046,0.22
699,Calhoun,FL,Crude prevalence,13470,10766,0.305,0.40299999999999997,0.092,0.106,0.092,0.111,0.19899999999999998,0.152,0.406,0.4,0.048,0.21
701,Calhoun,GA,Crude prevalence,5457,4642,0.272,0.469,0.061,0.106,0.081,0.09300000000000001,0.17300000000000001,0.185,0.375,0.436,0.054000000000000006,0.32
703,Calhoun,IA,Crude prevalence,9763,7637,0.302,0.371,0.102,0.098,0.078,0.08,0.19699999999999998,0.12300000000000001,0.377,0.39799999999999996,0.038,0.115
705,Calhoun,IL,Crude prevalence,4317,3452,0.314,0.38,0.111,0.10099999999999999,0.075,0.078,0.212,0.11900000000000001,0.401,0.353,0.037000000000000005,0.077
707,Calhoun,MI,Crude prevalence,133366,102982,0.314,0.39399999999999996,0.091,0.11800000000000001,0.076,0.092,0.26899999999999996,0.133,0.37,0.425,0.04,0.09
709,Calhoun,MS,Crude prevalence,12685,9911,0.344,0.49,0.087,0.102,0.095,0.114,0.2,0.182,0.408,0.41100000000000003,0.055999999999999994,0.218
711,Calhoun,SC,Crude prevalence,14186,11559,0.331,0.45299999999999996,0.09300000000000001,0.10099999999999999,0.08199999999999999,0.08800000000000001,0.212,0.17300000000000001,0.401,0.40700000000000003,0.05,0.157
713,Calhoun,TX,Crude prevalence,19696,15174,0.255,0.368,0.076,0.092,0.073,0.069,0.201,0.147,0.387,0.348,0.038,0.159
715,Calhoun,WV,Crude prevalence,5959,4871,0.45799999999999996,0.514,0.109,0.127,0.125,0.162,0.309,0.21100000000000002,0.46799999999999997,0.408,0.06,0.281
717,Callahan,TX,Crude prevalence,14374,11235,0.289,0.385,0.095,0.102,0.076,0.08199999999999999,0.239,0.132,0.39899999999999997,0.36200000000000004,0.039,0.141
719,Callaway,MO,Crude prevalence,44731,35515,0.295,0.37,0.08900000000000001,0.106,0.071,0.084,0.247,0.11900000000000001,0.37799999999999995,0.369,0.036000000000000004,0.188
721,Calloway,KY,Crude prevalence,38280,31199,,,,,,,,,,,,0.19699999999999998
723,Calumet,WI,Crude prevalence,53199,41590,0.259,0.31,0.08800000000000001,0.107,0.061,0.059000000000000004,0.23399999999999999,0.10300000000000001,0.337,0.33299999999999996,0.03,0.10400000000000001
725,Calvert,MD,Crude prevalence,94728,72945,0.27899999999999997,0.369,0.08900000000000001,0.105,0.055,0.059000000000000004,0.19699999999999998,0.109,0.375,0.363,0.03,0.08900000000000001
727,Camas,ID,Crude prevalence,1232,960,0.311,0.36,0.105,0.105,0.079,0.078,0.21,0.11800000000000001,0.37,0.297,0.04,0.102
729,Cambria,PA,Crude prevalence,130668,105683,,,,,,,,,,,,0.15
731,Camden,GA,Crude prevalence,58118,44234,0.251,0.35700000000000004,0.07400000000000001,0.10099999999999999,0.062,0.069,0.209,0.12300000000000001,0.364,0.37200000000000005,0.035,0.151
733,Camden,MO,Crude prevalence,44044,36598,0.363,0.423,0.12,0.10300000000000001,0.094,0.102,0.23,0.147,0.441,0.35600000000000004,0.046,0.155
735,Camden,NC,Crude prevalence,11137,8653,0.27899999999999997,0.35600000000000004,0.086,0.106,0.061,0.065,0.24600000000000002,0.107,0.365,0.35200000000000004,0.033,0.146
737,Camden,NJ,Crude prevalence,527196,407842,0.23800000000000002,0.33399999999999996,0.073,0.09699999999999999,0.057,0.057,0.17600000000000002,0.114,0.37799999999999995,0.298,0.033,0.102
739,Cameron,LA,Crude prevalence,4768,3710,0.319,0.413,0.095,0.098,0.08,0.08800000000000001,0.281,0.133,0.40700000000000003,0.364,0.04,0.198
741,Cameron,PA,Crude prevalence,4380,3604,,,,,,,,,,,,0.195
743,Cameron,TX,Crude prevalence,426710,306297,0.201,0.34,0.049,0.087,0.071,0.062,0.18899999999999997,0.183,0.365,0.40299999999999997,0.039,0.16699999999999998
745,Camp,TX,Crude prevalence,13000,9495,0.287,0.409,0.078,0.10800000000000001,0.083,0.095,0.235,0.161,0.387,0.4,0.047,0.19699999999999998
747,Campbell,KY,Crude prevalence,93702,74636,,,,,,,,,,,,0.14400000000000002
749,Campbell,SD,Crude prevalence,1340,1094,0.32899999999999996,0.4,0.13,0.095,0.094,0.081,0.184,0.138,0.396,0.33,0.045,0.11599999999999999
751,Campbell,TN,Crude prevalence,40223,31958,0.359,0.435,0.096,0.115,0.09300000000000001,0.124,0.31,0.157,0.42,0.426,0.047,0.18600000000000003
753,Campbell,VA,Crude prevalence,55270,44734,0.309,0.39299999999999996,0.092,0.111,0.078,0.084,0.231,0.142,0.40700000000000003,0.35600000000000004,0.040999999999999995,0.138
755,Campbell,WY,Crude prevalence,47498,35021,0.23600000000000002,0.29600000000000004,0.077,0.10300000000000001,0.055999999999999994,0.066,0.228,0.099,0.337,0.359,0.028999999999999998,0.16399999999999998
757,Canadian,OK,Crude prevalence,175829,131131,0.257,0.35600000000000004,0.07400000000000001,0.107,0.055999999999999994,0.059000000000000004,0.248,0.10400000000000001,0.366,0.39,0.027999999999999997,0.124
759,Candler,GA,Crude prevalence,11059,8146,0.299,0.42700000000000005,0.081,0.10800000000000001,0.084,0.098,0.212,0.165,0.401,0.42200000000000004,0.049,0.242
761,Cannon,TN,Crude prevalence,15063,11758,0.342,0.415,0.092,0.111,0.08199999999999999,0.10800000000000001,0.303,0.145,0.41,0.431,0.042,0.138
763,Canyon,ID,Crude prevalence,257674,189929,0.251,0.309,0.076,0.10800000000000001,0.059000000000000004,0.066,0.231,0.11199999999999999,0.342,0.353,0.032,0.129
765,Cape Girardeau,MO,Crude prevalence,82984,65388,0.27699999999999997,0.354,0.085,0.105,0.066,0.077,0.245,0.11199999999999999,0.36,0.34700000000000003,0.034,0.16899999999999998
767,Cape May,NJ,Crude prevalence,94610,78642,0.3,0.389,0.115,0.095,0.078,0.07200000000000001,0.17600000000000002,0.11699999999999999,0.45899999999999996,0.335,0.039,0.08800000000000001
769,Capitol,CT,Crude prevalence,975328,780140,0.25,0.325,0.083,0.11900000000000001,0.057,0.055999999999999994,0.218,0.11,0.391,0.319,0.032,0.09300000000000001
771,Carbon,MT,Crude prevalence,11419,9474,0.33899999999999997,0.401,0.114,0.109,0.08,0.08,0.228,0.11800000000000001,0.366,0.33,0.040999999999999995,0.125
773,Carbon,PA,Crude prevalence,65458,53158,,,,,,,,,,,,0.131
775,Carbon,UT,Crude prevalence,20609,15429,0.303,0.336,0.091,0.115,0.07400000000000001,0.077,0.285,0.128,0.325,0.35,0.039,0.185
777,Carbon,WY,Crude prevalence,14334,11192,0.258,0.34600000000000003,0.08900000000000001,0.099,0.07400000000000001,0.08,0.198,0.129,0.35600000000000004,0.386,0.038,0.11699999999999999
779,Caribou,ID,Crude prevalence,7219,5232,0.282,0.325,0.09,0.107,0.068,0.073,0.22,0.105,0.34,0.348,0.036000000000000004,0.17600000000000002
781,Carlisle,KY,Crude prevalence,4704,3595,,,,,,,,,,,,0.174
783,Carlton,MN,Crude prevalence,36825,28845,0.243,0.33299999999999996,0.092,0.105,0.068,0.064,0.265,0.11699999999999999,0.33799999999999997,0.38799999999999996,0.035,0.105
785,Caroline,MD,Crude prevalence,33593,25618,0.327,0.413,0.08900000000000001,0.11800000000000001,0.077,0.095,0.242,0.142,0.406,0.41700000000000004,0.043,0.149
787,Caroline,VA,Crude prevalence,32640,25204,0.28800000000000003,0.39399999999999996,0.076,0.111,0.067,0.07400000000000001,0.228,0.14,0.39,0.419,0.039,0.16
789,Carroll,AR,Crude prevalence,28814,22640,0.32899999999999996,0.45299999999999996,0.10099999999999999,0.098,0.09699999999999999,0.10400000000000001,0.242,0.15,0.42,0.376,0.047,0.175
791,Carroll,GA,Crude prevalence,127098,96984,0.261,0.36700000000000005,0.07200000000000001,0.10400000000000001,0.063,0.073,0.213,0.128,0.366,0.342,0.035,0.146
793,Carroll,IA,Crude prevalence,20522,15519,0.299,0.37200000000000005,0.10099999999999999,0.098,0.075,0.077,0.198,0.12,0.373,0.397,0.037000000000000005,0.11900000000000001
795,Carroll,IL,Crude prevalence,15526,12708,0.31,0.39299999999999996,0.10099999999999999,0.10099999999999999,0.08199999999999999,0.09,0.213,0.133,0.39,0.38799999999999996,0.040999999999999995,0.132
797,Carroll,IN,Crude prevalence,20525,16103,0.321,0.406,0.098,0.111,0.08,0.095,0.25,0.139,0.406,0.41600000000000004,0.039,0.184
799,Carroll,KY,Crude prevalence,10987,8019,,,,,,,,,,,,0.21600000000000003
801,Carroll,MD,Crude prevalence,176639,137462,0.27699999999999997,0.344,0.09699999999999999,0.10099999999999999,0.06,0.059000000000000004,0.225,0.10300000000000001,0.381,0.377,0.028999999999999998,0.07
803,Carroll,MO,Crude prevalence,8391,6542,0.332,0.39899999999999997,0.102,0.106,0.086,0.10300000000000001,0.249,0.139,0.396,0.386,0.044000000000000004,0.19899999999999998
805,Carroll,MS,Crude prevalence,9535,7933,0.348,0.501,0.09300000000000001,0.098,0.10300000000000001,0.113,0.18600000000000003,0.18600000000000003,0.426,0.4,0.059000000000000004,0.22899999999999998
807,Carroll,NH,Crude prevalence,52448,44871,0.32799999999999996,0.35100000000000003,0.125,0.1,0.078,0.075,0.215,0.107,0.391,0.307,0.038,0.078
809,Carroll,OH,Crude prevalence,26758,21195,0.355,0.41100000000000003,0.10400000000000001,0.111,0.091,0.105,0.255,0.149,0.406,0.389,0.044000000000000004,0.18100000000000002
811,Carroll,TN,Crude prevalence,28860,22607,0.34299999999999997,0.42,0.091,0.11199999999999999,0.084,0.105,0.297,0.152,0.406,0.428,0.044000000000000004,0.184
813,Carroll,VA,Crude prevalence,29239,24074,0.363,0.434,0.11,0.111,0.099,0.111,0.258,0.159,0.447,0.414,0.049,0.151
815,Carson,TX,Crude prevalence,5878,4511,0.27,0.36,0.092,0.099,0.068,0.069,0.23199999999999998,0.11699999999999999,0.382,0.34,0.034,0.092
817,Carson City,NV,Crude prevalence,58036,46575,0.28,0.345,0.092,0.105,0.07200000000000001,0.078,0.214,0.121,0.385,0.331,0.037000000000000005,0.102
819,Carter,KY,Crude prevalence,26366,20511,,,,,,,,,,,,0.27399999999999997
821,Carter,MO,Crude prevalence,5303,4026,0.358,0.433,0.098,0.113,0.09699999999999999,0.127,0.266,0.157,0.41,0.4,0.05,0.254
823,Carter,MT,Crude prevalence,1418,1121,0.342,0.39899999999999997,0.11900000000000001,0.111,0.092,0.095,0.23199999999999998,0.12300000000000001,0.381,0.32899999999999996,0.047,0.12300000000000001
825,Carter,OK,Crude prevalence,48596,36523,0.307,0.413,0.081,0.11699999999999999,0.077,0.08800000000000001,0.255,0.13699999999999998,0.392,0.397,0.04,0.205
827,Carter,TN,Crude prevalence,57022,47175,0.37200000000000005,0.447,0.10099999999999999,0.113,0.09300000000000001,0.11599999999999999,0.315,0.159,0.441,0.379,0.046,0.25
829,Carteret,NC,Crude prevalence,69615,58070,0.325,0.405,0.113,0.10400000000000001,0.081,0.081,0.24100000000000002,0.125,0.40299999999999997,0.34,0.04,0.127
831,Carver,MN,Crude prevalence,111057,83547,0.209,0.268,0.084,0.095,0.05,0.043,0.22899999999999998,0.085,0.303,0.32,0.025,0.061
833,Cascade,MT,Crude prevalence,84900,66139,0.31,0.33899999999999997,0.092,0.12300000000000001,0.067,0.075,0.271,0.10400000000000001,0.345,0.353,0.036000000000000004,0.142
835,Casey,KY,Crude prevalence,15918,12263,,,,,,,,,,,,0.261
837,Cass,IA,Crude prevalence,13130,10126,0.325,0.39799999999999996,0.106,0.102,0.087,0.092,0.21100000000000002,0.139,0.38799999999999996,0.40700000000000003,0.043,0.157
839,Cass,IL,Crude prevalence,12596,9542,0.285,0.374,0.086,0.102,0.07400000000000001,0.086,0.21600000000000003,0.134,0.377,0.406,0.039,0.195
841,Cass,IN,Crude prevalence,37666,28939,0.312,0.41,0.08800000000000001,0.111,0.081,0.1,0.248,0.153,0.40299999999999997,0.474,0.040999999999999995,0.20199999999999999
843,Cass,MI,Crude prevalence,51642,41306,0.331,0.39299999999999996,0.10300000000000001,0.11699999999999999,0.083,0.09699999999999999,0.26899999999999996,0.131,0.384,0.36200000000000004,0.042,0.1
845,Cass,MN,Crude prevalence,31446,25212,0.295,0.392,0.113,0.102,0.09,0.08199999999999999,0.23,0.142,0.384,0.369,0.044000000000000004,0.109
847,Cass,MO,Crude prevalence,111732,85880,0.28800000000000003,0.353,0.09300000000000001,0.10099999999999999,0.064,0.073,0.239,0.115,0.376,0.38,0.033,0.11900000000000001
849,Cass,ND,Crude prevalence,196362,152955,0.213,0.275,0.067,0.098,0.048,0.045,0.23800000000000002,0.079,0.31,0.33799999999999997,0.024,0.091
851,Cass,NE,Crude prevalence,27446,21215,0.257,0.345,0.094,0.092,0.064,0.062,0.182,0.10800000000000001,0.33399999999999996,0.402,0.032,0.115
853,Cass,TX,Crude prevalence,28659,22102,0.314,0.428,0.092,0.109,0.087,0.099,0.24,0.157,0.401,0.39299999999999996,0.049,0.156
855,Cassia,ID,Crude prevalence,25696,17834,0.251,0.32299999999999995,0.07400000000000001,0.106,0.065,0.069,0.221,0.11,0.332,0.375,0.034,0.129
857,Castro,TX,Crude prevalence,7227,5107,0.23800000000000002,0.36200000000000004,0.066,0.091,0.07200000000000001,0.067,0.201,0.155,0.377,0.382,0.038,0.166
859,Caswell,NC,Crude prevalence,22807,18569,0.32,0.441,0.086,0.113,0.085,0.095,0.235,0.155,0.38799999999999996,0.39299999999999996,0.05,0.21
861,Catahoula,LA,Crude prevalence,8414,6589,0.332,0.465,0.078,0.106,0.09300000000000001,0.11599999999999999,0.26899999999999996,0.177,0.40700000000000003,0.418,0.053,0.271
863,Catawba,NC,Crude prevalence,164645,129398,0.28600000000000003,0.374,0.08900000000000001,0.107,0.071,0.078,0.257,0.121,0.38,0.374,0.037000000000000005,0.13699999999999998
865,Catoosa,GA,Crude prevalence,68910,54038,0.278,0.363,0.09300000000000001,0.099,0.069,0.075,0.213,0.125,0.392,0.341,0.036000000000000004,0.092
867,Catron,NM,Crude prevalence,3825,3386,0.38799999999999996,0.47100000000000003,0.131,0.1,0.124,0.113,0.218,0.177,0.43700000000000006,0.316,0.061,0.2
869,Cattaraugus,NY,Crude prevalence,75600,59190,0.298,0.381,0.098,0.114,0.08,0.094,0.21600000000000003,0.121,0.4,0.35700000000000004,0.040999999999999995,0.11900000000000001
871,Cavalier,ND,Crude prevalence,3596,2772,0.322,0.397,0.11699999999999999,0.09699999999999999,0.085,0.07200000000000001,0.19,0.11800000000000001,0.405,0.395,0.04,0.068
873,Cayuga,NY,Crude prevalence,74485,60227,0.298,0.368,0.099,0.111,0.077,0.086,0.20800000000000002,0.11800000000000001,0.39299999999999996,0.35700000000000004,0.039,0.198
875,Cecil,MD,Crude prevalence,105672,82332,0.294,0.392,0.09,0.105,0.066,0.077,0.23199999999999998,0.132,0.395,0.413,0.035,0.133
877,Cedar,IA,Crude prevalence,18302,14479,0.28800000000000003,0.366,0.099,0.1,0.07200000000000001,0.07400000000000001,0.207,0.11900000000000001,0.365,0.408,0.036000000000000004,0.14
879,Cedar,MO,Crude prevalence,14672,11098,0.35200000000000004,0.426,0.106,0.109,0.099,0.122,0.252,0.156,0.419,0.39799999999999996,0.05,0.19
881,Cedar,NE,Crude prevalence,8262,6180,0.276,0.355,0.10400000000000001,0.09,0.073,0.069,0.159,0.113,0.34600000000000003,0.402,0.036000000000000004,0.11199999999999999
883,Centre,PA,Crude prevalence,157795,134873,,,,,,,,,,,,0.16699999999999998
885,Cerro Gordo,IA,Crude prevalence,42406,33545,0.32899999999999996,0.376,0.10300000000000001,0.1,0.079,0.08,0.213,0.125,0.374,0.401,0.039,0.10800000000000001
887,Chaffee,CO,Crude prevalence,20617,17609,0.292,0.32299999999999995,0.105,0.10800000000000001,0.071,0.071,0.21600000000000003,0.102,0.35600000000000004,0.257,0.036000000000000004,0.14800000000000002
889,Chambers,AL,Crude prevalence,34079,26970,0.342,0.48700000000000004,0.084,0.107,0.086,0.099,0.22699999999999998,0.179,0.418,0.415,0.052000000000000005,0.177
891,Chambers,TX,Crude prevalence,53876,38951,0.21899999999999997,0.321,0.064,0.1,0.052000000000000005,0.057,0.23399999999999999,0.10800000000000001,0.335,0.35,0.028999999999999998,0.124
893,Champaign,IL,Crude prevalence,205644,166549,0.214,0.287,0.065,0.10099999999999999,0.05,0.055999999999999994,0.226,0.096,0.322,0.311,0.027000000000000003,0.12
895,Champaign,OH,Crude prevalence,38845,30357,0.317,0.38,0.09699999999999999,0.11,0.075,0.085,0.255,0.127,0.375,0.43200000000000005,0.036000000000000004,0.138
897,Chariton,MO,Crude prevalence,7399,5676,0.34600000000000003,0.41,0.10800000000000001,0.105,0.091,0.10400000000000001,0.237,0.14,0.409,0.38299999999999995,0.046,0.23800000000000002
899,Charles,MD,Crude prevalence,171973,131229,0.256,0.414,0.067,0.107,0.052000000000000005,0.055,0.175,0.134,0.365,0.419,0.034,0.075
901,Charles City,VA,Crude prevalence,6610,5657,0.359,0.47700000000000004,0.08800000000000001,0.11800000000000001,0.091,0.095,0.21,0.19399999999999998,0.42700000000000005,0.42100000000000004,0.055999999999999994,0.16399999999999998
903,Charles Mix,SD,Crude prevalence,9240,6401,0.3,0.38299999999999995,0.09699999999999999,0.113,0.09,0.09300000000000001,0.209,0.153,0.358,0.40399999999999997,0.047,0.212
905,Charleston,SC,Crude prevalence,424367,342698,0.252,0.32299999999999995,0.084,0.08800000000000001,0.055,0.057,0.213,0.114,0.361,0.3,0.032,0.099
907,Charlevoix,MI,Crude prevalence,26159,21621,0.344,0.389,0.11900000000000001,0.11199999999999999,0.08199999999999999,0.086,0.247,0.12300000000000001,0.392,0.35,0.039,0.06
909,Charlotte,FL,Crude prevalence,206134,181904,0.385,0.451,0.14400000000000002,0.095,0.107,0.09699999999999999,0.162,0.156,0.46299999999999997,0.306,0.05,0.156
911,Charlotte,VA,Crude prevalence,11336,8826,0.35700000000000004,0.452,0.092,0.11900000000000001,0.099,0.115,0.24,0.18600000000000003,0.429,0.426,0.055999999999999994,0.19399999999999998
913,Charlottesville,VA,Crude prevalence,44983,37336,0.222,0.302,0.064,0.107,0.051,0.054000000000000006,0.244,0.10400000000000001,0.34,0.33,0.027999999999999997,0.10400000000000001
915,Charlton,GA,Crude prevalence,12934,10660,0.267,0.41200000000000003,0.068,0.1,0.078,0.091,0.201,0.161,0.381,0.415,0.045,0.248
917,Chase,KS,Crude prevalence,2579,2057,0.316,0.4,0.102,0.1,0.08900000000000001,0.09300000000000001,0.203,0.139,0.39299999999999996,0.382,0.043,0.16699999999999998
919,Chase,NE,Crude prevalence,3724,2808,0.287,0.368,0.10400000000000001,0.091,0.081,0.077,0.163,0.127,0.365,0.369,0.04,0.151
921,Chatham,GA,Crude prevalence,303655,241631,0.252,0.38799999999999996,0.07200000000000001,0.102,0.061,0.064,0.18899999999999997,0.131,0.354,0.33,0.037000000000000005,0.121
923,Chatham,NC,Crude prevalence,81624,66141,0.314,0.39899999999999997,0.106,0.102,0.078,0.073,0.221,0.129,0.39399999999999996,0.301,0.04,0.109
925,Chattahoochee,GA,Crude prevalence,8661,6690,0.139,0.257,0.032,0.092,0.034,0.043,0.21,0.075,0.262,0.358,0.02,0.207
927,Chattooga,GA,Crude prevalence,25222,19718,0.313,0.42,0.087,0.107,0.08900000000000001,0.113,0.231,0.16,0.406,0.35200000000000004,0.049,0.22899999999999998
929,Chautauqua,KS,Crude prevalence,3347,2613,0.335,0.426,0.10400000000000001,0.106,0.10099999999999999,0.109,0.21100000000000002,0.152,0.401,0.40399999999999997,0.05,0.136
931,Chautauqua,NY,Crude prevalence,124891,99281,0.304,0.373,0.099,0.11199999999999999,0.079,0.08800000000000001,0.20600000000000002,0.126,0.38799999999999996,0.363,0.04,0.136
933,Chaves,NM,Crude prevalence,63561,47930,0.265,0.369,0.067,0.099,0.075,0.07400000000000001,0.237,0.14300000000000002,0.354,0.39799999999999996,0.04,0.134
935,Cheatham,TN,Crude prevalence,42254,33283,0.31,0.381,0.087,0.107,0.066,0.08199999999999999,0.287,0.124,0.38,0.396,0.033,0.114
937,Cheboygan,MI,Crude prevalence,26048,22070,0.363,0.424,0.11800000000000001,0.11599999999999999,0.095,0.109,0.267,0.146,0.402,0.41100000000000003,0.046,0.077
939,Chelan,WA,Crude prevalence,79997,62106,0.27399999999999997,0.324,0.092,0.106,0.067,0.063,0.245,0.107,0.35700000000000004,0.29100000000000004,0.035,0.165
941,Chemung,NY,Crude prevalence,81325,64334,0.28800000000000003,0.368,0.096,0.11199999999999999,0.073,0.08199999999999999,0.214,0.115,0.38,0.307,0.038,0.141
943,Chenango,NY,Crude prevalence,45920,36448,0.316,0.371,0.105,0.11199999999999999,0.081,0.09,0.21100000000000002,0.12300000000000001,0.389,0.363,0.040999999999999995,0.20199999999999999
945,Cherokee,AL,Crude prevalence,25666,20877,0.359,0.45899999999999996,0.106,0.102,0.096,0.107,0.25,0.16,0.45899999999999996,0.395,0.048,0.18
947,Cherokee,GA,Crude prevalence,286602,222757,0.248,0.341,0.085,0.095,0.057,0.055999999999999994,0.20199999999999999,0.11,0.375,0.335,0.028999999999999998,0.085
949,Cherokee,IA,Crude prevalence,11605,8953,0.314,0.40299999999999997,0.10800000000000001,0.1,0.087,0.09,0.20199999999999999,0.13699999999999998,0.40299999999999997,0.406,0.043,0.161
951,Cherokee,KS,Crude prevalence,19054,14716,0.316,0.38799999999999996,0.09300000000000001,0.10800000000000001,0.085,0.09699999999999999,0.225,0.134,0.39,0.43799999999999994,0.043,0.142
953,Cherokee,NC,Crude prevalence,29959,25195,0.369,0.44799999999999995,0.121,0.107,0.10300000000000001,0.10800000000000001,0.254,0.152,0.434,0.348,0.051,0.138
955,Cherokee,OK,Crude prevalence,48185,37972,0.29,0.406,0.079,0.127,0.081,0.08900000000000001,0.253,0.14300000000000002,0.37200000000000005,0.429,0.042,0.207
957,Cherokee,SC,Crude prevalence,56714,43778,0.305,0.39799999999999996,0.085,0.10300000000000001,0.077,0.094,0.24100000000000002,0.15,0.391,0.38799999999999996,0.044000000000000004,0.183
959,Cherokee,TX,Crude prevalence,52217,39032,0.275,0.387,0.078,0.105,0.078,0.08900000000000001,0.23600000000000002,0.147,0.376,0.35700000000000004,0.043,0.20600000000000002
961,Cherry,NE,Crude prevalence,5492,4162,0.29100000000000004,0.375,0.102,0.095,0.08199999999999999,0.081,0.171,0.131,0.358,0.408,0.040999999999999995,0.11900000000000001
963,Chesapeake,VA,Crude prevalence,253886,192778,0.261,0.365,0.07,0.11,0.055999999999999994,0.059000000000000004,0.21600000000000003,0.128,0.35100000000000003,0.401,0.032,0.146
965,Cheshire,NH,Crude prevalence,77703,63936,0.298,0.33299999999999996,0.106,0.105,0.066,0.071,0.23600000000000002,0.095,0.332,0.299,0.034,0.105
967,Chester,PA,Crude prevalence,549784,430192,,,,,,,,,,,,0.08199999999999999
969,Chester,SC,Crude prevalence,32226,25136,0.315,0.43799999999999994,0.084,0.107,0.083,0.099,0.23,0.16899999999999998,0.406,0.379,0.051,0.191
971,Chester,TN,Crude prevalence,17606,13796,0.313,0.39799999999999996,0.083,0.115,0.075,0.098,0.308,0.139,0.39,0.39,0.039,0.179
973,Chesterfield,SC,Crude prevalence,44031,34239,0.322,0.446,0.083,0.10400000000000001,0.085,0.10300000000000001,0.231,0.18100000000000002,0.40700000000000003,0.452,0.052000000000000005,0.21899999999999997
975,Chesterfield,VA,Crude prevalence,383876,293524,0.271,0.365,0.076,0.106,0.055999999999999994,0.055999999999999994,0.212,0.124,0.391,0.364,0.031,0.09699999999999999
977,Cheyenne,CO,Crude prevalence,1727,1301,0.299,0.33799999999999997,0.102,0.113,0.076,0.08,0.228,0.113,0.364,0.28800000000000003,0.039,0.136
979,Cheyenne,KS,Crude prevalence,2636,2027,0.331,0.415,0.106,0.10099999999999999,0.098,0.10300000000000001,0.209,0.14800000000000002,0.402,0.38,0.047,0.149
981,Cheyenne,NE,Crude prevalence,9541,7351,0.281,0.375,0.099,0.09300000000000001,0.079,0.08,0.171,0.129,0.354,0.34700000000000003,0.04,0.113
983,Chickasaw,IA,Crude prevalence,11658,8978,0.305,0.386,0.105,0.09699999999999999,0.079,0.08,0.19,0.126,0.368,0.39399999999999996,0.039,0.127
985,Chickasaw,MS,Crude prevalence,16866,12706,0.326,0.478,0.076,0.10400000000000001,0.08800000000000001,0.106,0.191,0.184,0.414,0.433,0.055999999999999994,0.251
987,Chicot,AR,Crude prevalence,9538,7511,0.341,0.53,0.078,0.111,0.10300000000000001,0.115,0.215,0.205,0.419,0.47100000000000003,0.063,0.337
989,Childress,TX,Crude prevalence,6788,5492,0.228,0.34,0.067,0.095,0.063,0.069,0.21899999999999997,0.12,0.34600000000000003,0.361,0.034,0.228
991,Chilton,AL,Crude prevalence,46431,35269,0.314,0.431,0.086,0.1,0.076,0.08800000000000001,0.245,0.141,0.433,0.4,0.04,0.23199999999999998
993,Chippewa,MI,Crude prevalence,36264,29773,0.303,0.386,0.08800000000000001,0.121,0.078,0.091,0.268,0.127,0.35700000000000004,0.35600000000000004,0.04,0.16399999999999998
995,Chippewa,MN,Crude prevalence,12172,9114,0.27399999999999997,0.348,0.1,0.1,0.08199999999999999,0.076,0.24,0.128,0.355,0.40399999999999997,0.040999999999999995,0.113
997,Chippewa,WI,Crude prevalence,66970,52829,0.28300000000000003,0.34700000000000003,0.092,0.111,0.07200000000000001,0.07200000000000001,0.24100000000000002,0.11699999999999999,0.35200000000000004,0.41700000000000004,0.036000000000000004,0.139
999,Chisago,MN,Crude prevalence,58535,45564,0.253,0.32299999999999995,0.08900000000000001,0.1,0.062,0.057,0.24100000000000002,0.10300000000000001,0.35100000000000003,0.365,0.031,0.11
1001,Chittenden,VT,Crude prevalence,169481,140894,0.222,0.252,0.086,0.109,0.048,0.049,0.27,0.066,0.281,0.22699999999999998,0.026000000000000002,0.067
1003,Choctaw,AL,Crude prevalence,12252,9839,0.384,0.527,0.091,0.109,0.1,0.111,0.233,0.201,0.45299999999999996,0.444,0.06,0.22
1005,Choctaw,MS,Crude prevalence,8088,6352,0.34,0.479,0.095,0.09699999999999999,0.09,0.09699999999999999,0.192,0.16899999999999998,0.42200000000000004,0.402,0.052000000000000005,0.20199999999999999
1007,Choctaw,OK,Crude prevalence,14276,10723,0.34,0.461,0.09,0.126,0.099,0.115,0.253,0.172,0.41100000000000003,0.45399999999999996,0.053,0.237
1009,Chouteau,MT,Crude prevalence,5847,4657,0.314,0.375,0.099,0.11800000000000001,0.079,0.085,0.23800000000000002,0.122,0.358,0.35600000000000004,0.042,0.128
1011,Chowan,NC,Crude prevalence,13891,11123,0.34299999999999997,0.47100000000000003,0.096,0.115,0.095,0.105,0.235,0.17,0.409,0.40399999999999997,0.055,0.146
1013,Christian,IL,Crude prevalence,33228,26982,0.294,0.375,0.09300000000000001,0.10300000000000001,0.07400000000000001,0.086,0.22399999999999998,0.12300000000000001,0.377,0.381,0.038,0.165
1015,Christian,KY,Crude prevalence,72032,51521,,,,,,,,,,,,0.214
1017,Christian,MO,Crude prevalence,94422,70802,0.293,0.35,0.091,0.10300000000000001,0.063,0.07200000000000001,0.247,0.107,0.364,0.363,0.032,0.151
1019,Chugach,AK,Crude prevalence,6769,5268,0.244,0.33399999999999996,0.08,0.1,0.062,0.063,0.184,0.096,0.35,0.311,0.032,0.086
1021,Churchill,NV,Crude prevalence,25803,19917,0.297,0.354,0.091,0.11199999999999999,0.073,0.08199999999999999,0.22,0.11699999999999999,0.397,0.37799999999999995,0.038,0.155
1023,Cibola,NM,Crude prevalence,26780,20607,0.273,0.368,0.068,0.115,0.083,0.084,0.23399999999999999,0.166,0.33899999999999997,0.391,0.047,0.198
1025,Cimarron,OK,Crude prevalence,2191,1605,0.315,0.419,0.106,0.10099999999999999,0.087,0.081,0.215,0.13699999999999998,0.42200000000000004,0.376,0.040999999999999995,0.12
1027,Citrus,FL,Crude prevalence,166696,142235,0.365,0.426,0.134,0.09699999999999999,0.111,0.111,0.184,0.158,0.461,0.32299999999999995,0.053,0.165
1029,Clackamas,OR,Crude prevalence,423173,336240,0.27399999999999997,0.321,0.09699999999999999,0.11599999999999999,0.061,0.06,0.275,0.105,0.332,0.34,0.031,0.08
1031,Claiborne,LA,Crude prevalence,13670,11034,0.368,0.5429999999999999,0.08,0.11,0.11599999999999999,0.142,0.251,0.228,0.423,0.485,0.071,0.276
1033,Claiborne,MS,Crude prevalence,8617,6742,0.305,0.512,0.057,0.114,0.085,0.098,0.175,0.204,0.374,0.478,0.061,0.321
1035,Claiborne,TN,Crude prevalence,32654,26424,0.349,0.426,0.09300000000000001,0.113,0.085,0.113,0.309,0.15,0.41600000000000004,0.423,0.043,0.152
1037,Clallam,WA,Crude prevalence,77616,65282,0.36,0.38799999999999996,0.122,0.114,0.084,0.078,0.245,0.121,0.413,0.31,0.044000000000000004,0.115
1039,Clare,MI,Crude prevalence,31316,25226,0.374,0.445,0.111,0.121,0.102,0.127,0.281,0.154,0.415,0.405,0.051,0.20600000000000002
1041,Clarendon,SC,Crude prevalence,31004,25502,0.342,0.48100000000000004,0.09,0.107,0.09300000000000001,0.105,0.22,0.196,0.39799999999999996,0.38,0.057999999999999996,0.215
1043,Clarion,PA,Crude prevalence,36970,29971,,,,,,,,,,,,0.157
1045,Clark,AR,Crude prevalence,21274,16965,0.267,0.40299999999999997,0.071,0.109,0.07200000000000001,0.081,0.26,0.129,0.35600000000000004,0.4,0.039,0.218
1047,Clark,ID,Crude prevalence,801,612,0.284,0.363,0.084,0.10400000000000001,0.085,0.083,0.204,0.138,0.35600000000000004,0.36,0.043,0.20600000000000002
1049,Clark,IL,Crude prevalence,15088,11771,0.297,0.368,0.09699999999999999,0.10300000000000001,0.073,0.083,0.225,0.12,0.38,0.373,0.037000000000000005,0.113
1051,Clark,IN,Crude prevalence,125467,98156,0.29600000000000004,0.39799999999999996,0.084,0.113,0.067,0.081,0.259,0.125,0.371,0.439,0.034,0.195
1053,Clark,KS,Crude prevalence,1847,1425,0.297,0.37799999999999995,0.099,0.099,0.077,0.076,0.198,0.121,0.381,0.368,0.037000000000000005,0.17600000000000002
1055,Clark,KY,Crude prevalence,37304,28972,,,,,,,,,,,,0.2
1057,Clark,MO,Crude prevalence,6641,5096,0.348,0.42,0.102,0.10800000000000001,0.095,0.11699999999999999,0.254,0.149,0.41100000000000003,0.41700000000000004,0.048,0.213
1059,Clark,NV,Crude prevalence,2336573,1824661,0.239,0.345,0.068,0.10099999999999999,0.062,0.069,0.203,0.124,0.38,0.314,0.034,0.111
1061,Clark,OH,Crude prevalence,134610,104368,0.32899999999999996,0.41600000000000004,0.096,0.114,0.084,0.099,0.267,0.15,0.402,0.42200000000000004,0.042,0.19399999999999998
1063,Clark,SD,Crude prevalence,3948,2819,0.294,0.366,0.11,0.098,0.086,0.084,0.19899999999999998,0.131,0.371,0.341,0.043,0.142
1065,Clark,WA,Crude prevalence,521150,405348,0.255,0.311,0.084,0.11599999999999999,0.055999999999999994,0.055,0.26899999999999996,0.096,0.335,0.353,0.03,0.11
1067,Clark,WI,Crude prevalence,34774,24557,0.28800000000000003,0.337,0.08800000000000001,0.114,0.08199999999999999,0.09,0.226,0.125,0.36200000000000004,0.379,0.040999999999999995,0.12300000000000001
1069,Clarke,AL,Crude prevalence,22337,17444,0.34700000000000003,0.495,0.083,0.10800000000000001,0.087,0.09699999999999999,0.226,0.184,0.42,0.439,0.053,0.19699999999999998
1071,Clarke,GA,Crude prevalence,129933,108382,0.20199999999999999,0.311,0.055,0.106,0.051,0.057999999999999996,0.222,0.109,0.314,0.302,0.03,0.14800000000000002
1073,Clarke,IA,Crude prevalence,9588,7120,0.29600000000000004,0.382,0.09,0.102,0.084,0.094,0.20600000000000002,0.142,0.377,0.431,0.043,0.19399999999999998
1075,Clarke,MS,Crude prevalence,15228,11869,0.348,0.495,0.08900000000000001,0.10099999999999999,0.09300000000000001,0.106,0.20199999999999999,0.17800000000000002,0.414,0.386,0.055,0.23399999999999999
1077,Clarke,VA,Crude prevalence,15466,12491,0.303,0.371,0.10400000000000001,0.10099999999999999,0.071,0.068,0.233,0.122,0.41600000000000004,0.32799999999999996,0.035,0.07200000000000001
1079,Clatsop,OR,Crude prevalence,41102,33906,0.32799999999999996,0.371,0.10800000000000001,0.121,0.08,0.083,0.264,0.126,0.369,0.348,0.04,0.086
1081,Clay,AL,Crude prevalence,14111,11157,0.353,0.47600000000000003,0.09699999999999999,0.10400000000000001,0.09300000000000001,0.106,0.244,0.165,0.445,0.425,0.049,0.221
1083,Clay,AR,Crude prevalence,14201,11154,0.327,0.433,0.098,0.10400000000000001,0.09300000000000001,0.10800000000000001,0.268,0.141,0.41100000000000003,0.402,0.046,0.2
1085,Clay,FL,Crude prevalence,232439,179750,0.262,0.369,0.09,0.099,0.066,0.07,0.18899999999999997,0.122,0.385,0.349,0.034,0.08199999999999999
1087,Clay,GA,Crude prevalence,2853,2290,0.35100000000000003,0.521,0.092,0.11199999999999999,0.105,0.11,0.183,0.215,0.431,0.41200000000000003,0.066,0.287
1089,Clay,IA,Crude prevalence,16511,12791,0.294,0.37,0.102,0.099,0.076,0.078,0.19899999999999998,0.12300000000000001,0.36,0.35200000000000004,0.038,0.099
1091,Clay,IL,Crude prevalence,12999,10006,0.316,0.397,0.099,0.10800000000000001,0.085,0.10300000000000001,0.23600000000000002,0.139,0.39399999999999996,0.415,0.044000000000000004,0.17
1093,Clay,IN,Crude prevalence,26460,20399,0.326,0.415,0.094,0.114,0.078,0.096,0.265,0.142,0.413,0.433,0.038,0.242
1095,Clay,KS,Crude prevalence,8007,6150,0.319,0.39899999999999997,0.10400000000000001,0.10099999999999999,0.084,0.08800000000000001,0.215,0.128,0.387,0.396,0.040999999999999995,0.11
1097,Clay,KY,Crude prevalence,19648,15540,,,,,,,,,,,,0.317
1099,Clay,MN,Crude prevalence,66258,50084,0.201,0.298,0.075,0.10400000000000001,0.055,0.052000000000000005,0.26,0.09300000000000001,0.32299999999999995,0.32899999999999996,0.027999999999999997,0.107
1101,Clay,MO,Crude prevalence,259772,199234,0.272,0.349,0.081,0.10300000000000001,0.057999999999999996,0.064,0.23399999999999999,0.10800000000000001,0.366,0.374,0.03,0.095
1103,Clay,MS,Crude prevalence,18206,14127,0.33,0.505,0.07400000000000001,0.106,0.08800000000000001,0.10300000000000001,0.18100000000000002,0.191,0.40299999999999997,0.47600000000000003,0.057999999999999996,0.247
1105,Clay,NC,Crude prevalence,11864,10069,0.36200000000000004,0.44299999999999995,0.127,0.105,0.099,0.1,0.247,0.14300000000000002,0.428,0.353,0.048,0.174
1107,Clay,NE,Crude prevalence,6116,4559,0.272,0.355,0.09699999999999999,0.092,0.073,0.07200000000000001,0.16899999999999998,0.11800000000000001,0.358,0.401,0.036000000000000004,0.11
1109,Clay,SD,Crude prevalence,15431,12763,0.183,0.245,0.064,0.105,0.049,0.051,0.243,0.081,0.27399999999999997,0.34700000000000003,0.025,0.151
1111,Clay,TN,Crude prevalence,7714,6190,0.396,0.474,0.10800000000000001,0.113,0.10800000000000001,0.138,0.302,0.17800000000000002,0.441,0.39899999999999997,0.054000000000000006,0.166
1113,Clay,TX,Crude prevalence,10738,8542,0.302,0.39299999999999996,0.10099999999999999,0.10099999999999999,0.079,0.083,0.23600000000000002,0.132,0.40399999999999997,0.349,0.04,0.11199999999999999
1115,Clay,WV,Crude prevalence,7783,6050,0.423,0.484,0.102,0.126,0.10800000000000001,0.14,0.315,0.188,0.455,0.419,0.052000000000000005,0.266
1117,Clayton,GA,Crude prevalence,298300,219599,0.23399999999999999,0.414,0.045,0.114,0.057,0.065,0.17,0.162,0.33899999999999997,0.452,0.043,0.20800000000000002
1119,Clayton,IA,Crude prevalence,16969,13315,0.322,0.413,0.10800000000000001,0.1,0.091,0.09699999999999999,0.195,0.139,0.39399999999999996,0.41,0.045,0.153
1121,Clear Creek,CO,Crude prevalence,9147,7938,0.267,0.303,0.10400000000000001,0.106,0.061,0.057,0.213,0.09,0.34600000000000003,0.239,0.03,0.057
1123,Clearfield,PA,Crude prevalence,77090,62920,,,,,,,,,,,,0.157
1125,Clearwater,ID,Crude prevalence,9214,7803,0.349,0.385,0.111,0.105,0.091,0.09300000000000001,0.20800000000000002,0.131,0.379,0.318,0.047,0.209
1127,Clearwater,MN,Crude prevalence,8644,6482,0.272,0.348,0.098,0.105,0.08199999999999999,0.08,0.248,0.128,0.34700000000000003,0.345,0.043,0.091
1129,Cleburne,AL,Crude prevalence,15639,12016,0.331,0.429,0.09699999999999999,0.1,0.084,0.098,0.255,0.146,0.43200000000000005,0.374,0.043,0.209
1131,Cleburne,AR,Crude prevalence,25445,20693,0.35700000000000004,0.45299999999999996,0.111,0.10099999999999999,0.10300000000000001,0.111,0.248,0.151,0.425,0.379,0.05,0.20199999999999999
1133,Clermont,OH,Crude prevalence,211972,165743,0.301,0.36200000000000004,0.095,0.106,0.07,0.076,0.257,0.126,0.369,0.34700000000000003,0.033,0.124
1135,Cleveland,AR,Crude prevalence,7378,5798,0.335,0.465,0.096,0.105,0.09300000000000001,0.10300000000000001,0.24600000000000002,0.15,0.40700000000000003,0.424,0.047,0.228
1137,Cleveland,NC,Crude prevalence,101378,78793,0.305,0.41100000000000003,0.086,0.115,0.078,0.091,0.259,0.136,0.381,0.386,0.044000000000000004,0.14400000000000002
1139,Cleveland,OK,Crude prevalence,301193,240814,0.244,0.342,0.07400000000000001,0.11,0.059000000000000004,0.064,0.255,0.109,0.37,0.363,0.03,0.096
1141,Clinch,GA,Crude prevalence,6746,5045,0.304,0.43799999999999994,0.08,0.111,0.08800000000000001,0.11,0.218,0.17300000000000001,0.39799999999999996,0.419,0.052000000000000005,0.27
1143,Clinton,IA,Crude prevalence,46158,35649,0.311,0.384,0.09699999999999999,0.102,0.078,0.085,0.204,0.127,0.379,0.39299999999999996,0.039,0.076
1145,Clinton,IL,Crude prevalence,36785,28932,0.276,0.355,0.092,0.10300000000000001,0.066,0.07400000000000001,0.217,0.113,0.369,0.402,0.034,0.11599999999999999
1147,Clinton,IN,Crude prevalence,32730,24122,0.298,0.382,0.085,0.11,0.07200000000000001,0.08900000000000001,0.24600000000000002,0.134,0.401,0.402,0.036000000000000004,0.17600000000000002
1149,Clinton,KY,Crude prevalence,9148,7178,,,,,,,,,,,,0.24
1151,Clinton,MI,Crude prevalence,79720,62943,0.3,0.33899999999999997,0.098,0.11199999999999999,0.066,0.073,0.27,0.106,0.366,0.35200000000000004,0.032,0.08800000000000001
1153,Clinton,MO,Crude prevalence,21548,16643,0.307,0.38299999999999995,0.095,0.10400000000000001,0.075,0.086,0.249,0.12,0.38799999999999996,0.395,0.038,0.17600000000000002
1155,Clinton,NY,Crude prevalence,78115,63935,0.27699999999999997,0.341,0.092,0.11599999999999999,0.07,0.078,0.22699999999999998,0.107,0.35700000000000004,0.332,0.035,0.136
1157,Clinton,OH,Crude prevalence,41938,32506,0.322,0.381,0.095,0.113,0.08,0.09300000000000001,0.262,0.135,0.377,0.397,0.039,0.15
1159,Clinton,PA,Crude prevalence,37607,30135,,,,,,,,,,,,0.204
1161,Cloud,KS,Crude prevalence,8854,6762,0.298,0.386,0.096,0.102,0.077,0.084,0.21899999999999997,0.12300000000000001,0.37200000000000005,0.414,0.038,0.166
1163,Coahoma,MS,Crude prevalence,20077,14632,0.33299999999999996,0.534,0.062,0.114,0.091,0.111,0.179,0.218,0.406,0.46399999999999997,0.065,0.272
1165,Coal,OK,Crude prevalence,5266,4013,0.35100000000000003,0.455,0.092,0.128,0.10400000000000001,0.124,0.275,0.172,0.423,0.426,0.054000000000000006,0.249
1167,Cobb,GA,Crude prevalence,776743,603821,0.214,0.321,0.07,0.094,0.049,0.048,0.182,0.109,0.354,0.299,0.027999999999999997,0.136
1169,Cochise,AZ,Crude prevalence,124640,99219,0.312,0.39,0.099,0.10400000000000001,0.083,0.083,0.19899999999999998,0.13699999999999998,0.409,0.312,0.043,0.12
1171,Cochran,TX,Crude prevalence,2509,1832,0.265,0.39799999999999996,0.062,0.10099999999999999,0.08800000000000001,0.09699999999999999,0.22899999999999998,0.18600000000000003,0.384,0.426,0.049,0.28600000000000003
1173,Cocke,TN,Crude prevalence,37404,29763,0.377,0.455,0.099,0.115,0.1,0.134,0.311,0.172,0.43799999999999994,0.40299999999999997,0.051,0.264
1175,Coconino,AZ,Crude prevalence,144472,116865,0.218,0.27,0.07,0.11699999999999999,0.054000000000000006,0.063,0.225,0.09300000000000001,0.316,0.23600000000000002,0.031,0.09699999999999999
1177,Codington,SD,Crude prevalence,28971,22438,0.275,0.332,0.1,0.102,0.07400000000000001,0.073,0.213,0.121,0.34299999999999997,0.359,0.038,0.10400000000000001
1179,Coffee,AL,Crude prevalence,55643,42235,0.31,0.435,0.084,0.102,0.076,0.086,0.243,0.14800000000000002,0.40399999999999997,0.41,0.042,0.16399999999999998
1181,Coffee,GA,Crude prevalence,43317,32601,0.28300000000000003,0.415,0.069,0.109,0.078,0.098,0.217,0.161,0.385,0.39299999999999996,0.047,0.231
1183,Coffee,TN,Crude prevalence,60633,46066,0.327,0.41600000000000004,0.08900000000000001,0.111,0.079,0.1,0.298,0.139,0.405,0.395,0.04,0.166
1185,Coffey,KS,Crude prevalence,8251,6507,0.313,0.385,0.10099999999999999,0.102,0.081,0.085,0.20800000000000002,0.127,0.384,0.369,0.039,0.153
1187,Coke,TX,Crude prevalence,3352,2630,0.32,0.423,0.10400000000000001,0.10099999999999999,0.096,0.099,0.22899999999999998,0.159,0.418,0.363,0.049,0.193
1189,Colbert,AL,Crude prevalence,58361,45890,0.332,0.44299999999999995,0.092,0.10300000000000001,0.08,0.08900000000000001,0.245,0.15,0.42700000000000005,0.375,0.043,0.127
1191,Cole,MO,Crude prevalence,77278,60406,0.28300000000000003,0.369,0.08900000000000001,0.102,0.063,0.071,0.23199999999999998,0.11,0.368,0.366,0.033,0.09300000000000001
1193,Coleman,TX,Crude prevalence,7842,6188,0.317,0.419,0.10099999999999999,0.102,0.09,0.094,0.233,0.154,0.41700000000000004,0.37200000000000005,0.046,0.17800000000000002
1195,Coles,IL,Crude prevalence,46060,37579,0.27399999999999997,0.34,0.084,0.10800000000000001,0.069,0.08199999999999999,0.24100000000000002,0.114,0.34700000000000003,0.377,0.036000000000000004,0.158
1197,Colfax,NE,Crude prevalence,10566,7357,0.22,0.321,0.07,0.085,0.066,0.065,0.141,0.132,0.337,0.38799999999999996,0.035,0.192
1199,Colfax,NM,Crude prevalence,12255,10226,0.306,0.392,0.094,0.094,0.09300000000000001,0.081,0.21100000000000002,0.155,0.38,0.315,0.047,0.102
1201,Colleton,SC,Crude prevalence,38874,29998,0.32799999999999996,0.441,0.086,0.10800000000000001,0.084,0.1,0.226,0.17300000000000001,0.379,0.39299999999999996,0.052000000000000005,0.24600000000000002
1203,Collier,FL,Crude prevalence,404310,339282,0.313,0.392,0.133,0.086,0.094,0.08,0.151,0.13699999999999998,0.423,0.266,0.044000000000000004,0.14300000000000002
1205,Collin,TX,Crude prevalence,1195359,903972,0.18899999999999997,0.304,0.063,0.08900000000000001,0.043,0.040999999999999995,0.2,0.095,0.35100000000000003,0.32299999999999995,0.023,0.069
1207,Collingsworth,TX,Crude prevalence,2563,1897,0.284,0.39899999999999997,0.083,0.105,0.08199999999999999,0.09300000000000001,0.23399999999999999,0.155,0.39299999999999996,0.39299999999999996,0.044000000000000004,0.221
1209,Colonial Heights,VA,Crude prevalence,18393,13796,0.281,0.364,0.086,0.10800000000000001,0.064,0.067,0.22899999999999998,0.12300000000000001,0.384,0.374,0.034,0.126
1211,Colorado,TX,Crude prevalence,21117,16091,0.28600000000000003,0.4,0.09,0.098,0.079,0.079,0.21100000000000002,0.149,0.396,0.36200000000000004,0.042,0.171
1213,Colquitt,GA,Crude prevalence,46167,34375,0.292,0.43,0.075,0.107,0.081,0.096,0.217,0.16699999999999998,0.39399999999999996,0.35700000000000004,0.047,0.235
1215,Columbia,AR,Crude prevalence,22150,17425,0.28600000000000003,0.428,0.073,0.11,0.079,0.08800000000000001,0.237,0.14400000000000002,0.359,0.377,0.044000000000000004,0.23199999999999998
1217,Columbia,FL,Crude prevalence,73063,57020,0.31,0.415,0.09300000000000001,0.10300000000000001,0.08900000000000001,0.10099999999999999,0.201,0.151,0.406,0.397,0.046,0.21899999999999997
1219,Columbia,GA,Crude prevalence,165162,124488,0.243,0.36700000000000005,0.077,0.096,0.054000000000000006,0.055,0.19399999999999998,0.11900000000000001,0.37200000000000005,0.331,0.03,0.14
1221,Columbia,NY,Crude prevalence,60470,51121,0.31,0.37,0.11199999999999999,0.105,0.078,0.077,0.193,0.11800000000000001,0.419,0.308,0.039,0.128
1223,Columbia,OR,Crude prevalence,53880,43031,0.314,0.349,0.098,0.122,0.07200000000000001,0.079,0.273,0.121,0.345,0.335,0.037000000000000005,0.11199999999999999
1225,Columbia,PA,Crude prevalence,65439,54026,,,,,,,,,,,,0.161
1227,Columbia,WA,Crude prevalence,4053,3325,0.326,0.368,0.115,0.113,0.081,0.076,0.255,0.122,0.392,0.324,0.042,0.113
1229,Columbia,WI,Crude prevalence,58091,46376,0.278,0.32799999999999996,0.09300000000000001,0.10800000000000001,0.069,0.069,0.233,0.113,0.341,0.336,0.034,0.085
1231,Columbiana,OH,Crude prevalence,100182,80055,0.341,0.42100000000000004,0.10099999999999999,0.11199999999999999,0.08800000000000001,0.10300000000000001,0.251,0.152,0.384,0.41100000000000003,0.043,0.158
1233,Columbus,NC,Crude prevalence,50121,39774,0.319,0.446,0.084,0.11800000000000001,0.086,0.1,0.244,0.156,0.384,0.41100000000000003,0.051,0.25
1235,Colusa,CA,Crude prevalence,22037,16122,0.226,0.32,0.066,0.098,0.068,0.064,0.21600000000000003,0.134,0.349,0.35,0.037000000000000005,0.131
1237,Comal,TX,Crude prevalence,193928,151068,0.243,0.34299999999999997,0.083,0.094,0.057999999999999996,0.055999999999999994,0.203,0.11199999999999999,0.336,0.35,0.03,0.127
1239,Comanche,KS,Crude prevalence,1655,1267,0.327,0.402,0.109,0.10099999999999999,0.086,0.087,0.20800000000000002,0.133,0.406,0.392,0.042,0.127
1241,Comanche,OK,Crude prevalence,121574,92715,0.26899999999999996,0.375,0.067,0.113,0.066,0.075,0.251,0.128,0.35700000000000004,0.43,0.036000000000000004,0.212
1243,Comanche,TX,Crude prevalence,14050,10881,0.294,0.401,0.095,0.099,0.085,0.087,0.225,0.14800000000000002,0.402,0.36700000000000005,0.043,0.149
1245,Concho,TX,Crude prevalence,3297,2894,0.252,0.385,0.075,0.091,0.076,0.078,0.2,0.142,0.377,0.371,0.04,0.17800000000000002
1247,Concordia,LA,Crude prevalence,17688,13579,0.35,0.501,0.079,0.111,0.10099999999999999,0.124,0.27399999999999997,0.198,0.41700000000000004,0.456,0.06,0.22899999999999998
1249,Conecuh,AL,Crude prevalence,11174,8894,0.386,0.547,0.09,0.11,0.111,0.126,0.223,0.221,0.45,0.46399999999999997,0.067,0.25
1251,Conejos,CO,Crude prevalence,7521,5620,0.26899999999999996,0.32899999999999996,0.079,0.10400000000000001,0.075,0.069,0.205,0.138,0.35700000000000004,0.303,0.039,0.11699999999999999
1253,Contra Costa,CA,Crude prevalence,1155025,904586,0.218,0.312,0.07,0.094,0.055,0.047,0.191,0.113,0.361,0.28,0.03,0.08199999999999999
1255,Converse,WY,Crude prevalence,13809,10503,0.27,0.34299999999999997,0.092,0.10300000000000001,0.071,0.078,0.21,0.115,0.348,0.373,0.036000000000000004,0.172
1257,Conway,AR,Crude prevalence,21077,16337,0.32899999999999996,0.46799999999999997,0.091,0.106,0.094,0.107,0.249,0.156,0.413,0.414,0.048,0.172
1259,Cook,GA,Crude prevalence,17714,13235,0.29100000000000004,0.426,0.078,0.11,0.083,0.10099999999999999,0.222,0.165,0.39299999999999996,0.376,0.049,0.192
1261,Cook,IL,Crude prevalence,5087072,4031580,0.217,0.31,0.064,0.098,0.053,0.057,0.187,0.11800000000000001,0.342,0.31,0.032,0.086
1263,Cook,MN,Crude prevalence,5639,4830,0.28300000000000003,0.37200000000000005,0.11699999999999999,0.098,0.081,0.066,0.22399999999999998,0.129,0.377,0.353,0.04,0.08199999999999999
1265,Cooke,TX,Crude prevalence,43782,33539,0.27399999999999997,0.374,0.087,0.102,0.07200000000000001,0.079,0.237,0.13,0.38,0.361,0.038,0.145
1267,Cooper,MO,Crude prevalence,16947,13165,0.301,0.375,0.09300000000000001,0.10400000000000001,0.073,0.086,0.24,0.122,0.38299999999999995,0.375,0.038,0.172
1269,Coos,NH,Crude prevalence,31372,26302,0.33799999999999997,0.382,0.109,0.115,0.084,0.095,0.226,0.13,0.386,0.364,0.044000000000000004,0.135
1271,Coos,OR,Crude prevalence,64212,53139,0.364,0.40700000000000003,0.115,0.124,0.094,0.099,0.264,0.142,0.381,0.341,0.047,0.132
1273,Coosa,AL,Crude prevalence,10268,8603,0.369,0.502,0.098,0.10300000000000001,0.098,0.106,0.222,0.18600000000000003,0.44799999999999995,0.419,0.055,0.13699999999999998
1275,Copiah,MS,Crude prevalence,27664,21515,0.32299999999999995,0.486,0.077,0.10300000000000001,0.085,0.09699999999999999,0.18899999999999997,0.182,0.392,0.418,0.054000000000000006,0.28600000000000003
1277,Copper River,AK,Crude prevalence,2674,1994,0.284,0.38299999999999995,0.092,0.107,0.08,0.08,0.198,0.114,0.36,0.336,0.040999999999999995,0.136
1279,Corson,SD,Crude prevalence,3782,2464,0.305,0.401,0.076,0.133,0.10400000000000001,0.125,0.23800000000000002,0.19899999999999998,0.35200000000000004,0.435,0.06,0.303
1281,Cortland,NY,Crude prevalence,45752,37332,0.254,0.311,0.085,0.113,0.062,0.069,0.23,0.09300000000000001,0.35100000000000003,0.305,0.031,0.091
1283,Coryell,TX,Crude prevalence,84878,65792,0.21600000000000003,0.304,0.055999999999999994,0.10400000000000001,0.049,0.057,0.24,0.10300000000000001,0.31,0.373,0.027999999999999997,0.141
1285,Coshocton,OH,Crude prevalence,36869,28085,0.354,0.413,0.098,0.113,0.091,0.111,0.27699999999999997,0.153,0.4,0.415,0.045,0.154
1287,Costilla,CO,Crude prevalence,3628,2957,0.312,0.381,0.091,0.10400000000000001,0.094,0.084,0.195,0.17,0.389,0.316,0.048,0.166
1289,Cottle,TX,Crude prevalence,1294,1043,0.32799999999999996,0.451,0.09300000000000001,0.105,0.102,0.11,0.226,0.188,0.424,0.406,0.055,0.135
1291,Cotton,OK,Crude prevalence,5427,4179,0.32899999999999996,0.442,0.09300000000000001,0.11800000000000001,0.092,0.105,0.256,0.154,0.419,0.431,0.047,0.23199999999999998
1293,Cottonwood,MN,Crude prevalence,11319,8460,0.27699999999999997,0.37,0.10099999999999999,0.098,0.084,0.076,0.23399999999999999,0.131,0.37,0.392,0.042,0.13699999999999998
1295,Covington,AL,Crude prevalence,37952,29514,0.342,0.46399999999999997,0.099,0.102,0.092,0.10400000000000001,0.243,0.163,0.445,0.379,0.049,0.168
1297,Covington,MS,Crude prevalence,18059,13606,0.309,0.46299999999999997,0.079,0.10099999999999999,0.079,0.091,0.192,0.156,0.389,0.40399999999999997,0.047,0.248
1299,Covington,VA,Crude prevalence,5545,4241,0.336,0.424,0.08800000000000001,0.11699999999999999,0.09,0.11,0.256,0.166,0.415,0.40700000000000003,0.05,0.2
1301,Coweta,GA,Crude prevalence,155892,120448,0.252,0.35700000000000004,0.079,0.099,0.057,0.059000000000000004,0.193,0.124,0.376,0.35700000000000004,0.032,0.122
1303,Cowley,KS,Crude prevalence,34157,26072,0.294,0.376,0.086,0.102,0.07400000000000001,0.08,0.215,0.128,0.392,0.409,0.037000000000000005,0.17
1305,Cowlitz,WA,Crude prevalence,112864,87722,0.332,0.354,0.096,0.12300000000000001,0.07200000000000001,0.075,0.275,0.114,0.34600000000000003,0.405,0.038,0.15
1307,Craig,OK,Crude prevalence,14494,11115,0.327,0.447,0.087,0.124,0.096,0.11199999999999999,0.26,0.159,0.414,0.418,0.051,0.281
1309,Craig,VA,Crude prevalence,4843,4041,0.34299999999999997,0.40700000000000003,0.109,0.107,0.087,0.094,0.242,0.14300000000000002,0.426,0.365,0.043,0.201
1311,Craighead,AR,Crude prevalence,113993,85259,0.276,0.391,0.075,0.105,0.067,0.079,0.265,0.11599999999999999,0.364,0.391,0.035,0.179
1313,Crane,TX,Crude prevalence,4574,3247,0.218,0.34299999999999997,0.054000000000000006,0.091,0.064,0.063,0.204,0.15,0.36,0.397,0.035,0.161
1315,Craven,NC,Crude prevalence,102391,80675,0.294,0.395,0.08800000000000001,0.109,0.07400000000000001,0.079,0.243,0.125,0.361,0.369,0.04,0.153
1317,Crawford,AR,Crude prevalence,61891,47058,0.298,0.419,0.08800000000000001,0.10300000000000001,0.081,0.092,0.261,0.13,0.408,0.38799999999999996,0.04,0.179
1319,Crawford,GA,Crude prevalence,12277,9813,0.307,0.425,0.08800000000000001,0.10400000000000001,0.079,0.09,0.20600000000000002,0.155,0.40700000000000003,0.373,0.045,0.198
1321,Crawford,IA,Crude prevalence,16013,12050,0.276,0.377,0.086,0.096,0.08,0.084,0.18899999999999997,0.14300000000000002,0.366,0.426,0.04,0.21600000000000003
1323,Crawford,IL,Crude prevalence,18300,14700,0.28800000000000003,0.376,0.09300000000000001,0.10400000000000001,0.07200000000000001,0.084,0.223,0.121,0.38,0.401,0.037000000000000005,0.13699999999999998
1325,Crawford,IN,Crude prevalence,10438,8319,0.364,0.456,0.099,0.11900000000000001,0.10400000000000001,0.138,0.271,0.17800000000000002,0.435,0.436,0.052000000000000005,0.215
1327,Crawford,KS,Crude prevalence,38764,30098,0.265,0.35100000000000003,0.078,0.105,0.069,0.079,0.226,0.11199999999999999,0.361,0.368,0.035,0.146
1329,Crawford,MI,Crude prevalence,13538,11172,0.369,0.424,0.11699999999999999,0.11599999999999999,0.1,0.11599999999999999,0.275,0.149,0.396,0.375,0.048,0.163
1331,Crawford,MO,Crude prevalence,22719,17715,0.32899999999999996,0.392,0.098,0.109,0.087,0.11,0.257,0.141,0.402,0.419,0.044000000000000004,0.21899999999999997
1333,Crawford,OH,Crude prevalence,41529,32618,0.337,0.4,0.1,0.111,0.08800000000000001,0.10300000000000001,0.26899999999999996,0.146,0.382,0.395,0.042,0.142
1335,Crawford,PA,Crude prevalence,82001,65155,,,,,,,,,,,,0.161
1337,Crawford,WI,Crude prevalence,15944,12868,0.319,0.385,0.10400000000000001,0.109,0.08800000000000001,0.08800000000000001,0.23199999999999998,0.138,0.37200000000000005,0.374,0.044000000000000004,0.17
1339,Creek,OK,Crude prevalence,73332,56335,0.311,0.395,0.09,0.11699999999999999,0.08,0.08900000000000001,0.249,0.134,0.408,0.39799999999999996,0.040999999999999995,0.226
1341,Crenshaw,AL,Crude prevalence,13101,10066,0.335,0.466,0.087,0.105,0.085,0.099,0.23800000000000002,0.166,0.425,0.405,0.048,0.171
1343,Crisp,GA,Crude prevalence,19631,15039,0.327,0.475,0.08199999999999999,0.11599999999999999,0.094,0.11,0.205,0.19399999999999998,0.401,0.446,0.057,0.264
1345,Crittenden,AR,Crude prevalence,47139,34414,0.295,0.474,0.066,0.11599999999999999,0.079,0.09300000000000001,0.239,0.165,0.392,0.467,0.049,0.28600000000000003
1347,Crittenden,KY,Crude prevalence,8974,6977,,,,,,,,,,,,0.215
1349,Crockett,TN,Crude prevalence,13982,10774,0.327,0.42700000000000005,0.086,0.11199999999999999,0.08,0.1,0.27899999999999997,0.155,0.396,0.42100000000000004,0.044000000000000004,0.184
1351,Crockett,TX,Crude prevalence,2858,2119,0.258,0.377,0.071,0.094,0.077,0.07400000000000001,0.203,0.165,0.397,0.377,0.040999999999999995,0.122
1353,Crook,OR,Crude prevalence,26952,21698,0.33399999999999996,0.377,0.109,0.12,0.079,0.081,0.267,0.125,0.364,0.361,0.039,0.135
1355,Crook,WY,Crude prevalence,7592,5694,0.294,0.344,0.107,0.102,0.073,0.075,0.201,0.115,0.364,0.326,0.036000000000000004,0.10300000000000001
1357,Crosby,TX,Crude prevalence,4917,3652,0.272,0.395,0.07200000000000001,0.09699999999999999,0.084,0.086,0.21600000000000003,0.171,0.392,0.405,0.045,0.222
1359,Cross,AR,Crude prevalence,16420,12527,0.319,0.465,0.083,0.109,0.091,0.10800000000000001,0.253,0.161,0.40399999999999997,0.45,0.05,0.293
1361,Crow Wing,MN,Crude prevalence,68304,54545,0.28,0.363,0.106,0.102,0.079,0.069,0.228,0.11800000000000001,0.34299999999999997,0.375,0.038,0.141
1363,Crowley,CO,Crude prevalence,5636,5006,0.225,0.31,0.062,0.10099999999999999,0.064,0.071,0.205,0.11,0.314,0.317,0.035,0.24600000000000002
1365,Culberson,TX,Crude prevalence,2196,1675,0.261,0.402,0.063,0.092,0.087,0.08,0.19899999999999998,0.193,0.39899999999999997,0.40299999999999997,0.047,0.16699999999999998
1367,Cullman,AL,Crude prevalence,92016,71431,0.325,0.423,0.095,0.098,0.079,0.09,0.254,0.134,0.415,0.364,0.04,0.147
1369,Culpeper,VA,Crude prevalence,54973,41294,0.282,0.374,0.083,0.106,0.066,0.07,0.225,0.128,0.39399999999999996,0.385,0.035,0.115
1371,Cumberland,IL,Crude prevalence,10261,7994,0.299,0.37200000000000005,0.1,0.10300000000000001,0.073,0.081,0.22899999999999998,0.11900000000000001,0.387,0.387,0.037000000000000005,0.109
1373,Cumberland,KY,Crude prevalence,6000,4649,,,,,,,,,,,,0.33299999999999996
1375,Cumberland,ME,Crude prevalence,310230,255110,0.272,0.321,0.094,0.11800000000000001,0.06,0.061,0.256,0.08900000000000001,0.335,0.267,0.028999999999999998,0.092
1377,Cumberland,NC,Crude prevalence,337890,252626,0.251,0.376,0.059000000000000004,0.114,0.057,0.065,0.25,0.122,0.324,0.401,0.036000000000000004,0.151
1379,Cumberland,NJ,Crude prevalence,152326,115216,0.251,0.38799999999999996,0.07,0.09699999999999999,0.07,0.07400000000000001,0.161,0.135,0.39,0.40399999999999997,0.04,0.142
1381,Cumberland,PA,Crude prevalence,270738,215666,,,,,,,,,,,,0.10800000000000001
1383,Cumberland,TN,Crude prevalence,64760,53834,0.401,0.49,0.12300000000000001,0.10800000000000001,0.109,0.127,0.29100000000000004,0.17300000000000001,0.461,0.395,0.053,0.163
1385,Cumberland,VA,Crude prevalence,9878,7919,0.327,0.43200000000000005,0.091,0.114,0.084,0.08800000000000001,0.22699999999999998,0.161,0.408,0.395,0.047,0.161
1387,Cuming,NE,Crude prevalence,8918,6695,0.276,0.375,0.1,0.08900000000000001,0.077,0.073,0.16699999999999998,0.121,0.365,0.40399999999999997,0.038,0.07400000000000001
1389,Currituck,NC,Crude prevalence,31593,24619,0.281,0.35200000000000004,0.091,0.10400000000000001,0.063,0.067,0.247,0.107,0.366,0.345,0.032,0.10099999999999999
1391,Curry,NM,Crude prevalence,47222,34741,0.23,0.322,0.059000000000000004,0.10300000000000001,0.064,0.067,0.24600000000000002,0.12,0.321,0.39399999999999996,0.035,0.214
1393,Curry,OR,Crude prevalence,23296,20052,0.389,0.436,0.133,0.121,0.105,0.105,0.253,0.157,0.408,0.384,0.052000000000000005,0.111
1395,Custer,CO,Crude prevalence,5534,4689,0.353,0.382,0.129,0.11199999999999999,0.08800000000000001,0.086,0.22,0.124,0.40299999999999997,0.266,0.044000000000000004,0.084
1397,Custer,ID,Crude prevalence,4523,3769,0.345,0.40299999999999997,0.11800000000000001,0.105,0.094,0.091,0.20600000000000002,0.134,0.408,0.315,0.047,0.165
1399,Custer,MT,Crude prevalence,11985,9637,0.299,0.337,0.096,0.11,0.068,0.07400000000000001,0.24,0.105,0.32899999999999996,0.326,0.036000000000000004,0.092
1401,Custer,NE,Crude prevalence,10581,8019,0.28,0.379,0.10300000000000001,0.092,0.077,0.075,0.166,0.122,0.34299999999999997,0.4,0.038,0.10300000000000001
1403,Custer,OK,Crude prevalence,28266,21204,0.257,0.35100000000000003,0.073,0.111,0.069,0.075,0.259,0.11800000000000001,0.34299999999999997,0.41,0.034,0.166
1405,Custer,SD,Crude prevalence,9117,7850,0.33799999999999997,0.40299999999999997,0.13,0.098,0.08900000000000001,0.079,0.188,0.139,0.41100000000000003,0.33899999999999997,0.043,0.12
1407,Cuyahoga,OH,Crude prevalence,1233088,982384,0.287,0.385,0.081,0.11599999999999999,0.069,0.077,0.239,0.134,0.382,0.353,0.04,0.139
1409,Dade,GA,Crude prevalence,16165,13017,0.294,0.379,0.096,0.10099999999999999,0.07400000000000001,0.08199999999999999,0.226,0.126,0.402,0.35100000000000003,0.038,0.184
1411,Dade,MO,Crude prevalence,7716,6133,0.36,0.43799999999999994,0.107,0.11,0.1,0.122,0.253,0.16,0.42200000000000004,0.40700000000000003,0.051,0.22899999999999998
1413,Daggett,UT,Crude prevalence,992,782,0.33299999999999996,0.396,0.115,0.106,0.08900000000000001,0.08199999999999999,0.242,0.135,0.391,0.331,0.044000000000000004,0.09
1415,Dakota,MN,Crude prevalence,447440,341048,0.221,0.297,0.083,0.098,0.051,0.046,0.22899999999999998,0.09699999999999999,0.342,0.345,0.027000000000000003,0.059000000000000004
1417,Dakota,NE,Crude prevalence,21268,15010,0.21600000000000003,0.317,0.066,0.08900000000000001,0.063,0.063,0.159,0.128,0.335,0.44299999999999995,0.033,0.157
1419,Dale,AL,Crude prevalence,49871,38227,0.318,0.44299999999999995,0.084,0.10300000000000001,0.081,0.092,0.248,0.158,0.42100000000000004,0.413,0.044000000000000004,0.159
1421,Dallam,TX,Crude prevalence,7237,4733,0.228,0.35100000000000003,0.057,0.096,0.067,0.07400000000000001,0.223,0.147,0.358,0.396,0.036000000000000004,0.158
1423,Dallas,AL,Crude prevalence,36165,27736,0.353,0.552,0.073,0.11599999999999999,0.096,0.11199999999999999,0.203,0.22399999999999998,0.441,0.46299999999999997,0.066,0.22
1425,Dallas,AR,Crude prevalence,6185,4934,0.335,0.498,0.08900000000000001,0.106,0.092,0.095,0.217,0.171,0.414,0.419,0.053,0.23199999999999998
1427,Dallas,IA,Crude prevalence,111092,81838,0.226,0.294,0.076,0.092,0.046,0.045,0.192,0.08800000000000001,0.33,0.32799999999999996,0.023,0.057
1429,Dallas,MO,Crude prevalence,17768,13540,0.337,0.41,0.098,0.11,0.091,0.11699999999999999,0.26,0.149,0.39799999999999996,0.395,0.047,0.221
1431,Dallas,TX,Crude prevalence,2606358,1960720,0.19399999999999998,0.331,0.052000000000000005,0.098,0.053,0.055999999999999994,0.193,0.125,0.36,0.35700000000000004,0.032,0.12300000000000001
1433,Dane,WI,Crude prevalence,575347,463964,0.195,0.256,0.07200000000000001,0.099,0.048,0.044000000000000004,0.243,0.08199999999999999,0.289,0.324,0.024,0.045
1435,Daniels,MT,Crude prevalence,1633,1289,0.321,0.365,0.11199999999999999,0.10800000000000001,0.081,0.079,0.225,0.11199999999999999,0.358,0.335,0.040999999999999995,0.115
1437,Danville,VA,Crude prevalence,41837,32396,0.33399999999999996,0.47700000000000004,0.077,0.125,0.09,0.107,0.221,0.19899999999999998,0.406,0.41700000000000004,0.057999999999999996,0.209
1439,Dare,NC,Crude prevalence,38110,31485,0.304,0.38,0.11,0.10099999999999999,0.071,0.07,0.24100000000000002,0.11199999999999999,0.39,0.316,0.035,0.076
1441,Darke,OH,Crude prevalence,51415,39329,0.32899999999999996,0.397,0.1,0.11,0.085,0.09699999999999999,0.266,0.14300000000000002,0.39799999999999996,0.364,0.040999999999999995,0.174
1443,Darlington,SC,Crude prevalence,62416,48521,0.319,0.446,0.081,0.107,0.08,0.094,0.22899999999999998,0.17600000000000002,0.396,0.456,0.05,0.226
1445,Dauphin,PA,Crude prevalence,289234,224963,,,,,,,,,,,,0.14400000000000002
1447,Davidson,NC,Crude prevalence,174804,137346,0.3,0.386,0.09,0.11,0.076,0.087,0.256,0.127,0.37200000000000005,0.36200000000000004,0.040999999999999995,0.157
1449,Davidson,TN,Crude prevalence,712334,566997,0.256,0.33299999999999996,0.063,0.107,0.051,0.062,0.282,0.11199999999999999,0.34299999999999997,0.32299999999999995,0.028999999999999998,0.09300000000000001
1451,Davie,NC,Crude prevalence,44599,35409,0.311,0.391,0.1,0.105,0.075,0.078,0.248,0.121,0.384,0.33399999999999996,0.039,0.13699999999999998
1453,Daviess,IN,Crude prevalence,33656,23700,0.308,0.38799999999999996,0.085,0.11699999999999999,0.078,0.102,0.272,0.138,0.396,0.414,0.039,0.195
1455,Daviess,KY,Crude prevalence,103458,78324,,,,,,,,,,,,0.151
1457,Daviess,MO,Crude prevalence,8551,6434,0.33799999999999997,0.41100000000000003,0.102,0.109,0.091,0.11199999999999999,0.257,0.142,0.42200000000000004,0.384,0.046,0.19899999999999998
1459,Davis,IA,Crude prevalence,9169,6446,0.293,0.37,0.094,0.10300000000000001,0.076,0.085,0.215,0.12,0.37,0.375,0.038,0.11
1461,Davis,UT,Crude prevalence,373207,263292,0.214,0.26899999999999996,0.073,0.11,0.045,0.042,0.289,0.08199999999999999,0.3,0.327,0.024,0.086
1463,Davison,SD,Crude prevalence,19922,15293,0.278,0.35600000000000004,0.1,0.1,0.075,0.075,0.204,0.122,0.35200000000000004,0.38,0.038,0.131
1465,Dawes,NE,Crude prevalence,8133,6654,0.24600000000000002,0.322,0.087,0.094,0.065,0.063,0.182,0.106,0.313,0.355,0.032,0.102
1467,Dawson,GA,Crude prevalence,31732,25312,0.273,0.358,0.095,0.095,0.066,0.068,0.21,0.11599999999999999,0.387,0.316,0.033,0.087
1469,Dawson,MT,Crude prevalence,8810,6918,0.28800000000000003,0.332,0.098,0.10800000000000001,0.068,0.07,0.23199999999999998,0.10099999999999999,0.32799999999999996,0.32799999999999996,0.035,0.115
1471,Dawson,NE,Crude prevalence,24085,17395,0.239,0.35,0.075,0.087,0.07,0.069,0.154,0.135,0.325,0.41100000000000003,0.036000000000000004,0.135
1473,Dawson,TX,Crude prevalence,12004,9004,0.225,0.36,0.057,0.094,0.07,0.076,0.21100000000000002,0.153,0.361,0.39399999999999996,0.039,0.22899999999999998
1475,Day,SD,Crude prevalence,5451,4249,0.321,0.392,0.11699999999999999,0.10400000000000001,0.095,0.09,0.19699999999999998,0.147,0.376,0.348,0.047,0.149
1477,De Baca,NM,Crude prevalence,1657,1294,0.319,0.406,0.1,0.1,0.098,0.08800000000000001,0.225,0.153,0.39299999999999996,0.325,0.049,0.168
1479,De Soto,LA,Crude prevalence,27114,20598,0.337,0.474,0.081,0.109,0.08900000000000001,0.105,0.271,0.17800000000000002,0.40299999999999997,0.444,0.053,0.17
1481,De Witt,IL,Crude prevalence,15365,12070,0.295,0.37200000000000005,0.09699999999999999,0.10400000000000001,0.073,0.084,0.225,0.122,0.379,0.382,0.037000000000000005,0.162
1483,DeKalb,AL,Crude prevalence,72569,55297,0.325,0.445,0.08800000000000001,0.10099999999999999,0.08900000000000001,0.10800000000000001,0.263,0.157,0.426,0.386,0.046,0.19699999999999998
1485,DeKalb,GA,Crude prevalence,762992,591931,0.209,0.374,0.057999999999999996,0.10400000000000001,0.051,0.052000000000000005,0.16899999999999998,0.13,0.354,0.318,0.035,0.133
1487,DeKalb,IL,Crude prevalence,100288,78892,0.22699999999999998,0.304,0.07,0.10400000000000001,0.055,0.063,0.23,0.10300000000000001,0.32899999999999996,0.35100000000000003,0.028999999999999998,0.11199999999999999
1489,DeKalb,IN,Crude prevalence,44198,33580,0.295,0.382,0.09,0.11199999999999999,0.071,0.086,0.265,0.128,0.387,0.43700000000000006,0.035,0.171
1491,DeKalb,MO,Crude prevalence,9899,7741,0.316,0.392,0.098,0.10400000000000001,0.078,0.09,0.233,0.125,0.38799999999999996,0.389,0.04,0.19
1493,DeKalb,TN,Crude prevalence,21225,16657,0.35100000000000003,0.436,0.091,0.111,0.08900000000000001,0.11800000000000001,0.301,0.159,0.42200000000000004,0.40399999999999997,0.045,0.242
1495,DeSoto,FL,Crude prevalence,35979,29486,0.307,0.424,0.09300000000000001,0.1,0.107,0.121,0.18600000000000003,0.17600000000000002,0.444,0.41,0.055,0.21600000000000003
1497,DeSoto,MS,Crude prevalence,193247,145706,0.263,0.4,0.07,0.09699999999999999,0.055999999999999994,0.062,0.19699999999999998,0.124,0.365,0.373,0.034,0.146
1499,DeWitt,TX,Crude prevalence,19929,15349,0.27899999999999997,0.402,0.081,0.098,0.08199999999999999,0.086,0.215,0.16,0.39,0.376,0.044000000000000004,0.131
1501,Deaf Smith,TX,Crude prevalence,18347,12613,0.226,0.355,0.054000000000000006,0.094,0.071,0.07200000000000001,0.209,0.16399999999999998,0.369,0.40700000000000003,0.039,0.214
1503,Dearborn,IN,Crude prevalence,51215,40242,0.309,0.384,0.096,0.109,0.07200000000000001,0.083,0.251,0.124,0.396,0.358,0.035,0.16699999999999998
1505,Decatur,GA,Crude prevalence,29087,22056,0.295,0.44799999999999995,0.075,0.111,0.083,0.09699999999999999,0.203,0.17800000000000002,0.39899999999999997,0.42200000000000004,0.052000000000000005,0.207
1507,Decatur,IA,Crude prevalence,7665,5875,0.292,0.353,0.09300000000000001,0.102,0.079,0.085,0.213,0.124,0.365,0.396,0.039,0.10400000000000001
1509,Decatur,IN,Crude prevalence,26399,20278,0.305,0.379,0.091,0.111,0.071,0.085,0.26,0.124,0.389,0.376,0.035,0.135
1511,Decatur,KS,Crude prevalence,2712,2127,0.33,0.402,0.11699999999999999,0.098,0.08900000000000001,0.085,0.19399999999999998,0.134,0.41100000000000003,0.366,0.042,0.12
1513,Decatur,TN,Crude prevalence,11656,9281,0.38299999999999995,0.465,0.102,0.114,0.10400000000000001,0.136,0.304,0.17800000000000002,0.435,0.43,0.053,0.147
1515,Deer Lodge,MT,Crude prevalence,9673,8546,0.327,0.381,0.105,0.113,0.08800000000000001,0.098,0.242,0.129,0.353,0.324,0.046,0.191
1517,Defiance,OH,Crude prevalence,38315,29722,0.308,0.37200000000000005,0.094,0.106,0.076,0.08199999999999999,0.25,0.133,0.36700000000000005,0.353,0.036000000000000004,0.129
1519,Del Norte,CA,Crude prevalence,26589,21034,0.271,0.36,0.09,0.10800000000000001,0.077,0.081,0.235,0.125,0.371,0.31,0.040999999999999995,0.128
1521,Delaware,IA,Crude prevalence,17600,13528,0.305,0.377,0.10300000000000001,0.099,0.079,0.083,0.19699999999999998,0.125,0.381,0.397,0.039,0.13
1523,Delaware,IN,Crude prevalence,112321,91956,0.297,0.36200000000000004,0.08,0.12,0.07200000000000001,0.091,0.293,0.135,0.379,0.366,0.037000000000000005,0.195
1525,Delaware,NY,Crude prevalence,44410,37417,0.317,0.396,0.107,0.109,0.085,0.09,0.205,0.125,0.392,0.32799999999999996,0.043,0.198
1527,Delaware,OH,Crude prevalence,231636,175070,0.262,0.313,0.08800000000000001,0.095,0.05,0.049,0.21,0.10099999999999999,0.342,0.315,0.025,0.085
1529,Delaware,OK,Crude prevalence,41703,33484,0.365,0.47100000000000003,0.10099999999999999,0.121,0.10400000000000001,0.115,0.254,0.16699999999999998,0.452,0.37799999999999995,0.053,0.155
1531,Delaware,PA,Crude prevalence,576720,450488,,,,,,,,,,,,0.165
1533,Delta,CO,Crude prevalence,31746,25772,0.335,0.375,0.11199999999999999,0.114,0.08800000000000001,0.092,0.23600000000000002,0.124,0.382,0.267,0.045,0.10099999999999999
1535,Delta,MI,Crude prevalence,36790,29801,0.355,0.401,0.114,0.11599999999999999,0.091,0.105,0.281,0.138,0.375,0.39899999999999997,0.044000000000000004,0.10099999999999999
1537,Delta,TX,Crude prevalence,5520,4187,0.29,0.391,0.091,0.106,0.078,0.087,0.244,0.13699999999999998,0.389,0.371,0.040999999999999995,0.114
1539,Denali,AK,Crude prevalence,1584,1291,0.222,0.32,0.071,0.099,0.055999999999999994,0.059000000000000004,0.195,0.086,0.332,0.313,0.028999999999999998,0.11800000000000001
1541,Dent,MO,Crude prevalence,14647,11351,0.342,0.41700000000000004,0.102,0.10800000000000001,0.092,0.11199999999999999,0.244,0.146,0.401,0.395,0.047,0.22
1543,Denton,TX,Crude prevalence,1007703,775771,0.209,0.295,0.064,0.09300000000000001,0.043,0.043,0.20800000000000002,0.099,0.358,0.337,0.024,0.08
1545,Denver,CO,Crude prevalence,716577,589711,0.183,0.217,0.06,0.10300000000000001,0.040999999999999995,0.042,0.22699999999999998,0.071,0.282,0.21600000000000003,0.023,0.109
1547,Des Moines,IA,Crude prevalence,38253,29795,0.298,0.355,0.09699999999999999,0.1,0.075,0.079,0.21100000000000002,0.12300000000000001,0.355,0.34600000000000003,0.038,0.165
1549,Deschutes,OR,Crude prevalence,208513,169747,0.289,0.33,0.10099999999999999,0.11599999999999999,0.064,0.064,0.248,0.102,0.34600000000000003,0.272,0.032,0.13
1551,Desha,AR,Crude prevalence,10479,7909,0.349,0.528,0.076,0.11800000000000001,0.10800000000000001,0.131,0.23199999999999998,0.212,0.42,0.466,0.067,0.261
1553,Deuel,NE,Crude prevalence,1871,1493,0.319,0.41600000000000004,0.115,0.09300000000000001,0.091,0.085,0.16899999999999998,0.142,0.39,0.39799999999999996,0.044000000000000004,0.106
1555,Deuel,SD,Crude prevalence,4354,3280,0.28300000000000003,0.34600000000000003,0.106,0.099,0.076,0.073,0.201,0.11900000000000001,0.35700000000000004,0.33299999999999996,0.038,0.133
1557,Dewey,OK,Crude prevalence,4286,3145,0.306,0.418,0.092,0.113,0.083,0.092,0.248,0.135,0.405,0.382,0.040999999999999995,0.14800000000000002
1559,Dewey,SD,Crude prevalence,5208,3180,0.268,0.381,0.064,0.13699999999999998,0.083,0.10300000000000001,0.221,0.18,0.33,0.436,0.051,0.22699999999999998
1561,Dickens,TX,Crude prevalence,1711,1399,0.321,0.43,0.102,0.099,0.096,0.098,0.21899999999999997,0.16699999999999998,0.423,0.375,0.05,0.142
1563,Dickenson,VA,Crude prevalence,13640,11035,0.369,0.44299999999999995,0.105,0.113,0.106,0.126,0.264,0.16899999999999998,0.43,0.391,0.053,0.166
1565,Dickey,ND,Crude prevalence,4900,3734,0.28800000000000003,0.35100000000000003,0.094,0.10099999999999999,0.073,0.07,0.203,0.11199999999999999,0.36700000000000005,0.387,0.036000000000000004,0.09699999999999999
1567,Dickinson,IA,Crude prevalence,18056,14615,0.307,0.385,0.11699999999999999,0.09699999999999999,0.079,0.075,0.185,0.121,0.381,0.37200000000000005,0.038,0.102
1569,Dickinson,KS,Crude prevalence,18445,14195,0.301,0.371,0.099,0.10099999999999999,0.075,0.078,0.207,0.11900000000000001,0.382,0.395,0.037000000000000005,0.069
1571,Dickinson,MI,Crude prevalence,25982,20842,0.33799999999999997,0.392,0.11199999999999999,0.113,0.083,0.092,0.275,0.126,0.379,0.381,0.04,0.07400000000000001
1573,Dickson,TN,Crude prevalence,56729,44005,0.317,0.376,0.087,0.109,0.068,0.086,0.294,0.127,0.386,0.376,0.035,0.135
1575,Dillingham,AK,Crude prevalence,4607,3180,0.244,0.344,0.06,0.127,0.07400000000000001,0.086,0.201,0.13,0.324,0.385,0.044000000000000004,0.18
1577,Dillon,SC,Crude prevalence,27698,20691,0.32799999999999996,0.474,0.075,0.114,0.091,0.11800000000000001,0.228,0.203,0.391,0.45299999999999996,0.06,0.316
1579,Dimmit,TX,Crude prevalence,8257,5890,0.265,0.423,0.052000000000000005,0.095,0.099,0.094,0.209,0.23399999999999999,0.4,0.46799999999999997,0.055,0.331
1581,Dinwiddie,VA,Crude prevalence,28343,22735,0.302,0.408,0.08199999999999999,0.113,0.07,0.07400000000000001,0.22699999999999998,0.147,0.39299999999999996,0.40700000000000003,0.040999999999999995,0.154
1583,District of Columbia,DC,Crude prevalence,678972,552380,0.174,0.285,0.055999999999999994,0.102,0.038,0.04,0.21600000000000003,0.078,0.32799999999999996,0.247,0.027999999999999997,0.073
1585,Divide,ND,Crude prevalence,2135,1615,0.317,0.386,0.111,0.1,0.086,0.078,0.193,0.126,0.381,0.374,0.040999999999999995,0.095
1587,Dixie,FL,Crude prevalence,17465,14301,0.34700000000000003,0.433,0.106,0.10300000000000001,0.106,0.122,0.2,0.161,0.40700000000000003,0.34700000000000003,0.053,0.24
1589,Dixon,NE,Crude prevalence,5491,4099,0.27699999999999997,0.368,0.1,0.09,0.083,0.081,0.158,0.132,0.359,0.433,0.040999999999999995,0.16899999999999998
1591,Doddridge,WV,Crude prevalence,7680,6589,0.386,0.455,0.096,0.11900000000000001,0.094,0.115,0.292,0.16399999999999998,0.436,0.41,0.044000000000000004,0.182
1593,Dodge,GA,Crude prevalence,19776,16128,0.301,0.447,0.083,0.106,0.086,0.098,0.20600000000000002,0.16699999999999998,0.408,0.40399999999999997,0.05,0.19399999999999998
1595,Dodge,MN,Crude prevalence,21088,15823,0.228,0.29600000000000004,0.086,0.099,0.057,0.051,0.24100000000000002,0.096,0.326,0.35200000000000004,0.028999999999999998,0.08199999999999999
1597,Dodge,NE,Crude prevalence,37187,27891,0.271,0.341,0.08800000000000001,0.091,0.07,0.07200000000000001,0.166,0.11900000000000001,0.341,0.397,0.036000000000000004,0.114
1599,Dodge,WI,Crude prevalence,88231,71376,0.282,0.33399999999999996,0.08900000000000001,0.107,0.07,0.07,0.228,0.113,0.36700000000000005,0.428,0.035,0.105
1601,Dolores,CO,Crude prevalence,2513,2096,0.302,0.35100000000000003,0.102,0.11199999999999999,0.079,0.083,0.22699999999999998,0.115,0.36200000000000004,0.273,0.040999999999999995,0.114
1603,Doniphan,KS,Crude prevalence,7493,5905,0.285,0.359,0.091,0.102,0.071,0.075,0.213,0.115,0.368,0.375,0.035,0.128
1605,Donley,TX,Crude prevalence,3214,2573,0.297,0.39399999999999996,0.09699999999999999,0.10400000000000001,0.084,0.08900000000000001,0.23600000000000002,0.14,0.39399999999999996,0.342,0.044000000000000004,0.163
1607,Dooly,GA,Crude prevalence,10981,9303,0.302,0.47200000000000003,0.077,0.105,0.086,0.092,0.17800000000000002,0.183,0.4,0.41,0.053,0.184
1609,Door,WI,Crude prevalence,30562,25848,0.332,0.38799999999999996,0.12,0.105,0.085,0.075,0.207,0.13,0.39399999999999996,0.366,0.040999999999999995,0.1
1611,Dorchester,MD,Crude prevalence,32879,26096,0.354,0.442,0.096,0.115,0.087,0.099,0.20199999999999999,0.166,0.386,0.418,0.049,0.14300000000000002
1613,Dorchester,SC,Crude prevalence,169833,129270,0.247,0.353,0.078,0.096,0.059000000000000004,0.065,0.217,0.128,0.355,0.354,0.034,0.125
1615,Dougherty,GA,Crude prevalence,82645,62618,0.29600000000000004,0.47100000000000003,0.064,0.11900000000000001,0.078,0.091,0.18600000000000003,0.19,0.366,0.419,0.055,0.225
1617,Douglas,CO,Crude prevalence,383906,296166,0.223,0.258,0.085,0.105,0.043,0.04,0.21100000000000002,0.068,0.314,0.253,0.022000000000000002,0.057999999999999996
1619,Douglas,GA,Crude prevalence,149160,111702,0.243,0.374,0.06,0.10800000000000001,0.054000000000000006,0.057999999999999996,0.182,0.136,0.361,0.363,0.035,0.16399999999999998
1621,Douglas,IL,Crude prevalence,19629,14859,0.27899999999999997,0.354,0.09,0.10400000000000001,0.069,0.08,0.226,0.11699999999999999,0.37200000000000005,0.385,0.035,0.126
1623,Douglas,KS,Crude prevalence,120553,99565,0.21,0.266,0.067,0.10099999999999999,0.048,0.053,0.245,0.084,0.312,0.305,0.025,0.10300000000000001
1625,Douglas,MN,Crude prevalence,39953,31487,0.27699999999999997,0.335,0.105,0.1,0.073,0.064,0.244,0.114,0.37,0.35200000000000004,0.037000000000000005,0.09300000000000001
1627,Douglas,MO,Crude prevalence,12228,9333,0.358,0.429,0.107,0.111,0.096,0.11699999999999999,0.253,0.153,0.41700000000000004,0.38,0.049,0.26
1629,Douglas,NE,Crude prevalence,589540,441789,0.21600000000000003,0.306,0.07400000000000001,0.087,0.053,0.055999999999999994,0.18899999999999997,0.098,0.321,0.369,0.028999999999999998,0.14400000000000002
1631,Douglas,NV,Crude prevalence,49545,42375,0.341,0.382,0.126,0.10099999999999999,0.085,0.08199999999999999,0.18899999999999997,0.122,0.42700000000000005,0.271,0.042,0.11199999999999999
1633,Douglas,OR,Crude prevalence,112435,90938,0.34600000000000003,0.39399999999999996,0.113,0.128,0.091,0.09699999999999999,0.272,0.14300000000000002,0.392,0.376,0.045,0.147
1635,Douglas,SD,Crude prevalence,2838,2065,0.309,0.382,0.114,0.10099999999999999,0.08900000000000001,0.085,0.205,0.136,0.379,0.35100000000000003,0.044000000000000004,0.11
1637,Douglas,WA,Crude prevalence,44798,34090,0.258,0.324,0.084,0.106,0.066,0.063,0.226,0.11,0.34,0.358,0.035,0.122
1639,Douglas,WI,Crude prevalence,44264,35947,0.282,0.355,0.092,0.11,0.07200000000000001,0.07,0.239,0.11699999999999999,0.361,0.41,0.035,0.122
1641,DoÃ±a Ana,NM,Crude prevalence,225210,174328,0.233,0.325,0.061,0.094,0.067,0.06,0.22,0.13699999999999998,0.331,0.359,0.036000000000000004,0.145
1643,Drew,AR,Crude prevalence,16945,13230,0.299,0.447,0.078,0.111,0.085,0.098,0.24100000000000002,0.152,0.387,0.43799999999999994,0.047,0.21100000000000002
1645,DuPage,IL,Crude prevalence,921213,719635,0.223,0.307,0.081,0.08900000000000001,0.053,0.05,0.174,0.1,0.359,0.292,0.027000000000000003,0.08199999999999999
1647,Dubois,IN,Crude prevalence,43546,33017,0.311,0.38,0.095,0.109,0.07400000000000001,0.085,0.23399999999999999,0.132,0.40399999999999997,0.4,0.036000000000000004,0.124
1649,Dubuque,IA,Crude prevalence,98887,76789,0.27399999999999997,0.312,0.09300000000000001,0.099,0.065,0.068,0.195,0.10400000000000001,0.335,0.34299999999999997,0.033,0.107
1651,Duchesne,UT,Crude prevalence,20477,14005,0.262,0.313,0.081,0.113,0.064,0.07,0.256,0.11,0.303,0.316,0.034,0.161
1653,Dukes,MA,Crude prevalence,20819,17186,0.311,0.36,0.11699999999999999,0.115,0.073,0.068,0.23399999999999999,0.106,0.377,0.255,0.035,0.055999999999999994
1655,Dundy,NE,Crude prevalence,1561,1277,0.32,0.41200000000000003,0.11599999999999999,0.09300000000000001,0.09,0.086,0.16699999999999998,0.142,0.389,0.37,0.044000000000000004,0.11800000000000001
1657,Dunklin,MO,Crude prevalence,27032,20004,0.34600000000000003,0.441,0.08900000000000001,0.114,0.09300000000000001,0.12300000000000001,0.266,0.16,0.40299999999999997,0.462,0.05,0.261
1659,Dunn,ND,Crude prevalence,4019,2975,0.273,0.35200000000000004,0.09,0.10099999999999999,0.071,0.068,0.19699999999999998,0.115,0.358,0.36700000000000005,0.036000000000000004,0.11
1661,Dunn,WI,Crude prevalence,45794,37053,0.239,0.299,0.078,0.10800000000000001,0.06,0.062,0.25,0.099,0.317,0.38799999999999996,0.03,0.102
1663,Duplin,NC,Crude prevalence,49520,37683,0.305,0.429,0.08199999999999999,0.11199999999999999,0.084,0.094,0.23399999999999999,0.155,0.384,0.39399999999999996,0.049,0.185
1665,Durham,NC,Crude prevalence,336892,271458,0.218,0.32899999999999996,0.063,0.10800000000000001,0.05,0.051,0.22899999999999998,0.105,0.32299999999999995,0.361,0.03,0.11199999999999999
1667,Dutchess,NY,Crude prevalence,297150,243026,0.257,0.33399999999999996,0.08800000000000001,0.10400000000000001,0.06,0.059000000000000004,0.18899999999999997,0.099,0.361,0.282,0.031,0.154
1669,Duval,FL,Crude prevalence,1030822,801179,0.252,0.354,0.07400000000000001,0.10300000000000001,0.063,0.07,0.196,0.128,0.341,0.34299999999999997,0.035,0.146
1671,Duval,TX,Crude prevalence,9604,7139,0.239,0.384,0.055999999999999994,0.08900000000000001,0.08199999999999999,0.07,0.19399999999999998,0.188,0.386,0.41200000000000003,0.043,0.16
1673,Dyer,TN,Crude prevalence,36498,27693,0.341,0.426,0.087,0.114,0.08,0.102,0.308,0.149,0.39899999999999997,0.39399999999999996,0.042,0.235
1675,Eagle,CO,Crude prevalence,54381,43620,0.22399999999999998,0.252,0.079,0.10300000000000001,0.051,0.05,0.204,0.085,0.314,0.243,0.026000000000000002,0.10800000000000001
1677,Early,GA,Crude prevalence,10563,7986,0.32799999999999996,0.474,0.08,0.11599999999999999,0.08800000000000001,0.10300000000000001,0.198,0.18899999999999997,0.402,0.40700000000000003,0.055999999999999994,0.27699999999999997
1679,East Baton Rouge,LA,Crude prevalence,448467,347496,0.267,0.40299999999999997,0.065,0.10300000000000001,0.063,0.068,0.259,0.139,0.354,0.353,0.038,0.155
1681,East Carroll,LA,Crude prevalence,6829,5465,0.313,0.53,0.057,0.11599999999999999,0.10099999999999999,0.133,0.249,0.22,0.387,0.512,0.068,0.42
1683,East Feliciana,LA,Crude prevalence,19229,15872,0.314,0.47700000000000004,0.078,0.10099999999999999,0.081,0.086,0.245,0.161,0.41100000000000003,0.42200000000000004,0.047,0.204
1685,Eastland,TX,Crude prevalence,18037,14154,0.292,0.387,0.091,0.10300000000000001,0.08199999999999999,0.091,0.24100000000000002,0.141,0.392,0.355,0.043,0.215
1687,Eaton,MI,Crude prevalence,108820,86607,0.298,0.359,0.09699999999999999,0.114,0.068,0.075,0.268,0.114,0.361,0.389,0.034,0.071
1689,Eau Claire,WI,Crude prevalence,107903,86787,0.237,0.29,0.08,0.107,0.057999999999999996,0.057999999999999996,0.26,0.094,0.318,0.3,0.028999999999999998,0.127
1691,Echols,GA,Crude prevalence,3709,2736,0.255,0.361,0.07200000000000001,0.098,0.066,0.07400000000000001,0.20600000000000002,0.136,0.376,0.38299999999999995,0.036000000000000004,0.177
1693,Ector,TX,Crude prevalence,164494,114193,0.19699999999999998,0.305,0.049,0.09300000000000001,0.053,0.055,0.212,0.128,0.332,0.4,0.03,0.146
1695,Eddy,ND,Crude prevalence,2263,1680,0.326,0.391,0.10300000000000001,0.105,0.08800000000000001,0.087,0.204,0.135,0.387,0.387,0.044000000000000004,0.172
1697,Eddy,NM,Crude prevalence,60275,44384,0.226,0.322,0.066,0.09699999999999999,0.063,0.059000000000000004,0.228,0.11599999999999999,0.33299999999999996,0.39799999999999996,0.033,0.109
1699,Edgar,IL,Crude prevalence,16334,13132,0.326,0.40299999999999997,0.105,0.105,0.086,0.098,0.228,0.136,0.39799999999999996,0.375,0.044000000000000004,0.138
1701,Edgecombe,NC,Crude prevalence,48832,37653,0.327,0.47600000000000003,0.075,0.124,0.08800000000000001,0.1,0.22699999999999998,0.179,0.375,0.43700000000000006,0.057,0.258
1703,Edgefield,SC,Crude prevalence,27607,23040,0.29100000000000004,0.40299999999999997,0.08199999999999999,0.09699999999999999,0.077,0.08800000000000001,0.20600000000000002,0.162,0.386,0.39899999999999997,0.046,0.166
1705,Edmonson,KY,Crude prevalence,12448,10213,,,,,,,,,,,,0.275
1707,Edmunds,SD,Crude prevalence,4057,3140,0.3,0.365,0.113,0.099,0.081,0.076,0.198,0.124,0.373,0.337,0.04,0.075
1709,Edwards,IL,Crude prevalence,5968,4705,0.326,0.402,0.10300000000000001,0.10800000000000001,0.087,0.10300000000000001,0.23600000000000002,0.141,0.39799999999999996,0.40299999999999997,0.045,0.156
1711,Edwards,KS,Crude prevalence,2733,2119,0.306,0.39899999999999997,0.094,0.1,0.086,0.08800000000000001,0.198,0.14300000000000002,0.389,0.39899999999999997,0.042,0.098
1713,Edwards,TX,Crude prevalence,1393,1097,0.318,0.446,0.096,0.095,0.105,0.099,0.201,0.193,0.43700000000000006,0.382,0.053,0.235
1715,Effingham,GA,Crude prevalence,71541,52772,0.244,0.34600000000000003,0.073,0.1,0.054000000000000006,0.061,0.205,0.113,0.358,0.379,0.03,0.129
1717,Effingham,IL,Crude prevalence,34331,26215,0.281,0.35200000000000004,0.094,0.102,0.068,0.077,0.225,0.113,0.363,0.34299999999999997,0.035,0.124
1719,El Dorado,CA,Crude prevalence,192215,155106,0.27,0.336,0.102,0.098,0.068,0.06,0.223,0.10800000000000001,0.363,0.27699999999999997,0.034,0.085
1721,El Paso,CO,Crude prevalence,744215,574278,0.23,0.281,0.075,0.11599999999999999,0.049,0.052000000000000005,0.254,0.087,0.331,0.28300000000000003,0.027000000000000003,0.073
1723,El Paso,TX,Crude prevalence,869880,646273,0.20199999999999999,0.331,0.046,0.086,0.057999999999999996,0.049,0.19899999999999998,0.154,0.33899999999999997,0.34,0.032,0.153
1725,Elbert,CO,Crude prevalence,28806,22667,0.272,0.299,0.09699999999999999,0.111,0.059000000000000004,0.059000000000000004,0.217,0.08900000000000001,0.344,0.248,0.03,0.054000000000000006
1727,Elbert,GA,Crude prevalence,20013,15564,0.311,0.442,0.08800000000000001,0.107,0.086,0.096,0.204,0.166,0.406,0.382,0.049,0.185
1729,Elk,KS,Crude prevalence,2467,1897,0.355,0.43700000000000006,0.11199999999999999,0.10400000000000001,0.10300000000000001,0.111,0.21100000000000002,0.158,0.42100000000000004,0.405,0.05,0.20199999999999999
1731,Elk,PA,Crude prevalence,30198,24436,,,,,,,,,,,,0.152
1733,Elkhart,IN,Crude prevalence,206409,150600,0.27699999999999997,0.38299999999999995,0.078,0.113,0.071,0.08800000000000001,0.252,0.136,0.384,0.43799999999999994,0.037000000000000005,0.154
1735,Elko,NV,Crude prevalence,54293,40093,0.251,0.321,0.073,0.107,0.062,0.073,0.215,0.11,0.358,0.38,0.033,0.183
1737,Elliott,KY,Crude prevalence,7245,6028,,,,,,,,,,,,0.207
1739,Ellis,KS,Crude prevalence,28810,23071,0.242,0.317,0.076,0.099,0.061,0.066,0.207,0.098,0.331,0.365,0.03,0.067
1741,Ellis,OK,Crude prevalence,3648,2849,0.33,0.43700000000000006,0.10300000000000001,0.11,0.091,0.095,0.242,0.141,0.426,0.396,0.044000000000000004,0.243
1743,Ellis,TX,Crude prevalence,222829,164247,0.23,0.342,0.066,0.10099999999999999,0.053,0.055999999999999994,0.226,0.11599999999999999,0.359,0.37200000000000005,0.03,0.109
1745,Ellsworth,KS,Crude prevalence,6357,5224,0.28800000000000003,0.379,0.09699999999999999,0.094,0.075,0.07400000000000001,0.185,0.11699999999999999,0.365,0.391,0.037000000000000005,0.155
1747,Elmore,AL,Crude prevalence,90441,71010,0.295,0.41600000000000004,0.083,0.1,0.067,0.075,0.23,0.13,0.406,0.389,0.037000000000000005,0.122
1749,Elmore,ID,Crude prevalence,29724,22520,0.248,0.317,0.07200000000000001,0.107,0.062,0.071,0.228,0.10400000000000001,0.322,0.342,0.033,0.183
1751,Emanuel,GA,Crude prevalence,23119,17452,0.295,0.439,0.073,0.111,0.08,0.1,0.20800000000000002,0.16399999999999998,0.39899999999999997,0.42700000000000005,0.048,0.237
1753,Emery,UT,Crude prevalence,10144,7361,0.278,0.34,0.092,0.11199999999999999,0.068,0.069,0.271,0.11199999999999999,0.342,0.306,0.035,0.156
1755,Emmet,IA,Crude prevalence,9229,7456,0.29600000000000004,0.384,0.1,0.099,0.08,0.084,0.19699999999999998,0.127,0.375,0.425,0.04,0.154
1757,Emmet,MI,Crude prevalence,34123,28041,0.317,0.376,0.11199999999999999,0.11,0.075,0.078,0.253,0.115,0.376,0.327,0.036000000000000004,0.138
1759,Emmons,ND,Crude prevalence,3224,2561,0.331,0.408,0.11800000000000001,0.10099999999999999,0.095,0.08800000000000001,0.19,0.135,0.4,0.381,0.046,0.098
1761,Emporia,VA,Crude prevalence,5463,4042,0.32799999999999996,0.47600000000000003,0.071,0.128,0.08800000000000001,0.10099999999999999,0.21100000000000002,0.2,0.396,0.444,0.059000000000000004,0.23199999999999998
1763,Erath,TX,Crude prevalence,44195,35075,0.225,0.309,0.07,0.10300000000000001,0.057999999999999996,0.066,0.249,0.10800000000000001,0.33399999999999996,0.33399999999999996,0.031,0.132
1765,Erie,NY,Crude prevalence,946147,756717,0.278,0.33,0.08800000000000001,0.115,0.065,0.069,0.20600000000000002,0.10800000000000001,0.37,0.32799999999999996,0.034,0.10099999999999999
1767,Erie,OH,Crude prevalence,74035,59711,0.33299999999999996,0.41600000000000004,0.10400000000000001,0.109,0.083,0.08900000000000001,0.245,0.14400000000000002,0.39,0.401,0.04,0.11800000000000001
1769,Erie,PA,Crude prevalence,267571,212685,,,,,,,,,,,,0.149
1771,Escambia,AL,Crude prevalence,36558,28282,0.341,0.486,0.08199999999999999,0.109,0.095,0.114,0.24,0.185,0.428,0.439,0.055,0.289
1773,Escambia,FL,Crude prevalence,326928,258632,0.273,0.38799999999999996,0.086,0.106,0.07200000000000001,0.078,0.205,0.128,0.375,0.358,0.038,0.106
1775,Esmeralda,NV,Crude prevalence,736,636,0.371,0.44799999999999995,0.11800000000000001,0.109,0.121,0.125,0.20199999999999999,0.177,0.449,0.361,0.061,0.183
1777,Essex,MA,Crude prevalence,810089,642879,0.255,0.321,0.08800000000000001,0.115,0.062,0.063,0.223,0.10300000000000001,0.35600000000000004,0.3,0.031,0.151
1779,Essex,NJ,Crude prevalence,851117,652264,0.204,0.317,0.057999999999999996,0.098,0.055999999999999994,0.055,0.154,0.12,0.384,0.29600000000000004,0.036000000000000004,0.158
1781,Essex,NY,Crude prevalence,36775,31123,0.319,0.379,0.111,0.107,0.081,0.083,0.204,0.11800000000000001,0.396,0.348,0.04,0.079
1783,Essex,VA,Crude prevalence,10598,8706,0.345,0.45899999999999996,0.09,0.11800000000000001,0.08900000000000001,0.098,0.228,0.18,0.428,0.426,0.052000000000000005,0.198
1785,Essex,VT,Crude prevalence,6010,4937,0.34700000000000003,0.39899999999999997,0.115,0.11599999999999999,0.095,0.10400000000000001,0.262,0.125,0.38,0.342,0.049,0.19
1787,Estill,KY,Crude prevalence,13936,10995,,,,,,,,,,,,0.386
1789,Etowah,AL,Crude prevalence,103241,80652,0.337,0.46299999999999997,0.091,0.10300000000000001,0.085,0.098,0.249,0.163,0.425,0.43799999999999994,0.045,0.17
1791,Eureka,NV,Crude prevalence,1917,1480,0.33899999999999997,0.415,0.096,0.114,0.099,0.121,0.235,0.161,0.42,0.38799999999999996,0.052000000000000005,0.17300000000000001
1793,Evangeline,LA,Crude prevalence,31754,23809,0.321,0.451,0.075,0.109,0.08800000000000001,0.111,0.28300000000000003,0.168,0.4,0.447,0.05,0.28600000000000003
1795,Evans,GA,Crude prevalence,10754,8115,0.292,0.43200000000000005,0.075,0.109,0.08,0.096,0.20800000000000002,0.168,0.387,0.424,0.048,0.21100000000000002
1797,Fairbanks North Star,AK,Crude prevalence,94840,72305,0.19899999999999998,0.303,0.065,0.1,0.048,0.049,0.205,0.079,0.322,0.353,0.025,0.10400000000000001
1800,Fairfax,VA,Crude prevalence,25144,18626,0.223,0.312,0.069,0.092,0.05,0.045,0.195,0.111,0.369,0.318,0.025,0.07
1801,Fairfax,VA,Crude prevalence,1141878,884086,0.214,0.29600000000000004,0.071,0.091,0.05,0.040999999999999995,0.184,0.107,0.37799999999999995,0.24,0.025,0.07400000000000001
1803,Fairfield,OH,Crude prevalence,165360,125997,0.3,0.363,0.08800000000000001,0.10800000000000001,0.066,0.07200000000000001,0.253,0.122,0.37200000000000005,0.35600000000000004,0.033,0.138
1805,Fairfield,SC,Crude prevalence,20422,16771,0.337,0.491,0.086,0.107,0.091,0.10300000000000001,0.20600000000000002,0.205,0.43,0.457,0.059000000000000004,0.217
1807,Fall River,SD,Crude prevalence,7393,6194,0.348,0.431,0.121,0.10400000000000001,0.105,0.102,0.2,0.16399999999999998,0.41100000000000003,0.38,0.052000000000000005,0.166
1809,Fallon,MT,Crude prevalence,2994,2225,0.292,0.327,0.096,0.111,0.068,0.07400000000000001,0.23800000000000002,0.102,0.332,0.314,0.036000000000000004,0.094
1811,Falls,TX,Crude prevalence,17286,13585,0.282,0.409,0.076,0.109,0.081,0.091,0.231,0.161,0.37799999999999995,0.4,0.047,0.278
1813,Falls Church,VA,Crude prevalence,14685,11167,0.228,0.292,0.08199999999999999,0.091,0.044000000000000004,0.036000000000000004,0.204,0.08900000000000001,0.365,0.29100000000000004,0.022000000000000002,0.04
1815,Fannin,GA,Crude prevalence,25955,21938,0.355,0.44799999999999995,0.121,0.1,0.102,0.106,0.207,0.165,0.45799999999999996,0.382,0.05,0.114
1817,Fannin,TX,Crude prevalence,37571,29614,0.272,0.375,0.08199999999999999,0.10400000000000001,0.07400000000000001,0.085,0.245,0.132,0.381,0.392,0.039,0.12300000000000001
1819,Faribault,MN,Crude prevalence,13873,10857,0.281,0.365,0.10300000000000001,0.102,0.084,0.078,0.237,0.128,0.37,0.376,0.042,0.146
1821,Faulk,SD,Crude prevalence,2151,1581,0.316,0.386,0.111,0.10300000000000001,0.095,0.094,0.21100000000000002,0.14400000000000002,0.377,0.363,0.047,0.172
1823,Faulkner,AR,Crude prevalence,129951,100739,0.24100000000000002,0.354,0.073,0.102,0.06,0.067,0.264,0.10800000000000001,0.35700000000000004,0.39799999999999996,0.031,0.158
1825,Fauquier,VA,Crude prevalence,75165,57749,0.278,0.34,0.08900000000000001,0.10099999999999999,0.062,0.06,0.221,0.11599999999999999,0.39299999999999996,0.327,0.031,0.122
1827,Fayette,AL,Crude prevalence,15967,12532,0.35700000000000004,0.47600000000000003,0.09699999999999999,0.10300000000000001,0.094,0.109,0.257,0.166,0.434,0.406,0.05,0.263
1829,Fayette,GA,Crude prevalence,123351,95974,0.259,0.371,0.08900000000000001,0.09300000000000001,0.06,0.053,0.17600000000000002,0.126,0.379,0.307,0.033,0.067
1831,Fayette,IA,Crude prevalence,19210,15100,0.301,0.38799999999999996,0.102,0.099,0.08199999999999999,0.086,0.2,0.131,0.384,0.385,0.040999999999999995,0.14800000000000002
1833,Fayette,IL,Crude prevalence,21164,16988,0.284,0.376,0.087,0.10400000000000001,0.076,0.092,0.22399999999999998,0.127,0.373,0.39799999999999996,0.04,0.168
1835,Fayette,IN,Crude prevalence,23362,18243,0.331,0.426,0.096,0.11800000000000001,0.08900000000000001,0.114,0.271,0.154,0.41700000000000004,0.449,0.044000000000000004,0.204
1837,Fayette,KY,Crude prevalence,320154,253709,,,,,,,,,,,,0.121
1839,Fayette,OH,Crude prevalence,28817,22051,0.315,0.41600000000000004,0.091,0.114,0.08199999999999999,0.102,0.268,0.14300000000000002,0.406,0.413,0.040999999999999995,0.16699999999999998
1841,Fayette,PA,Crude prevalence,123915,100555,,,,,,,,,,,,0.183
1843,Fayette,TN,Crude prevalence,44175,36250,0.348,0.451,0.095,0.109,0.08,0.08900000000000001,0.258,0.159,0.41700000000000004,0.39,0.043,0.149
1845,Fayette,TX,Crude prevalence,25474,20303,0.294,0.39299999999999996,0.10300000000000001,0.096,0.08,0.077,0.213,0.138,0.40399999999999997,0.33899999999999997,0.040999999999999995,0.16
1847,Fayette,WV,Crude prevalence,39072,31056,0.401,0.456,0.102,0.125,0.09699999999999999,0.122,0.312,0.179,0.456,0.405,0.047,0.268
1849,Fentress,TN,Crude prevalence,19696,15620,0.386,0.456,0.10300000000000001,0.114,0.1,0.133,0.304,0.171,0.436,0.449,0.051,0.213
1851,Fergus,MT,Crude prevalence,11772,9316,0.309,0.373,0.107,0.111,0.08,0.085,0.231,0.114,0.34600000000000003,0.312,0.042,0.145
1853,Ferry,WA,Crude prevalence,7497,6217,0.38,0.41100000000000003,0.114,0.12300000000000001,0.1,0.098,0.25,0.151,0.41200000000000003,0.402,0.052000000000000005,0.13699999999999998
1855,Fillmore,MN,Crude prevalence,21522,16319,0.267,0.36200000000000004,0.102,0.10099999999999999,0.075,0.069,0.237,0.11800000000000001,0.358,0.405,0.038,0.10300000000000001
1857,Fillmore,NE,Crude prevalence,5548,4435,0.284,0.369,0.105,0.09300000000000001,0.076,0.073,0.166,0.12300000000000001,0.371,0.42100000000000004,0.037000000000000005,0.092
1859,Finney,KS,Crude prevalence,37466,26325,0.221,0.32899999999999996,0.059000000000000004,0.09699999999999999,0.062,0.065,0.182,0.131,0.337,0.373,0.032,0.154
1861,Fisher,TX,Crude prevalence,3612,2830,0.29100000000000004,0.4,0.094,0.09699999999999999,0.08,0.076,0.21600000000000003,0.145,0.39899999999999997,0.361,0.040999999999999995,0.127
1863,Flagler,FL,Crude prevalence,131439,110520,0.336,0.392,0.121,0.09699999999999999,0.09,0.086,0.183,0.13699999999999998,0.446,0.306,0.044000000000000004,0.071
1865,Flathead,MT,Crude prevalence,113679,89230,0.287,0.311,0.1,0.107,0.065,0.07,0.237,0.09300000000000001,0.331,0.312,0.034,0.12300000000000001
1867,Fleming,KY,Crude prevalence,15442,11720,,,,,,,,,,,,0.256
1869,Florence,SC,Crude prevalence,137214,104925,0.284,0.426,0.077,0.10300000000000001,0.07,0.081,0.22699999999999998,0.155,0.4,0.406,0.045,0.166
1871,Florence,WI,Crude prevalence,4682,4032,0.345,0.40700000000000003,0.11800000000000001,0.107,0.09,0.085,0.22399999999999998,0.14300000000000002,0.415,0.375,0.043,0.111
1873,Floyd,GA,Crude prevalence,100113,77443,0.273,0.386,0.08,0.10300000000000001,0.071,0.081,0.223,0.141,0.39399999999999996,0.373,0.039,0.18
1875,Floyd,IA,Crude prevalence,15326,11807,0.304,0.379,0.10099999999999999,0.1,0.08,0.083,0.204,0.129,0.379,0.39799999999999996,0.04,0.1
1877,Floyd,IN,Crude prevalence,80809,62972,0.294,0.38799999999999996,0.09,0.113,0.067,0.078,0.252,0.125,0.397,0.376,0.033,0.111
1879,Floyd,KY,Crude prevalence,34423,26697,,,,,,,,,,,,0.297
1881,Floyd,TX,Crude prevalence,5090,3788,0.266,0.389,0.073,0.096,0.083,0.083,0.21,0.17,0.39399999999999996,0.391,0.044000000000000004,0.174
1883,Floyd,VA,Crude prevalence,15679,12779,0.33299999999999996,0.39399999999999996,0.106,0.106,0.083,0.086,0.237,0.135,0.42,0.327,0.040999999999999995,0.151
1885,Fluvanna,VA,Crude prevalence,28462,22968,0.303,0.373,0.094,0.109,0.067,0.068,0.235,0.126,0.39299999999999996,0.391,0.035,0.065
1887,Foard,TX,Crude prevalence,1079,854,0.337,0.45399999999999996,0.10099999999999999,0.107,0.109,0.11800000000000001,0.23800000000000002,0.182,0.425,0.401,0.057,0.22399999999999998
1889,Fond du Lac,WI,Crude prevalence,103948,82246,0.289,0.344,0.08900000000000001,0.11,0.069,0.069,0.244,0.115,0.361,0.43799999999999994,0.035,0.079
1891,Ford,IL,Crude prevalence,13250,10197,0.29600000000000004,0.371,0.094,0.106,0.075,0.087,0.22899999999999998,0.124,0.377,0.377,0.038,0.168
1893,Ford,KS,Crude prevalence,33980,23779,0.233,0.332,0.057999999999999996,0.09300000000000001,0.064,0.066,0.179,0.131,0.335,0.391,0.033,0.10800000000000001
1895,Forest,PA,Crude prevalence,6449,6206,,,,,,,,,,,,0.192
1897,Forest,WI,Crude prevalence,9325,7503,0.353,0.43200000000000005,0.10800000000000001,0.121,0.099,0.102,0.254,0.16699999999999998,0.425,0.46,0.05,0.12
1899,Forrest,MS,Crude prevalence,78208,60424,0.264,0.395,0.066,0.1,0.062,0.07400000000000001,0.20800000000000002,0.131,0.34,0.358,0.038,0.171
1901,Forsyth,GA,Crude prevalence,272887,203939,0.203,0.302,0.075,0.084,0.046,0.042,0.174,0.099,0.373,0.27699999999999997,0.024,0.043
1903,Forsyth,NC,Crude prevalence,392921,304926,0.261,0.36700000000000005,0.077,0.111,0.065,0.07,0.23399999999999999,0.124,0.33899999999999997,0.41200000000000003,0.037000000000000005,0.158
1905,Fort Bend,TX,Crude prevalence,916778,674906,0.195,0.318,0.055,0.09,0.046,0.042,0.175,0.12,0.35200000000000004,0.301,0.027000000000000003,0.1
1907,Foster,ND,Crude prevalence,3309,2554,0.312,0.37799999999999995,0.10800000000000001,0.1,0.078,0.07200000000000001,0.198,0.11800000000000001,0.384,0.35700000000000004,0.038,0.091
1909,Fountain,IN,Crude prevalence,16731,13018,0.32899999999999996,0.40700000000000003,0.09699999999999999,0.115,0.08199999999999999,0.1,0.26,0.141,0.41200000000000003,0.426,0.04,0.185
1911,Franklin,AL,Crude prevalence,31802,23799,0.32899999999999996,0.444,0.087,0.1,0.08900000000000001,0.107,0.251,0.16399999999999998,0.43700000000000006,0.42200000000000004,0.047,0.165
1913,Franklin,AR,Crude prevalence,17468,13545,0.336,0.446,0.096,0.106,0.095,0.11199999999999999,0.27,0.146,0.41600000000000004,0.39799999999999996,0.047,0.255
1915,Franklin,FL,Crude prevalence,12594,10717,0.322,0.44,0.113,0.099,0.098,0.10800000000000001,0.183,0.153,0.41200000000000003,0.32299999999999995,0.049,0.131
1917,Franklin,GA,Crude prevalence,24782,19292,0.3,0.40700000000000003,0.08900000000000001,0.106,0.08199999999999999,0.096,0.226,0.147,0.4,0.39,0.044000000000000004,0.223
1919,Franklin,IA,Crude prevalence,9875,7448,0.312,0.39,0.099,0.1,0.086,0.09,0.203,0.141,0.38,0.40700000000000003,0.042,0.151
1921,Franklin,ID,Crude prevalence,15494,10847,0.258,0.309,0.08,0.107,0.06,0.066,0.228,0.094,0.312,0.35700000000000004,0.032,0.122
1923,Franklin,IL,Crude prevalence,37138,28958,0.319,0.387,0.098,0.109,0.084,0.102,0.237,0.139,0.385,0.41600000000000004,0.044000000000000004,0.162
1925,Franklin,IN,Crude prevalence,23096,17964,0.318,0.40399999999999997,0.09699999999999999,0.11199999999999999,0.076,0.091,0.253,0.13699999999999998,0.40399999999999997,0.408,0.037000000000000005,0.17800000000000002
1927,Franklin,KS,Crude prevalence,26125,20176,0.297,0.36200000000000004,0.08900000000000001,0.10400000000000001,0.07,0.077,0.213,0.115,0.369,0.40299999999999997,0.035,0.132
1929,Franklin,KY,Crude prevalence,51644,40886,,,,,,,,,,,,0.156
1931,Franklin,LA,Crude prevalence,19285,14407,0.348,0.48100000000000004,0.084,0.111,0.099,0.125,0.281,0.184,0.42,0.42,0.057,0.305
1933,Franklin,MA,Crude prevalence,70836,59245,0.315,0.363,0.109,0.11800000000000001,0.073,0.077,0.254,0.10800000000000001,0.377,0.263,0.036000000000000004,0.136
1935,Franklin,ME,Crude prevalence,30828,25609,0.326,0.366,0.099,0.132,0.083,0.092,0.28300000000000003,0.113,0.381,0.34600000000000003,0.039,0.136
1937,Franklin,MO,Crude prevalence,106404,82845,0.312,0.374,0.096,0.10400000000000001,0.073,0.085,0.256,0.122,0.395,0.396,0.037000000000000005,0.12
1939,Franklin,MS,Crude prevalence,7610,5846,0.35,0.503,0.08900000000000001,0.102,0.09699999999999999,0.113,0.196,0.185,0.42700000000000005,0.40399999999999997,0.057,0.21600000000000003
1941,Franklin,NC,Crude prevalence,77001,60292,0.28600000000000003,0.386,0.08,0.11,0.068,0.076,0.245,0.128,0.36700000000000005,0.38799999999999996,0.039,0.168
1943,Franklin,NE,Crude prevalence,2825,2223,0.326,0.419,0.113,0.094,0.095,0.092,0.17800000000000002,0.142,0.38299999999999995,0.392,0.046,0.165
1945,Franklin,NY,Crude prevalence,46502,37193,0.305,0.364,0.095,0.114,0.076,0.086,0.21899999999999997,0.122,0.373,0.40700000000000003,0.039,0.146
1947,Franklin,OH,Crude prevalence,1326063,1019364,0.245,0.32899999999999996,0.068,0.11199999999999999,0.055999999999999994,0.063,0.258,0.11800000000000001,0.335,0.337,0.031,0.146
1949,Franklin,PA,Crude prevalence,157854,123358,,,,,,,,,,,,0.13
1951,Franklin,TN,Crude prevalence,44654,36041,0.32799999999999996,0.40700000000000003,0.094,0.11,0.078,0.095,0.301,0.139,0.40299999999999997,0.35,0.039,0.182
1953,Franklin,TX,Crude prevalence,10735,8409,0.28600000000000003,0.384,0.098,0.1,0.075,0.076,0.22899999999999998,0.13,0.396,0.353,0.038,0.086
1956,Franklin,VA,Crude prevalence,8339,6018,0.322,0.452,0.076,0.125,0.081,0.09300000000000001,0.22399999999999998,0.18100000000000002,0.391,0.43799999999999994,0.052000000000000005,0.18100000000000002
1957,Franklin,VA,Crude prevalence,55549,45296,0.336,0.41200000000000003,0.106,0.111,0.087,0.092,0.24,0.151,0.43799999999999994,0.348,0.044000000000000004,0.11199999999999999
1959,Franklin,VT,Crude prevalence,50994,40099,0.28800000000000003,0.34,0.095,0.114,0.068,0.07200000000000001,0.254,0.096,0.331,0.369,0.034,0.081
1961,Franklin,WA,Crude prevalence,99034,68864,0.20199999999999999,0.278,0.055999999999999994,0.105,0.053,0.054000000000000006,0.212,0.10800000000000001,0.313,0.35200000000000004,0.03,0.15
1963,Frederick,MD,Crude prevalence,293391,224828,0.253,0.33899999999999997,0.084,0.095,0.054000000000000006,0.051,0.205,0.106,0.38799999999999996,0.34700000000000003,0.027999999999999997,0.059000000000000004
1965,Frederick,VA,Crude prevalence,95994,74555,0.27,0.35100000000000003,0.091,0.10300000000000001,0.066,0.068,0.223,0.11800000000000001,0.384,0.375,0.034,0.075
1967,Fredericksburg,VA,Crude prevalence,28928,22830,0.217,0.302,0.059000000000000004,0.113,0.048,0.052000000000000005,0.248,0.102,0.327,0.395,0.027000000000000003,0.138
1969,Freeborn,MN,Crude prevalence,30515,23904,0.275,0.359,0.1,0.099,0.081,0.07400000000000001,0.226,0.129,0.355,0.36,0.040999999999999995,0.12300000000000001
1971,Freestone,TX,Crude prevalence,20441,15822,0.287,0.41,0.086,0.10300000000000001,0.079,0.086,0.22699999999999998,0.147,0.386,0.382,0.044000000000000004,0.171
1973,Fremont,CO,Crude prevalence,50318,42512,0.293,0.326,0.094,0.11,0.076,0.08199999999999999,0.23199999999999998,0.114,0.34700000000000003,0.306,0.039,0.23
1975,Fremont,IA,Crude prevalence,6458,5059,0.316,0.386,0.107,0.1,0.08,0.081,0.201,0.127,0.384,0.39899999999999997,0.039,0.124
1977,Fremont,ID,Crude prevalence,14196,10850,0.27399999999999997,0.309,0.085,0.105,0.066,0.071,0.221,0.105,0.331,0.327,0.034,0.142
1979,Fremont,WY,Crude prevalence,39815,30150,0.261,0.354,0.092,0.109,0.076,0.083,0.20600000000000002,0.124,0.33799999999999997,0.33899999999999997,0.039,0.14400000000000002
1981,Fresno,CA,Crude prevalence,1017162,737124,0.217,0.317,0.057,0.099,0.062,0.06,0.214,0.127,0.327,0.377,0.034,0.13699999999999998
1983,Frio,TX,Crude prevalence,17987,13345,0.195,0.331,0.044000000000000004,0.086,0.062,0.059000000000000004,0.195,0.153,0.35,0.405,0.034,0.19
1985,Frontier,NE,Crude prevalence,2585,2060,0.281,0.365,0.106,0.092,0.079,0.07400000000000001,0.166,0.11900000000000001,0.35100000000000003,0.374,0.038,0.065
1987,Fulton,AR,Crude prevalence,12421,9795,0.371,0.491,0.109,0.106,0.115,0.132,0.262,0.171,0.436,0.396,0.057,0.184
1989,Fulton,GA,Crude prevalence,1079105,856802,0.204,0.33399999999999996,0.059000000000000004,0.094,0.046,0.045,0.16899999999999998,0.109,0.335,0.282,0.028999999999999998,0.113
1991,Fulton,IL,Crude prevalence,32541,26249,0.304,0.392,0.096,0.105,0.079,0.092,0.231,0.13,0.386,0.39899999999999997,0.040999999999999995,0.16399999999999998
1993,Fulton,IN,Crude prevalence,20358,15626,0.33,0.41200000000000003,0.09699999999999999,0.114,0.085,0.102,0.255,0.146,0.40299999999999997,0.41700000000000004,0.042,0.174
1995,Fulton,KY,Crude prevalence,6338,4956,,,,,,,,,,,,0.318
1997,Fulton,NY,Crude prevalence,52234,41853,0.317,0.38299999999999995,0.098,0.11900000000000001,0.078,0.091,0.217,0.121,0.382,0.358,0.04,0.152
1999,Fulton,OH,Crude prevalence,42007,32339,0.322,0.37799999999999995,0.096,0.105,0.07400000000000001,0.081,0.247,0.133,0.39,0.37,0.036000000000000004,0.10400000000000001
2001,Fulton,PA,Crude prevalence,14468,11638,,,,,,,,,,,,0.127
2003,Furnas,NE,Crude prevalence,4556,3583,0.318,0.396,0.109,0.094,0.087,0.085,0.171,0.135,0.371,0.444,0.042,0.135
2005,Gadsden,FL,Crude prevalence,43833,34200,0.312,0.446,0.079,0.111,0.09300000000000001,0.11,0.166,0.192,0.386,0.446,0.059000000000000004,0.23800000000000002
2007,Gage,NE,Crude prevalence,21634,16755,0.293,0.396,0.099,0.094,0.079,0.081,0.17600000000000002,0.126,0.38,0.418,0.039,0.12
2009,Gaines,TX,Crude prevalence,22523,14406,0.20600000000000002,0.308,0.054000000000000006,0.102,0.055,0.066,0.23800000000000002,0.11800000000000001,0.34,0.361,0.031,0.162
2011,Galax,VA,Crude prevalence,6717,4907,0.321,0.409,0.086,0.11699999999999999,0.086,0.107,0.265,0.163,0.401,0.39399999999999996,0.047,0.272
2013,Gallatin,IL,Crude prevalence,4670,3791,0.341,0.41600000000000004,0.11,0.10800000000000001,0.09300000000000001,0.109,0.23,0.146,0.40700000000000003,0.408,0.048,0.158
2015,Gallatin,KY,Crude prevalence,8792,6729,,,,,,,,,,,,0.222
2017,Gallatin,MT,Crude prevalence,126409,102868,0.215,0.237,0.07200000000000001,0.107,0.043,0.045,0.228,0.067,0.27399999999999997,0.23,0.023,0.10099999999999999
2019,Gallia,OH,Crude prevalence,28986,22229,0.35100000000000003,0.415,0.098,0.115,0.092,0.11,0.28300000000000003,0.153,0.402,0.366,0.044000000000000004,0.212
2021,Galveston,TX,Crude prevalence,361744,277060,0.24100000000000002,0.35700000000000004,0.073,0.098,0.059000000000000004,0.06,0.217,0.12300000000000001,0.35700000000000004,0.34,0.033,0.109
2023,Garden,NE,Crude prevalence,1794,1468,0.33799999999999997,0.44,0.11800000000000001,0.094,0.102,0.099,0.16899999999999998,0.155,0.392,0.402,0.05,0.085
2025,Garfield,CO,Crude prevalence,62707,47597,0.24,0.272,0.078,0.107,0.055,0.057999999999999996,0.21100000000000002,0.08900000000000001,0.32,0.24,0.028999999999999998,0.111
2027,Garfield,MT,Crude prevalence,1211,917,0.32299999999999995,0.366,0.11,0.111,0.083,0.086,0.242,0.115,0.354,0.306,0.043,0.13
2029,Garfield,NE,Crude prevalence,1763,1422,0.301,0.38,0.11800000000000001,0.09,0.084,0.075,0.162,0.12300000000000001,0.374,0.38799999999999996,0.04,0.067
2031,Garfield,OK,Crude prevalence,62023,46027,0.266,0.389,0.081,0.11,0.073,0.08199999999999999,0.22899999999999998,0.126,0.402,0.41700000000000004,0.037000000000000005,0.231
2033,Garfield,UT,Crude prevalence,5314,4137,0.295,0.34700000000000003,0.106,0.106,0.073,0.066,0.247,0.11599999999999999,0.366,0.28600000000000003,0.037000000000000005,0.146
2035,Garfield,WA,Crude prevalence,2363,1865,0.315,0.377,0.11199999999999999,0.11,0.077,0.07,0.23399999999999999,0.115,0.385,0.31,0.039,0.095
2037,Garland,AR,Crude prevalence,99784,80189,0.336,0.45799999999999996,0.105,0.10099999999999999,0.09300000000000001,0.095,0.24100000000000002,0.14800000000000002,0.39299999999999996,0.391,0.045,0.17800000000000002
2039,Garrard,KY,Crude prevalence,17829,13879,,,,,,,,,,,,0.247
2041,Garrett,MD,Crude prevalence,28423,23480,0.349,0.424,0.11199999999999999,0.111,0.083,0.09300000000000001,0.21,0.141,0.43700000000000006,0.363,0.042,0.125
2043,Garvin,OK,Crude prevalence,25865,19354,0.306,0.41700000000000004,0.086,0.11699999999999999,0.08199999999999999,0.096,0.259,0.141,0.392,0.386,0.042,0.172
2045,Garza,TX,Crude prevalence,4517,3597,0.226,0.355,0.057999999999999996,0.09300000000000001,0.069,0.075,0.209,0.149,0.364,0.39899999999999997,0.038,0.185
2047,Gasconade,MO,Crude prevalence,14705,11709,0.34299999999999997,0.40700000000000003,0.107,0.106,0.086,0.1,0.24600000000000002,0.135,0.41200000000000003,0.39299999999999996,0.043,0.18899999999999997
2049,Gaston,NC,Crude prevalence,237242,184354,0.282,0.371,0.08,0.111,0.067,0.077,0.253,0.12300000000000001,0.365,0.36200000000000004,0.037000000000000005,0.19
2051,Gates,NC,Crude prevalence,10343,8363,0.33399999999999996,0.446,0.09,0.115,0.086,0.095,0.242,0.158,0.396,0.39,0.051,0.222
2053,Geary,KS,Crude prevalence,35047,23726,0.19899999999999998,0.295,0.05,0.10300000000000001,0.049,0.059000000000000004,0.218,0.09300000000000001,0.287,0.345,0.027000000000000003,0.12300000000000001
2055,Geauga,OH,Crude prevalence,95407,74443,0.309,0.375,0.10800000000000001,0.10300000000000001,0.07400000000000001,0.076,0.233,0.124,0.37799999999999995,0.326,0.035,0.11
2057,Gem,ID,Crude prevalence,21071,16445,0.306,0.35100000000000003,0.1,0.107,0.075,0.078,0.218,0.115,0.35200000000000004,0.32899999999999996,0.039,0.121
2059,Genesee,MI,Crude prevalence,401522,313303,0.322,0.39,0.091,0.12300000000000001,0.078,0.095,0.272,0.132,0.373,0.406,0.042,0.139
2061,Genesee,NY,Crude prevalence,57529,45851,0.29,0.35100000000000003,0.098,0.109,0.069,0.07400000000000001,0.21100000000000002,0.107,0.37799999999999995,0.302,0.035,0.163
2063,Geneva,AL,Crude prevalence,26988,21061,0.34700000000000003,0.455,0.094,0.10400000000000001,0.09300000000000001,0.11,0.257,0.16399999999999998,0.436,0.423,0.049,0.18100000000000002
2065,Gentry,MO,Crude prevalence,6287,4635,0.316,0.389,0.095,0.10800000000000001,0.08,0.10099999999999999,0.25,0.132,0.39,0.41200000000000003,0.040999999999999995,0.2
2067,George,MS,Crude prevalence,25619,18726,0.29,0.39799999999999996,0.08,0.095,0.07200000000000001,0.087,0.21600000000000003,0.131,0.384,0.37200000000000005,0.039,0.19
2069,Georgetown,SC,Crude prevalence,65731,54866,0.325,0.441,0.115,0.09300000000000001,0.086,0.086,0.198,0.16899999999999998,0.391,0.318,0.048,0.16399999999999998
2071,Gibson,IN,Crude prevalence,32904,25197,0.313,0.384,0.092,0.11199999999999999,0.075,0.09,0.265,0.13,0.387,0.39399999999999996,0.037000000000000005,0.182
2073,Gibson,TN,Crude prevalence,51045,38625,0.336,0.415,0.084,0.114,0.076,0.099,0.285,0.147,0.396,0.396,0.042,0.18600000000000003
2075,Gila,AZ,Crude prevalence,54003,43968,0.35200000000000004,0.39299999999999996,0.11699999999999999,0.111,0.098,0.106,0.207,0.15,0.406,0.314,0.052000000000000005,0.192
2077,Gilchrist,FL,Crude prevalence,19587,15406,0.29600000000000004,0.363,0.102,0.102,0.083,0.09699999999999999,0.20600000000000002,0.128,0.41100000000000003,0.345,0.042,0.158
2079,Giles,TN,Crude prevalence,30721,24414,0.34600000000000003,0.431,0.095,0.113,0.084,0.105,0.29100000000000004,0.154,0.41200000000000003,0.39799999999999996,0.044000000000000004,0.168
2081,Giles,VA,Crude prevalence,16457,13231,0.325,0.39899999999999997,0.1,0.10800000000000001,0.081,0.08900000000000001,0.249,0.138,0.41600000000000004,0.361,0.040999999999999995,0.14300000000000002
2083,Gillespie,TX,Crude prevalence,27733,22412,0.309,0.40299999999999997,0.114,0.094,0.083,0.077,0.21,0.136,0.419,0.32799999999999996,0.040999999999999995,0.126
2085,Gilliam,OR,Crude prevalence,2026,1628,0.37,0.41100000000000003,0.121,0.12300000000000001,0.098,0.10400000000000001,0.262,0.14800000000000002,0.39399999999999996,0.354,0.049,0.204
2087,Gilmer,GA,Crude prevalence,32860,26936,0.337,0.419,0.111,0.09699999999999999,0.091,0.095,0.207,0.152,0.442,0.342,0.045,0.17600000000000002
2089,Gilmer,WV,Crude prevalence,7254,6147,0.33799999999999997,0.435,0.08,0.11599999999999999,0.08199999999999999,0.10099999999999999,0.284,0.155,0.413,0.429,0.040999999999999995,0.17600000000000002
2091,Gilpin,CO,Crude prevalence,5926,5161,0.276,0.311,0.1,0.11,0.062,0.061,0.21899999999999997,0.096,0.34700000000000003,0.255,0.031,0.067
2093,Glacier,MT,Crude prevalence,13609,9584,0.293,0.36200000000000004,0.07,0.146,0.085,0.10800000000000001,0.258,0.155,0.31,0.397,0.053,0.24600000000000002
2095,Glades,FL,Crude prevalence,12786,11132,0.305,0.44,0.09699999999999999,0.098,0.109,0.11699999999999999,0.17600000000000002,0.177,0.426,0.371,0.055,0.23600000000000002
2097,Gladwin,MI,Crude prevalence,25853,20920,0.373,0.434,0.11699999999999999,0.11800000000000001,0.10099999999999999,0.11900000000000001,0.26899999999999996,0.15,0.41,0.406,0.049,0.158
2099,Glascock,GA,Crude prevalence,2954,2319,0.3,0.405,0.08900000000000001,0.105,0.079,0.094,0.225,0.145,0.40399999999999997,0.376,0.043,0.159
2101,Glasscock,TX,Crude prevalence,1141,853,0.223,0.324,0.075,0.091,0.055,0.052000000000000005,0.212,0.109,0.354,0.34,0.027999999999999997,0.081
2103,Glenn,CA,Crude prevalence,28129,20659,0.24,0.327,0.075,0.10099999999999999,0.07,0.071,0.226,0.126,0.353,0.321,0.038,0.149
2105,Gloucester,NJ,Crude prevalence,308423,243231,0.244,0.366,0.081,0.098,0.054000000000000006,0.054000000000000006,0.18600000000000003,0.10300000000000001,0.392,0.315,0.03,0.11599999999999999
2107,Gloucester,VA,Crude prevalence,40057,32065,0.311,0.385,0.09699999999999999,0.107,0.071,0.07400000000000001,0.24100000000000002,0.128,0.39799999999999996,0.358,0.036000000000000004,0.065
2109,Glynn,GA,Crude prevalence,86172,68495,0.299,0.44,0.095,0.10099999999999999,0.079,0.08199999999999999,0.193,0.153,0.413,0.35100000000000003,0.044000000000000004,0.141
2111,Gogebic,MI,Crude prevalence,14224,11925,0.37200000000000005,0.43799999999999994,0.122,0.115,0.10300000000000001,0.113,0.262,0.152,0.41200000000000003,0.37,0.049,0.113
2113,Golden Valley,MT,Crude prevalence,835,693,0.38299999999999995,0.433,0.125,0.113,0.106,0.111,0.23,0.147,0.391,0.325,0.054000000000000006,0.12300000000000001
2115,Golden Valley,ND,Crude prevalence,1743,1411,0.336,0.41100000000000003,0.11199999999999999,0.10300000000000001,0.094,0.08800000000000001,0.19899999999999998,0.13699999999999998,0.39399999999999996,0.376,0.045,0.13
2117,Goliad,TX,Crude prevalence,7144,5744,0.298,0.405,0.09300000000000001,0.098,0.085,0.084,0.215,0.156,0.41,0.37,0.044000000000000004,0.18600000000000003
2119,Gonzales,TX,Crude prevalence,19930,14670,0.263,0.38799999999999996,0.07200000000000001,0.099,0.079,0.083,0.218,0.16,0.387,0.39399999999999996,0.043,0.16899999999999998
2121,Goochland,VA,Crude prevalence,27197,22738,0.304,0.384,0.107,0.10099999999999999,0.068,0.061,0.21,0.122,0.405,0.33,0.034,0.07400000000000001
2123,Goodhue,MN,Crude prevalence,48035,37607,0.247,0.344,0.09699999999999999,0.1,0.069,0.064,0.231,0.109,0.34700000000000003,0.36,0.035,0.135
2125,Gooding,ID,Crude prevalence,16061,11928,0.281,0.349,0.084,0.107,0.08,0.087,0.209,0.13,0.344,0.341,0.042,0.21
2127,Gordon,GA,Crude prevalence,59757,46142,0.276,0.382,0.081,0.102,0.073,0.087,0.225,0.139,0.391,0.353,0.039,0.18
2129,Goshen,WY,Crude prevalence,12642,10171,0.292,0.358,0.102,0.099,0.08,0.081,0.209,0.12300000000000001,0.355,0.368,0.039,0.12300000000000001
2131,Gosper,NE,Crude prevalence,1847,1454,0.28600000000000003,0.376,0.10800000000000001,0.09,0.08,0.07200000000000001,0.16399999999999998,0.124,0.368,0.384,0.038,0.11
2133,Gove,KS,Crude prevalence,2735,2038,0.308,0.38,0.105,0.099,0.08,0.081,0.19699999999999998,0.12300000000000001,0.395,0.374,0.039,0.09
2135,Grady,GA,Crude prevalence,26066,19695,0.306,0.44,0.083,0.107,0.086,0.09699999999999999,0.203,0.172,0.397,0.385,0.05,0.24600000000000002
2137,Grady,OK,Crude prevalence,57375,44065,0.28300000000000003,0.39299999999999996,0.083,0.111,0.071,0.079,0.239,0.12,0.386,0.384,0.036000000000000004,0.151
2139,Grafton,NH,Crude prevalence,93146,78967,0.285,0.318,0.102,0.10400000000000001,0.064,0.064,0.237,0.09300000000000001,0.344,0.258,0.032,0.07400000000000001
2141,Graham,AZ,Crude prevalence,39525,29109,0.233,0.322,0.07200000000000001,0.11199999999999999,0.064,0.07400000000000001,0.203,0.114,0.332,0.36,0.036000000000000004,0.165
2143,Graham,KS,Crude prevalence,2376,1886,0.33799999999999997,0.424,0.111,0.10099999999999999,0.095,0.094,0.196,0.14300000000000002,0.413,0.36700000000000005,0.046,0.152
2145,Graham,NC,Crude prevalence,8052,6517,0.325,0.405,0.105,0.109,0.087,0.092,0.254,0.131,0.396,0.35100000000000003,0.043,0.183
2147,Grainger,TN,Crude prevalence,24681,19943,0.365,0.433,0.099,0.111,0.091,0.11599999999999999,0.299,0.157,0.433,0.41200000000000003,0.045,0.222
2149,Grand,CO,Crude prevalence,15935,13504,0.272,0.298,0.096,0.10800000000000001,0.062,0.062,0.226,0.091,0.345,0.243,0.031,0.055999999999999994
2151,Grand,UT,Crude prevalence,9706,7722,0.287,0.33299999999999996,0.095,0.10800000000000001,0.069,0.066,0.253,0.11199999999999999,0.337,0.28300000000000003,0.036000000000000004,0.095
2153,Grand Forks,ND,Crude prevalence,72708,57336,0.22699999999999998,0.282,0.07,0.10400000000000001,0.054000000000000006,0.053,0.23,0.091,0.321,0.35200000000000004,0.027000000000000003,0.14400000000000002
2155,Grand Isle,VT,Crude prevalence,7467,6194,0.31,0.355,0.10800000000000001,0.109,0.067,0.066,0.251,0.09699999999999999,0.34,0.307,0.034,0.064
2157,Grand Traverse,MI,Crude prevalence,96421,77995,0.302,0.35200000000000004,0.106,0.11,0.068,0.07400000000000001,0.255,0.107,0.358,0.353,0.033,0.126
2159,Granite,MT,Crude prevalence,3595,3047,0.34,0.39399999999999996,0.11800000000000001,0.109,0.09,0.09,0.221,0.12300000000000001,0.369,0.304,0.046,0.161
2161,Grant,AR,Crude prevalence,18383,14319,0.295,0.402,0.091,0.099,0.075,0.08199999999999999,0.249,0.12,0.395,0.369,0.037000000000000005,0.18100000000000002
2163,Grant,IN,Crude prevalence,66200,51942,0.317,0.41,0.08900000000000001,0.11699999999999999,0.081,0.10099999999999999,0.27699999999999997,0.152,0.396,0.41100000000000003,0.040999999999999995,0.228
2165,Grant,KS,Crude prevalence,7147,4979,0.225,0.315,0.07,0.09,0.059000000000000004,0.055,0.17300000000000001,0.11800000000000001,0.34700000000000003,0.354,0.028999999999999998,0.141
2167,Grant,KY,Crude prevalence,25619,18868,,,,,,,,,,,,0.201
2169,Grant,LA,Crude prevalence,21911,17355,0.28800000000000003,0.42,0.075,0.098,0.075,0.09,0.26899999999999996,0.13699999999999998,0.386,0.39899999999999997,0.04,0.2
2171,Grant,MN,Crude prevalence,6139,4712,0.27699999999999997,0.369,0.10400000000000001,0.10300000000000001,0.084,0.077,0.247,0.127,0.371,0.397,0.040999999999999995,0.128
2173,Grant,ND,Crude prevalence,2215,1740,0.364,0.445,0.122,0.10300000000000001,0.11,0.10300000000000001,0.196,0.152,0.402,0.413,0.053,0.134
2175,Grant,NE,Crude prevalence,565,427,0.294,0.376,0.109,0.091,0.078,0.073,0.17,0.121,0.364,0.365,0.038,0.083
2177,Grant,NM,Crude prevalence,27472,22591,0.315,0.397,0.098,0.095,0.098,0.085,0.212,0.159,0.395,0.32799999999999996,0.049,0.145
2179,Grant,OK,Crude prevalence,4083,3090,0.326,0.424,0.1,0.11,0.08800000000000001,0.092,0.242,0.135,0.41200000000000003,0.363,0.043,0.15
2181,Grant,OR,Crude prevalence,7215,5880,0.369,0.41,0.12300000000000001,0.121,0.1,0.102,0.257,0.146,0.392,0.336,0.049,0.139
2183,Grant,SD,Crude prevalence,7553,5865,0.29600000000000004,0.365,0.11199999999999999,0.09699999999999999,0.08199999999999999,0.077,0.19399999999999998,0.128,0.36700000000000005,0.373,0.040999999999999995,0.099
2185,Grant,WA,Crude prevalence,102678,74081,0.254,0.327,0.071,0.10800000000000001,0.065,0.064,0.237,0.115,0.34,0.387,0.035,0.10800000000000001
2187,Grant,WI,Crude prevalence,51409,40536,0.261,0.317,0.085,0.11,0.07,0.073,0.244,0.115,0.336,0.409,0.035,0.171
2189,Grant,WV,Crude prevalence,10921,8803,0.406,0.456,0.10800000000000001,0.11900000000000001,0.09699999999999999,0.11199999999999999,0.28800000000000003,0.166,0.441,0.43200000000000005,0.046,0.179
2191,Granville,NC,Crude prevalence,62192,49581,0.285,0.40700000000000003,0.078,0.113,0.07200000000000001,0.08,0.23399999999999999,0.136,0.373,0.36200000000000004,0.042,0.17600000000000002
2193,Gratiot,MI,Crude prevalence,41368,33395,0.29100000000000004,0.358,0.086,0.113,0.073,0.08800000000000001,0.26899999999999996,0.11599999999999999,0.349,0.36700000000000005,0.037000000000000005,0.16399999999999998
2195,Graves,KY,Crude prevalence,36461,27625,,,,,,,,,,,,0.201
2197,Gray,KS,Crude prevalence,5743,4076,0.265,0.337,0.083,0.102,0.07,0.076,0.21,0.11199999999999999,0.37,0.395,0.034,0.17
2199,Gray,TX,Crude prevalence,20916,15662,0.258,0.376,0.07400000000000001,0.099,0.073,0.08199999999999999,0.23199999999999998,0.139,0.369,0.385,0.039,0.152
2201,Grays Harbor,WA,Crude prevalence,77290,62070,0.315,0.39399999999999996,0.1,0.115,0.081,0.08199999999999999,0.26899999999999996,0.136,0.391,0.37,0.042,0.139
2203,Grayson,KY,Crude prevalence,26825,20578,,,,,,,,,,,,0.295
2205,Grayson,TX,Crude prevalence,146907,111562,0.265,0.361,0.083,0.10300000000000001,0.067,0.07400000000000001,0.243,0.125,0.381,0.33899999999999997,0.036000000000000004,0.16899999999999998
2207,Grayson,VA,Crude prevalence,15285,12745,0.365,0.45,0.105,0.11199999999999999,0.10400000000000001,0.121,0.249,0.175,0.442,0.41100000000000003,0.053,0.226
2209,Greater Bridgeport,CT,Crude prevalence,327651,256229,0.217,0.306,0.07400000000000001,0.105,0.055,0.054000000000000006,0.17800000000000002,0.10300000000000001,0.374,0.281,0.034,0.10300000000000001
2211,Greeley,KS,Crude prevalence,1181,861,0.28300000000000003,0.35700000000000004,0.095,0.096,0.071,0.069,0.195,0.11699999999999999,0.376,0.368,0.034,0.099
2213,Greeley,NE,Crude prevalence,2219,1694,0.28300000000000003,0.37799999999999995,0.107,0.09,0.083,0.08,0.165,0.126,0.364,0.34700000000000003,0.040999999999999995,0.11699999999999999
2215,Green,KY,Crude prevalence,11468,9075,,,,,,,,,,,,0.27399999999999997
2217,Green,WI,Crude prevalence,36951,29103,0.285,0.359,0.096,0.105,0.07,0.068,0.23,0.113,0.369,0.40299999999999997,0.035,0.12
2219,Green Lake,WI,Crude prevalence,19344,15139,0.324,0.37799999999999995,0.102,0.111,0.086,0.08800000000000001,0.23600000000000002,0.13699999999999998,0.373,0.40399999999999997,0.043,0.12
2221,Greenbrier,WV,Crude prevalence,32149,25961,0.41600000000000004,0.469,0.106,0.12300000000000001,0.10099999999999999,0.124,0.294,0.17300000000000001,0.43700000000000006,0.40399999999999997,0.048,0.22899999999999998
2223,Greene,AL,Crude prevalence,7341,5755,0.392,0.598,0.07400000000000001,0.12,0.11900000000000001,0.138,0.204,0.271,0.451,0.527,0.084,0.306
2225,Greene,AR,Crude prevalence,46743,35680,0.303,0.425,0.085,0.105,0.08,0.09699999999999999,0.278,0.125,0.387,0.423,0.04,0.218
2227,Greene,GA,Crude prevalence,20722,17235,0.33,0.449,0.11199999999999999,0.09699999999999999,0.086,0.079,0.175,0.156,0.439,0.337,0.046,0.175
2229,Greene,IA,Crude prevalence,8584,6667,0.316,0.386,0.107,0.10099999999999999,0.083,0.086,0.204,0.131,0.37799999999999995,0.358,0.040999999999999995,0.134
2231,Greene,IL,Crude prevalence,11543,9100,0.314,0.389,0.099,0.107,0.081,0.09699999999999999,0.23199999999999998,0.132,0.39299999999999996,0.402,0.040999999999999995,0.154
2233,Greene,IN,Crude prevalence,31196,24492,0.33,0.415,0.09699999999999999,0.115,0.085,0.105,0.263,0.147,0.431,0.40700000000000003,0.042,0.22399999999999998
2235,Greene,MO,Crude prevalence,304611,241659,0.28,0.331,0.083,0.107,0.065,0.078,0.245,0.11,0.353,0.36700000000000005,0.034,0.22
2237,Greene,MS,Crude prevalence,13601,11108,0.28300000000000003,0.431,0.073,0.09300000000000001,0.07400000000000001,0.08800000000000001,0.198,0.14,0.37799999999999995,0.419,0.042,0.19899999999999998
2239,Greene,NC,Crude prevalence,20530,16688,0.29100000000000004,0.43,0.069,0.113,0.081,0.096,0.23399999999999999,0.159,0.365,0.428,0.049,0.285
2241,Greene,NY,Crude prevalence,47062,39543,0.305,0.366,0.10400000000000001,0.10800000000000001,0.076,0.08,0.203,0.11699999999999999,0.401,0.344,0.039,0.128
2243,Greene,OH,Crude prevalence,169691,135071,0.289,0.354,0.09,0.10800000000000001,0.064,0.066,0.242,0.11199999999999999,0.36700000000000005,0.37799999999999995,0.031,0.125
2245,Greene,PA,Crude prevalence,34357,27940,,,,,,,,,,,,0.154
2247,Greene,TN,Crude prevalence,72577,58898,0.35600000000000004,0.423,0.099,0.111,0.08900000000000001,0.113,0.293,0.154,0.41,0.406,0.044000000000000004,0.155
2249,Greene,VA,Crude prevalence,21301,16419,0.298,0.376,0.091,0.107,0.071,0.076,0.23800000000000002,0.127,0.39299999999999996,0.37799999999999995,0.036000000000000004,0.094
2251,Greenlee,AZ,Crude prevalence,9369,6858,0.225,0.298,0.068,0.10099999999999999,0.053,0.054000000000000006,0.192,0.106,0.348,0.331,0.028999999999999998,0.126
2253,Greensville,VA,Crude prevalence,11133,9333,0.27699999999999997,0.44299999999999995,0.06,0.11199999999999999,0.075,0.084,0.19399999999999998,0.171,0.37799999999999995,0.45299999999999996,0.048,0.184
2255,Greenup,KY,Crude prevalence,35221,27851,,,,,,,,,,,,0.20800000000000002
2257,Greenville,SC,Crude prevalence,558036,430899,0.25,0.35600000000000004,0.083,0.094,0.061,0.064,0.218,0.122,0.363,0.325,0.033,0.13
2259,Greenwood,KS,Crude prevalence,5870,4610,0.33899999999999997,0.42,0.107,0.10300000000000001,0.094,0.099,0.21,0.14400000000000002,0.415,0.40700000000000003,0.045,0.147
2261,Greenwood,SC,Crude prevalence,69460,54014,0.316,0.408,0.086,0.10099999999999999,0.075,0.086,0.23600000000000002,0.154,0.37200000000000005,0.368,0.045,0.198
2263,Greer,OK,Crude prevalence,5466,4363,0.28600000000000003,0.408,0.081,0.10800000000000001,0.076,0.084,0.239,0.13,0.384,0.42100000000000004,0.039,0.20800000000000002
2265,Gregg,TX,Crude prevalence,126243,93766,0.259,0.376,0.073,0.107,0.067,0.077,0.237,0.135,0.358,0.368,0.039,0.16699999999999998
2267,Gregory,SD,Crude prevalence,4018,3034,0.312,0.389,0.11599999999999999,0.102,0.092,0.08800000000000001,0.201,0.141,0.381,0.359,0.046,0.11199999999999999
2269,Grenada,MS,Crude prevalence,21065,15948,0.32,0.48200000000000004,0.08,0.10300000000000001,0.085,0.099,0.192,0.17600000000000002,0.39899999999999997,0.461,0.053,0.24100000000000002
2271,Griggs,ND,Crude prevalence,2248,1789,0.337,0.41,0.12300000000000001,0.094,0.09,0.077,0.18100000000000002,0.12300000000000001,0.402,0.368,0.043,0.126
2273,Grimes,TX,Crude prevalence,32384,25008,0.26899999999999996,0.387,0.078,0.10099999999999999,0.075,0.081,0.226,0.14400000000000002,0.38,0.371,0.040999999999999995,0.14400000000000002
2275,Grundy,IA,Crude prevalence,12384,9451,0.284,0.354,0.102,0.09699999999999999,0.069,0.068,0.196,0.111,0.369,0.375,0.034,0.09
2277,Grundy,IL,Crude prevalence,53578,40665,0.249,0.32299999999999995,0.08199999999999999,0.10099999999999999,0.057,0.064,0.22,0.10300000000000001,0.353,0.364,0.03,0.099
2279,Grundy,MO,Crude prevalence,9815,7321,0.335,0.41,0.10400000000000001,0.10800000000000001,0.092,0.11199999999999999,0.253,0.14300000000000002,0.405,0.39,0.047,0.16
2281,Grundy,TN,Crude prevalence,13955,10952,0.374,0.445,0.095,0.11699999999999999,0.096,0.131,0.312,0.165,0.423,0.406,0.05,0.218
2283,Guadalupe,NM,Crude prevalence,4292,3499,0.247,0.37200000000000005,0.061,0.086,0.083,0.064,0.192,0.165,0.359,0.368,0.043,0.158
2285,Guadalupe,TX,Crude prevalence,188454,143773,0.242,0.33799999999999997,0.067,0.095,0.055999999999999994,0.055,0.221,0.128,0.354,0.34700000000000003,0.03,0.105
2287,Guernsey,OH,Crude prevalence,38089,29668,0.34,0.402,0.099,0.113,0.08900000000000001,0.106,0.273,0.14800000000000002,0.401,0.38299999999999995,0.043,0.18
2289,Guilford,NC,Crude prevalence,549866,430053,0.263,0.369,0.071,0.11199999999999999,0.061,0.065,0.242,0.122,0.344,0.38,0.036000000000000004,0.134
2291,Gulf,FL,Crude prevalence,15693,13114,0.308,0.405,0.10400000000000001,0.098,0.083,0.091,0.195,0.141,0.40299999999999997,0.353,0.042,0.14400000000000002
2293,Gunnison,CO,Crude prevalence,17321,14624,0.212,0.242,0.077,0.10800000000000001,0.046,0.046,0.233,0.071,0.295,0.23800000000000002,0.023,0.125
2295,Guthrie,IA,Crude prevalence,10722,8454,0.297,0.37799999999999995,0.106,0.098,0.077,0.076,0.192,0.124,0.389,0.37200000000000005,0.038,0.10099999999999999
2297,Gwinnett,GA,Crude prevalence,983526,730986,0.2,0.33399999999999996,0.057,0.092,0.051,0.05,0.157,0.126,0.36200000000000004,0.349,0.03,0.106
2299,Haakon,SD,Crude prevalence,1851,1404,0.307,0.38,0.11699999999999999,0.10099999999999999,0.091,0.085,0.19899999999999998,0.135,0.377,0.337,0.045,0.14
2301,Habersham,GA,Crude prevalence,48757,38151,0.27399999999999997,0.371,0.08800000000000001,0.099,0.07200000000000001,0.08,0.215,0.129,0.395,0.322,0.038,0.142
2303,Haines,AK,Crude prevalence,2070,1718,0.28600000000000003,0.385,0.10400000000000001,0.10099999999999999,0.076,0.07200000000000001,0.188,0.10800000000000001,0.38299999999999995,0.34,0.038,0.128
2305,Hale,AL,Crude prevalence,14888,11246,0.34299999999999997,0.511,0.07400000000000001,0.113,0.09,0.10300000000000001,0.212,0.19699999999999998,0.42100000000000004,0.47600000000000003,0.057999999999999996,0.249
2307,Hale,TX,Crude prevalence,31761,23506,0.23199999999999998,0.363,0.059000000000000004,0.095,0.071,0.07400000000000001,0.213,0.156,0.37,0.389,0.038,0.16699999999999998
2309,Halifax,NC,Crude prevalence,47298,37177,0.344,0.49700000000000005,0.078,0.124,0.098,0.115,0.225,0.19399999999999998,0.397,0.426,0.063,0.275
2311,Halifax,VA,Crude prevalence,33432,26643,0.354,0.474,0.09300000000000001,0.11800000000000001,0.1,0.11199999999999999,0.22399999999999998,0.193,0.435,0.402,0.059000000000000004,0.19399999999999998
2313,Hall,GA,Crude prevalence,217267,166389,0.26,0.364,0.078,0.096,0.067,0.071,0.20199999999999999,0.132,0.389,0.32299999999999995,0.035,0.174
2315,Hall,NE,Crude prevalence,62197,45205,0.252,0.32799999999999996,0.078,0.08800000000000001,0.067,0.069,0.16399999999999998,0.12,0.337,0.41200000000000003,0.035,0.128
2317,Hall,TX,Crude prevalence,2818,2210,0.306,0.42700000000000005,0.08900000000000001,0.1,0.095,0.096,0.221,0.175,0.408,0.391,0.051,0.185
2319,Hamblen,TN,Crude prevalence,66216,50439,0.33399999999999996,0.414,0.087,0.111,0.08199999999999999,0.106,0.301,0.152,0.409,0.405,0.043,0.18
2321,Hamilton,FL,Crude prevalence,13471,10639,0.314,0.44299999999999995,0.086,0.109,0.099,0.121,0.191,0.17600000000000002,0.43200000000000005,0.415,0.055,0.225
2323,Hamilton,IA,Crude prevalence,14729,11259,0.28800000000000003,0.369,0.1,0.098,0.073,0.073,0.195,0.121,0.36,0.365,0.036000000000000004,0.091
2325,Hamilton,IL,Crude prevalence,7911,6144,0.321,0.39899999999999997,0.102,0.107,0.087,0.10099999999999999,0.233,0.139,0.396,0.4,0.044000000000000004,0.151
2327,Hamilton,IN,Crude prevalence,371645,278885,0.23800000000000002,0.32,0.08199999999999999,0.102,0.049,0.047,0.225,0.096,0.368,0.325,0.023,0.051
2329,Hamilton,KS,Crude prevalence,2437,1730,0.244,0.337,0.073,0.09300000000000001,0.064,0.065,0.18600000000000003,0.11800000000000001,0.36,0.402,0.032,0.16899999999999998
2331,Hamilton,NE,Crude prevalence,9537,7226,0.278,0.34299999999999997,0.098,0.092,0.068,0.064,0.16899999999999998,0.105,0.355,0.40700000000000003,0.033,0.07
2333,Hamilton,NY,Crude prevalence,5082,4455,0.34600000000000003,0.415,0.127,0.109,0.09300000000000001,0.094,0.19399999999999998,0.134,0.439,0.31,0.045,0.109
2335,Hamilton,OH,Crude prevalence,827058,638290,0.27699999999999997,0.363,0.078,0.114,0.065,0.071,0.254,0.132,0.34299999999999997,0.35600000000000004,0.035,0.185
2337,Hamilton,TN,Crude prevalence,379864,299790,0.294,0.38299999999999995,0.084,0.11,0.066,0.077,0.266,0.127,0.368,0.345,0.036000000000000004,0.085
2339,Hamilton,TX,Crude prevalence,8619,6752,0.312,0.413,0.10300000000000001,0.10099999999999999,0.08900000000000001,0.094,0.23199999999999998,0.146,0.409,0.361,0.046,0.157
2341,Hamlin,SD,Crude prevalence,6451,4294,0.239,0.303,0.087,0.099,0.062,0.061,0.201,0.10099999999999999,0.33299999999999996,0.34600000000000003,0.031,0.10300000000000001
2343,Hampden,MA,Crude prevalence,460291,365283,0.295,0.34700000000000003,0.085,0.127,0.07,0.077,0.268,0.121,0.35100000000000003,0.349,0.037000000000000005,0.146
2345,Hampshire,MA,Crude prevalence,162502,139946,0.235,0.267,0.085,0.121,0.055,0.055999999999999994,0.27399999999999997,0.08199999999999999,0.303,0.222,0.027000000000000003,0.134
2347,Hampshire,WV,Crude prevalence,23649,19427,0.408,0.46,0.105,0.11900000000000001,0.095,0.113,0.29600000000000004,0.16899999999999998,0.452,0.392,0.045,0.23600000000000002
2349,Hampton,SC,Crude prevalence,18122,14442,0.307,0.467,0.073,0.106,0.086,0.10099999999999999,0.21100000000000002,0.20199999999999999,0.39799999999999996,0.41600000000000004,0.055999999999999994,0.185
2351,Hampton,VA,Crude prevalence,137098,107586,0.27699999999999997,0.39899999999999997,0.065,0.11800000000000001,0.064,0.069,0.21,0.15,0.36700000000000005,0.40299999999999997,0.040999999999999995,0.09300000000000001
2353,Hancock,GA,Crude prevalence,8676,7419,0.33899999999999997,0.53,0.075,0.114,0.105,0.11900000000000001,0.175,0.228,0.42100000000000004,0.44799999999999995,0.07,0.318
2355,Hancock,IA,Crude prevalence,10615,8332,0.31,0.38,0.10400000000000001,0.098,0.079,0.081,0.20199999999999999,0.126,0.38299999999999995,0.42200000000000004,0.039,0.069
2357,Hancock,IL,Crude prevalence,17186,13505,0.318,0.396,0.10800000000000001,0.10300000000000001,0.08199999999999999,0.09,0.22,0.132,0.40299999999999997,0.38799999999999996,0.040999999999999995,0.098
2359,Hancock,IN,Crude prevalence,86166,66246,0.276,0.374,0.09,0.11,0.061,0.067,0.244,0.113,0.359,0.39899999999999997,0.03,0.113
2361,Hancock,KY,Crude prevalence,8920,6844,,,,,,,,,,,,0.122
2363,Hancock,ME,Crude prevalence,56526,47589,0.32899999999999996,0.358,0.11,0.121,0.079,0.083,0.255,0.11199999999999999,0.39,0.294,0.038,0.076
2365,Hancock,MS,Crude prevalence,46159,37467,0.33,0.433,0.1,0.092,0.08199999999999999,0.08800000000000001,0.19699999999999998,0.14300000000000002,0.423,0.373,0.043,0.11800000000000001
2367,Hancock,OH,Crude prevalence,74704,58554,0.287,0.36200000000000004,0.091,0.106,0.069,0.075,0.251,0.125,0.36200000000000004,0.39299999999999996,0.033,0.13699999999999998
2369,Hancock,TN,Crude prevalence,6956,5496,0.408,0.495,0.10099999999999999,0.122,0.121,0.17600000000000002,0.331,0.203,0.444,0.43,0.063,0.33399999999999996
2371,Hancock,WV,Crude prevalence,28145,22983,0.39899999999999997,0.46299999999999997,0.105,0.121,0.092,0.10800000000000001,0.295,0.166,0.43200000000000005,0.44,0.044000000000000004,0.185
2373,Hand,SD,Crude prevalence,3107,2369,0.295,0.35700000000000004,0.11599999999999999,0.09699999999999999,0.079,0.07,0.196,0.11900000000000001,0.37,0.33899999999999997,0.038,0.11900000000000001
2375,Hanover,VA,Crude prevalence,114148,89709,0.272,0.349,0.09300000000000001,0.10099999999999999,0.061,0.061,0.217,0.11599999999999999,0.401,0.32899999999999996,0.032,0.086
2377,Hansford,TX,Crude prevalence,5071,3618,0.239,0.34600000000000003,0.07,0.096,0.067,0.07,0.22,0.136,0.368,0.368,0.036000000000000004,0.158
2379,Hanson,SD,Crude prevalence,3471,2506,0.267,0.33899999999999997,0.091,0.10400000000000001,0.069,0.07400000000000001,0.218,0.121,0.353,0.366,0.035,0.124
2381,Haralson,GA,Crude prevalence,32038,24278,0.278,0.373,0.084,0.10300000000000001,0.068,0.08199999999999999,0.23800000000000002,0.126,0.377,0.36200000000000004,0.037000000000000005,0.122
2383,Hardee,FL,Crude prevalence,25760,19295,0.27,0.369,0.078,0.09699999999999999,0.086,0.095,0.18,0.156,0.387,0.39899999999999997,0.044000000000000004,0.23199999999999998
2385,Hardeman,TN,Crude prevalence,25567,20544,0.327,0.45899999999999996,0.07400000000000001,0.114,0.083,0.105,0.258,0.172,0.39,0.43700000000000006,0.049,0.256
2387,Hardeman,TX,Crude prevalence,3490,2702,0.299,0.405,0.092,0.10300000000000001,0.086,0.091,0.231,0.152,0.39899999999999997,0.376,0.045,0.134
2389,Hardin,IA,Crude prevalence,16463,13369,0.301,0.385,0.10300000000000001,0.1,0.079,0.083,0.201,0.129,0.37200000000000005,0.389,0.04,0.113
2391,Hardin,IL,Crude prevalence,3569,2918,0.336,0.42100000000000004,0.109,0.106,0.09300000000000001,0.105,0.22399999999999998,0.147,0.415,0.397,0.047,0.175
2393,Hardin,KY,Crude prevalence,112273,84493,,,,,,,,,,,,0.177
2395,Hardin,OH,Crude prevalence,30368,23282,0.298,0.381,0.084,0.11199999999999999,0.075,0.091,0.271,0.129,0.36,0.40299999999999997,0.036000000000000004,0.231
2397,Hardin,TN,Crude prevalence,27229,21759,0.38299999999999995,0.457,0.10400000000000001,0.113,0.10099999999999999,0.13,0.302,0.171,0.429,0.381,0.051,0.18600000000000003
2399,Hardin,TX,Crude prevalence,58261,43697,0.273,0.36700000000000005,0.085,0.105,0.068,0.079,0.248,0.124,0.376,0.34,0.037000000000000005,0.11800000000000001
2401,Harding,NM,Crude prevalence,624,540,0.37200000000000005,0.475,0.11699999999999999,0.094,0.129,0.10800000000000001,0.204,0.196,0.433,0.353,0.064,0.184
2403,Harding,SD,Crude prevalence,1324,1009,0.271,0.34,0.105,0.096,0.07,0.063,0.19699999999999998,0.11199999999999999,0.353,0.353,0.034,0.12300000000000001
2405,Hardy,WV,Crude prevalence,14251,11484,0.415,0.48700000000000004,0.10300000000000001,0.12300000000000001,0.10400000000000001,0.126,0.298,0.19,0.45399999999999996,0.419,0.05,0.23800000000000002
2407,Harford,MD,Crude prevalence,264644,206050,0.276,0.359,0.08800000000000001,0.102,0.057999999999999996,0.061,0.21600000000000003,0.11599999999999999,0.4,0.358,0.031,0.051
2409,Harlan,KY,Crude prevalence,25324,19294,,,,,,,,,,,,0.21600000000000003
2411,Harlan,NE,Crude prevalence,3045,2375,0.304,0.39399999999999996,0.113,0.091,0.085,0.08,0.166,0.13,0.385,0.354,0.040999999999999995,0.079
2413,Harmon,OK,Crude prevalence,2392,1769,0.322,0.447,0.085,0.111,0.094,0.10099999999999999,0.23199999999999998,0.17,0.42,0.424,0.048,0.22699999999999998
2415,Harnett,NC,Crude prevalence,141477,105764,0.263,0.377,0.07,0.11,0.062,0.071,0.26,0.11800000000000001,0.345,0.369,0.035,0.145
2417,Harney,OR,Crude prevalence,7440,5975,0.35600000000000004,0.42,0.11199999999999999,0.126,0.098,0.106,0.271,0.15,0.385,0.38799999999999996,0.049,0.16699999999999998
2419,Harper,KS,Crude prevalence,5435,4018,0.33299999999999996,0.406,0.099,0.10400000000000001,0.09300000000000001,0.106,0.217,0.14800000000000002,0.409,0.419,0.047,0.191
2421,Harper,OK,Crude prevalence,3190,2450,0.317,0.419,0.09300000000000001,0.107,0.085,0.09,0.233,0.14,0.41200000000000003,0.39399999999999996,0.040999999999999995,0.158
2423,Harris,GA,Crude prevalence,36654,28872,0.282,0.375,0.091,0.09699999999999999,0.064,0.063,0.188,0.126,0.397,0.33,0.035,0.11599999999999999
2425,Harris,TX,Crude prevalence,4835125,3595915,0.195,0.32799999999999996,0.052000000000000005,0.092,0.054000000000000006,0.055,0.19699999999999998,0.132,0.354,0.373,0.033,0.109
2427,Harrison,IA,Crude prevalence,14670,11251,0.293,0.37,0.099,0.099,0.07400000000000001,0.078,0.20199999999999999,0.125,0.382,0.35200000000000004,0.037000000000000005,0.16899999999999998
2429,Harrison,IN,Crude prevalence,40006,31213,0.318,0.392,0.096,0.11199999999999999,0.073,0.087,0.248,0.128,0.4,0.42700000000000005,0.036000000000000004,0.092
2431,Harrison,KY,Crude prevalence,19415,14948,,,,,,,,,,,,0.188
2433,Harrison,MO,Crude prevalence,8220,6218,0.34600000000000003,0.413,0.10400000000000001,0.107,0.094,0.115,0.249,0.147,0.415,0.39299999999999996,0.048,0.198
2435,Harrison,MS,Crude prevalence,210612,161589,0.28300000000000003,0.423,0.079,0.096,0.07200000000000001,0.08,0.21100000000000002,0.141,0.396,0.365,0.04,0.14800000000000002
2437,Harrison,OH,Crude prevalence,14159,11246,0.35100000000000003,0.43,0.102,0.113,0.091,0.106,0.268,0.156,0.413,0.414,0.044000000000000004,0.201
2439,Harrison,TX,Crude prevalence,70895,53891,0.271,0.386,0.077,0.107,0.071,0.079,0.235,0.138,0.364,0.38799999999999996,0.040999999999999995,0.156
2441,Harrison,WV,Crude prevalence,64639,51001,0.376,0.43,0.096,0.12300000000000001,0.085,0.102,0.29600000000000004,0.156,0.434,0.402,0.04,0.158
2443,Harrisonburg,VA,Crude prevalence,51082,42177,0.195,0.278,0.05,0.111,0.05,0.061,0.26899999999999996,0.102,0.31,0.34,0.027000000000000003,0.201
2445,Hart,GA,Crude prevalence,27556,22018,0.311,0.42100000000000004,0.095,0.102,0.083,0.09,0.204,0.153,0.42,0.35100000000000003,0.045,0.174
2447,Hart,KY,Crude prevalence,19724,14975,,,,,,,,,,,,0.244
2449,Hartley,TX,Crude prevalence,5145,4012,0.23399999999999999,0.349,0.075,0.091,0.063,0.063,0.207,0.12,0.361,0.345,0.033,0.14300000000000002
2451,Harvey,KS,Crude prevalence,33504,25695,0.27,0.35,0.09300000000000001,0.1,0.07200000000000001,0.07200000000000001,0.203,0.122,0.377,0.365,0.035,0.11800000000000001
2453,Haskell,KS,Crude prevalence,3630,2660,0.262,0.349,0.078,0.099,0.07400000000000001,0.079,0.2,0.132,0.38,0.418,0.037000000000000005,0.163
2455,Haskell,OK,Crude prevalence,11832,9053,0.326,0.441,0.092,0.122,0.095,0.10800000000000001,0.254,0.154,0.414,0.42200000000000004,0.049,0.266
2457,Haskell,TX,Crude prevalence,5385,4416,0.282,0.39299999999999996,0.085,0.1,0.08199999999999999,0.09,0.22899999999999998,0.149,0.39399999999999996,0.366,0.043,0.171
2459,Hawaii,HI,Crude prevalence,207615,164992,0.27399999999999997,0.31,0.083,0.11,0.076,0.071,0.2,0.125,0.35,0.272,0.044000000000000004,0.10400000000000001
2461,Hawkins,TN,Crude prevalence,58600,47494,0.371,0.439,0.1,0.111,0.092,0.11800000000000001,0.307,0.16,0.431,0.41100000000000003,0.046,0.138
2463,Hayes,NE,Crude prevalence,846,629,0.319,0.408,0.11699999999999999,0.08900000000000001,0.095,0.087,0.165,0.141,0.38299999999999995,0.41,0.045,0.154
2465,Hays,TX,Crude prevalence,280486,218510,0.196,0.29,0.059000000000000004,0.09300000000000001,0.047,0.048,0.21899999999999997,0.102,0.32299999999999995,0.345,0.025,0.091
2467,Haywood,NC,Crude prevalence,62969,52105,0.324,0.402,0.10800000000000001,0.106,0.083,0.087,0.264,0.124,0.396,0.33299999999999996,0.040999999999999995,0.14800000000000002
2469,Haywood,TN,Crude prevalence,17328,13485,0.368,0.512,0.077,0.124,0.094,0.12,0.267,0.207,0.41200000000000003,0.466,0.059000000000000004,0.264
2471,Heard,GA,Crude prevalence,12034,9275,0.29600000000000004,0.396,0.087,0.105,0.078,0.092,0.226,0.14300000000000002,0.395,0.35600000000000004,0.042,0.193
2473,Hemphill,TX,Crude prevalence,3189,2336,0.251,0.341,0.086,0.094,0.063,0.062,0.215,0.11599999999999999,0.374,0.327,0.033,0.122
2475,Hempstead,AR,Crude prevalence,19343,14429,0.309,0.462,0.081,0.107,0.08900000000000001,0.098,0.221,0.166,0.395,0.456,0.05,0.23
2477,Henderson,IL,Crude prevalence,6088,4976,0.335,0.418,0.114,0.102,0.08900000000000001,0.096,0.214,0.141,0.418,0.386,0.045,0.134
2479,Henderson,KY,Crude prevalence,44119,34202,,,,,,,,,,,,0.247
2481,Henderson,NC,Crude prevalence,119230,97324,0.317,0.38799999999999996,0.10800000000000001,0.10300000000000001,0.08199999999999999,0.08199999999999999,0.23800000000000002,0.125,0.397,0.303,0.040999999999999995,0.121
2483,Henderson,TN,Crude prevalence,28070,21781,0.35200000000000004,0.43,0.091,0.11199999999999999,0.084,0.109,0.29,0.154,0.414,0.38799999999999996,0.044000000000000004,0.207
2485,Henderson,TX,Crude prevalence,86158,67684,0.304,0.406,0.094,0.105,0.083,0.092,0.242,0.145,0.397,0.354,0.044000000000000004,0.16
2487,Hendricks,IN,Crude prevalence,186387,140883,0.26899999999999996,0.35200000000000004,0.081,0.107,0.055999999999999994,0.061,0.213,0.111,0.379,0.364,0.027999999999999997,0.107
2489,Hendry,FL,Crude prevalence,43333,32457,0.23199999999999998,0.37200000000000005,0.062,0.094,0.08,0.085,0.166,0.168,0.363,0.376,0.042,0.259
2491,Hennepin,MN,Crude prevalence,1258713,989486,0.187,0.287,0.076,0.096,0.05,0.044000000000000004,0.255,0.081,0.324,0.271,0.027999999999999997,0.076
2493,Henrico,VA,Crude prevalence,334760,262519,0.26,0.366,0.075,0.106,0.057,0.057,0.20800000000000002,0.12300000000000001,0.354,0.32799999999999996,0.033,0.096
2495,Henry,AL,Crude prevalence,17899,14236,0.348,0.48100000000000004,0.095,0.10300000000000001,0.08900000000000001,0.09699999999999999,0.23,0.16699999999999998,0.439,0.413,0.049,0.11
2497,Henry,GA,Crude prevalence,254613,191306,0.243,0.38799999999999996,0.06,0.106,0.052000000000000005,0.055,0.17600000000000002,0.134,0.35700000000000004,0.452,0.035,0.14400000000000002
2499,Henry,IA,Crude prevalence,19547,15436,0.28600000000000003,0.373,0.095,0.09699999999999999,0.075,0.078,0.201,0.125,0.36700000000000005,0.38799999999999996,0.037000000000000005,0.1
2501,Henry,IL,Crude prevalence,48448,38043,0.294,0.364,0.1,0.102,0.07200000000000001,0.078,0.218,0.11900000000000001,0.38,0.369,0.036000000000000004,0.11
2503,Henry,IN,Crude prevalence,48929,39114,0.317,0.408,0.09300000000000001,0.114,0.079,0.096,0.268,0.135,0.406,0.43700000000000006,0.039,0.193
2505,Henry,KY,Crude prevalence,15973,12243,,,,,,,,,,,,0.155
2507,Henry,MO,Crude prevalence,22485,17438,0.342,0.413,0.10300000000000001,0.10800000000000001,0.091,0.111,0.251,0.14400000000000002,0.405,0.385,0.046,0.14
2509,Henry,OH,Crude prevalence,27520,21192,0.303,0.381,0.09699999999999999,0.10800000000000001,0.076,0.083,0.248,0.131,0.37799999999999995,0.386,0.037000000000000005,0.161
2511,Henry,TN,Crude prevalence,32554,26072,0.381,0.451,0.10300000000000001,0.11199999999999999,0.09699999999999999,0.121,0.304,0.16899999999999998,0.425,0.382,0.05,0.19
2513,Henry,VA,Crude prevalence,49702,40192,0.361,0.45899999999999996,0.09699999999999999,0.11699999999999999,0.098,0.11,0.237,0.18,0.425,0.419,0.054000000000000006,0.174
2515,Herkimer,NY,Crude prevalence,59484,47406,0.322,0.364,0.10300000000000001,0.11,0.076,0.084,0.204,0.113,0.385,0.37,0.039,0.187
2517,Hernando,FL,Crude prevalence,212807,173370,0.313,0.385,0.111,0.098,0.08900000000000001,0.091,0.19699999999999998,0.149,0.418,0.361,0.044000000000000004,0.09699999999999999
2519,Hertford,NC,Crude prevalence,19453,15694,0.327,0.48100000000000004,0.075,0.12300000000000001,0.091,0.102,0.226,0.18899999999999997,0.389,0.425,0.06,0.284
2521,Hettinger,ND,Crude prevalence,2415,1825,0.3,0.373,0.10400000000000001,0.102,0.081,0.075,0.2,0.11699999999999999,0.377,0.374,0.039,0.114
2523,Hickman,KY,Crude prevalence,4447,3584,,,,,,,,,,,,0.196
2525,Hickman,TN,Crude prevalence,25826,20399,0.33399999999999996,0.414,0.08900000000000001,0.11,0.079,0.10300000000000001,0.297,0.141,0.40399999999999997,0.384,0.040999999999999995,0.179
2527,Hickory,MO,Crude prevalence,8718,7163,0.426,0.501,0.124,0.111,0.131,0.16,0.249,0.19699999999999998,0.465,0.43,0.067,0.27699999999999997
2529,Hidalgo,NM,Crude prevalence,3965,3115,0.29100000000000004,0.392,0.081,0.095,0.092,0.083,0.21600000000000003,0.16399999999999998,0.376,0.345,0.048,0.15
2531,Hidalgo,TX,Crude prevalence,898471,624451,0.20199999999999999,0.33399999999999996,0.044000000000000004,0.087,0.065,0.059000000000000004,0.20199999999999999,0.174,0.353,0.442,0.036000000000000004,0.165
2533,Highland,OH,Crude prevalence,43614,33239,0.33799999999999997,0.401,0.09699999999999999,0.114,0.085,0.10400000000000001,0.27399999999999997,0.147,0.396,0.413,0.042,0.184
2535,Highland,VA,Crude prevalence,2339,2002,0.38,0.44,0.135,0.1,0.099,0.09300000000000001,0.21600000000000003,0.152,0.461,0.33,0.046,0.09
2537,Highlands,FL,Crude prevalence,107614,89745,0.375,0.461,0.129,0.095,0.11699999999999999,0.11,0.16899999999999998,0.183,0.465,0.36700000000000005,0.055999999999999994,0.19699999999999998
2539,Hill,MT,Crude prevalence,16276,11705,0.28600000000000003,0.363,0.083,0.122,0.075,0.085,0.262,0.121,0.34,0.385,0.04,0.153
2541,Hill,TX,Crude prevalence,38101,29280,0.285,0.38799999999999996,0.087,0.10300000000000001,0.078,0.084,0.235,0.142,0.389,0.369,0.040999999999999995,0.171
2543,Hillsborough,FL,Crude prevalence,1535564,1206004,0.223,0.344,0.07200000000000001,0.094,0.06,0.06,0.166,0.125,0.396,0.316,0.032,0.10800000000000001
2545,Hillsborough,NH,Crude prevalence,427354,344717,0.258,0.315,0.09,0.106,0.055999999999999994,0.057,0.215,0.092,0.34299999999999997,0.331,0.028999999999999998,0.08900000000000001
2547,Hillsdale,MI,Crude prevalence,45587,35783,0.33,0.405,0.10300000000000001,0.11699999999999999,0.087,0.105,0.293,0.135,0.39399999999999996,0.376,0.042,0.12
2549,Hinds,MS,Crude prevalence,214870,165112,0.281,0.479,0.061,0.106,0.07,0.077,0.17300000000000001,0.17,0.379,0.44,0.049,0.205
2551,Hinsdale,CO,Crude prevalence,765,662,0.318,0.341,0.134,0.10400000000000001,0.075,0.06,0.20199999999999999,0.1,0.38299999999999995,0.235,0.035,0.055
2553,Hitchcock,NE,Crude prevalence,2552,1964,0.297,0.40399999999999997,0.111,0.09300000000000001,0.087,0.085,0.172,0.134,0.377,0.41600000000000004,0.043,0.1
2555,Hocking,OH,Crude prevalence,27540,21637,0.358,0.425,0.102,0.114,0.092,0.109,0.271,0.157,0.38799999999999996,0.361,0.044000000000000004,0.185
2557,Hockley,TX,Crude prevalence,21460,15783,0.239,0.35100000000000003,0.067,0.09699999999999999,0.067,0.07,0.22,0.141,0.364,0.361,0.036000000000000004,0.157
2559,Hodgeman,KS,Crude prevalence,1655,1265,0.285,0.368,0.098,0.095,0.07200000000000001,0.069,0.19,0.115,0.387,0.365,0.035,0.095
2561,Hoke,NC,Crude prevalence,54446,39888,0.261,0.382,0.057,0.11699999999999999,0.06,0.07,0.247,0.133,0.335,0.385,0.038,0.222
2563,Holmes,FL,Crude prevalence,19944,15826,0.308,0.41,0.098,0.10400000000000001,0.09,0.109,0.20800000000000002,0.145,0.431,0.363,0.046,0.205
2565,Holmes,MS,Crude prevalence,15777,11936,0.341,0.5529999999999999,0.057999999999999996,0.115,0.094,0.11599999999999999,0.179,0.233,0.39799999999999996,0.507,0.07,0.373
2567,Holmes,OH,Crude prevalence,44386,31037,0.29600000000000004,0.353,0.081,0.12,0.078,0.107,0.293,0.127,0.361,0.382,0.039,0.265
2569,Holt,MO,Crude prevalence,4248,3342,0.345,0.413,0.11,0.10400000000000001,0.091,0.10300000000000001,0.23800000000000002,0.141,0.414,0.366,0.045,0.204
2571,Holt,NE,Crude prevalence,10093,7493,0.29600000000000004,0.366,0.105,0.092,0.08199999999999999,0.081,0.16,0.129,0.36,0.384,0.04,0.12300000000000001
2573,Honolulu,HI,Crude prevalence,989408,787914,0.218,0.316,0.061,0.095,0.057999999999999996,0.047,0.151,0.124,0.364,0.253,0.035,0.078
2575,Hood,TX,Crude prevalence,67774,53986,0.294,0.38,0.10400000000000001,0.098,0.07400000000000001,0.07400000000000001,0.226,0.125,0.40399999999999997,0.332,0.037000000000000005,0.159
2577,Hood River,OR,Crude prevalence,23745,18605,0.271,0.321,0.08800000000000001,0.113,0.064,0.064,0.239,0.113,0.34,0.315,0.032,0.124
2579,Hooker,NE,Crude prevalence,679,529,0.313,0.39799999999999996,0.11199999999999999,0.092,0.086,0.083,0.16899999999999998,0.133,0.38,0.397,0.043,0.131
2581,Hoonah-Angoon,AK,Crude prevalence,2262,1889,0.316,0.428,0.098,0.113,0.096,0.094,0.185,0.14800000000000002,0.39899999999999997,0.371,0.051,0.19399999999999998
2583,Hopewell,VA,Crude prevalence,22752,16949,0.309,0.434,0.068,0.126,0.081,0.10099999999999999,0.24100000000000002,0.177,0.389,0.45799999999999996,0.051,0.226
2585,Hopkins,KY,Crude prevalence,44929,34591,,,,,,,,,,,,0.198
2587,Hopkins,TX,Crude prevalence,38172,28933,0.275,0.375,0.084,0.10400000000000001,0.073,0.083,0.24100000000000002,0.134,0.375,0.375,0.04,0.16
2589,Horry,SC,Crude prevalence,397478,331067,0.331,0.42,0.111,0.092,0.081,0.09,0.215,0.149,0.435,0.32299999999999995,0.043,0.114
2591,Hot Spring,AR,Crude prevalence,33258,26928,0.29600000000000004,0.433,0.087,0.10300000000000001,0.085,0.098,0.239,0.139,0.40399999999999997,0.371,0.044000000000000004,0.218
2593,Hot Springs,WY,Crude prevalence,4661,3703,0.332,0.391,0.12,0.105,0.09699999999999999,0.099,0.207,0.145,0.401,0.35100000000000003,0.048,0.185
2595,Houghton,MI,Crude prevalence,37599,30241,0.26,0.315,0.085,0.111,0.066,0.076,0.263,0.1,0.319,0.337,0.032,0.076
2597,Houston,AL,Crude prevalence,108462,83709,0.32,0.445,0.08800000000000001,0.10400000000000001,0.079,0.08900000000000001,0.249,0.157,0.402,0.405,0.045,0.165
2599,Houston,GA,Crude prevalence,171974,128292,0.254,0.387,0.069,0.10099999999999999,0.055,0.059000000000000004,0.205,0.131,0.376,0.397,0.033,0.113
2601,Houston,MN,Crude prevalence,18582,14697,0.267,0.332,0.106,0.1,0.07200000000000001,0.064,0.226,0.113,0.35700000000000004,0.341,0.036000000000000004,0.057999999999999996
2603,Houston,TN,Crude prevalence,8393,6642,0.345,0.424,0.095,0.111,0.083,0.105,0.301,0.147,0.409,0.395,0.042,0.2
2605,Houston,TX,Crude prevalence,22066,17552,0.3,0.434,0.085,0.106,0.08900000000000001,0.099,0.22699999999999998,0.168,0.39399999999999996,0.382,0.051,0.157
2607,Howard,AR,Crude prevalence,12533,9311,0.312,0.44299999999999995,0.084,0.106,0.086,0.095,0.243,0.152,0.39299999999999996,0.39399999999999996,0.046,0.228
2609,Howard,IA,Crude prevalence,9376,7026,0.29600000000000004,0.37200000000000005,0.099,0.1,0.077,0.083,0.204,0.124,0.373,0.38,0.038,0.10800000000000001
2611,Howard,IN,Crude prevalence,83831,64586,0.322,0.401,0.092,0.11599999999999999,0.077,0.094,0.253,0.14400000000000002,0.389,0.365,0.04,0.237
2613,Howard,MD,Crude prevalence,336001,256944,0.243,0.345,0.077,0.091,0.048,0.04,0.177,0.10400000000000001,0.395,0.3,0.026000000000000002,0.068
2615,Howard,MO,Crude prevalence,10101,7943,0.3,0.36700000000000005,0.092,0.106,0.073,0.085,0.25,0.12,0.385,0.348,0.037000000000000005,0.162
2617,Howard,NE,Crude prevalence,6527,4978,0.285,0.376,0.10400000000000001,0.091,0.073,0.07,0.168,0.115,0.354,0.386,0.036000000000000004,0.11800000000000001
2619,Howard,TX,Crude prevalence,30554,23509,0.22699999999999998,0.348,0.061,0.096,0.063,0.066,0.22,0.13699999999999998,0.358,0.384,0.034,0.18
2621,Howell,MO,Crude prevalence,40735,30898,0.34700000000000003,0.40700000000000003,0.095,0.11199999999999999,0.091,0.12,0.267,0.149,0.39299999999999996,0.368,0.048,0.24600000000000002
2623,Hubbard,MN,Crude prevalence,22132,17563,0.297,0.35200000000000004,0.11199999999999999,0.099,0.083,0.073,0.22,0.133,0.361,0.354,0.040999999999999995,0.091
2625,Hudson,NJ,Crude prevalence,705472,568317,0.165,0.28600000000000003,0.049,0.084,0.047,0.040999999999999995,0.142,0.105,0.364,0.27899999999999997,0.026000000000000002,0.077
2627,Hudspeth,TX,Crude prevalence,3451,3036,0.18,0.33,0.038,0.08900000000000001,0.06,0.066,0.205,0.14300000000000002,0.327,0.41,0.033,0.273
2629,Huerfano,CO,Crude prevalence,7055,5992,0.331,0.376,0.113,0.10800000000000001,0.091,0.086,0.20600000000000002,0.139,0.402,0.275,0.046,0.11800000000000001
2631,Hughes,OK,Crude prevalence,13436,10505,0.307,0.43,0.08199999999999999,0.11900000000000001,0.09,0.105,0.253,0.151,0.395,0.419,0.047,0.21899999999999997
2633,Hughes,SD,Crude prevalence,17624,13336,0.255,0.32,0.096,0.102,0.063,0.059000000000000004,0.203,0.10800000000000001,0.335,0.34,0.032,0.055999999999999994
2635,Humboldt,CA,Crude prevalence,133985,109146,0.259,0.32899999999999996,0.086,0.11,0.071,0.076,0.261,0.114,0.355,0.313,0.037000000000000005,0.12
2637,Humboldt,IA,Crude prevalence,9500,7247,0.309,0.38799999999999996,0.102,0.10099999999999999,0.083,0.087,0.201,0.132,0.377,0.414,0.040999999999999995,0.095
2639,Humboldt,NV,Crude prevalence,17136,12652,0.27399999999999997,0.32,0.081,0.107,0.066,0.076,0.217,0.115,0.381,0.36200000000000004,0.035,0.221
2641,Humphreys,MS,Crude prevalence,7216,5419,0.36200000000000004,0.573,0.068,0.11699999999999999,0.10800000000000001,0.134,0.18600000000000003,0.247,0.413,0.524,0.077,0.317
2643,Humphreys,TN,Crude prevalence,19209,15251,0.35,0.424,0.096,0.111,0.085,0.109,0.301,0.15,0.41,0.41200000000000003,0.043,0.213
2645,Hunt,TX,Crude prevalence,113347,85368,0.247,0.35600000000000004,0.07400000000000001,0.10300000000000001,0.065,0.07400000000000001,0.233,0.12300000000000001,0.364,0.36700000000000005,0.035,0.102
2647,Hunterdon,NJ,Crude prevalence,130183,105457,0.248,0.317,0.099,0.08800000000000001,0.057999999999999996,0.049,0.165,0.092,0.395,0.263,0.027999999999999997,0.053
2649,Huntingdon,PA,Crude prevalence,43514,35764,,,,,,,,,,,,0.152
2651,Huntington,IN,Crude prevalence,36781,28842,0.31,0.40700000000000003,0.091,0.11199999999999999,0.073,0.08800000000000001,0.258,0.133,0.377,0.39899999999999997,0.036000000000000004,0.16
2653,Huron,MI,Crude prevalence,30927,25092,0.358,0.418,0.11599999999999999,0.115,0.094,0.10800000000000001,0.265,0.14300000000000002,0.39299999999999996,0.386,0.046,0.095
2655,Huron,OH,Crude prevalence,58199,44611,0.32299999999999995,0.377,0.09300000000000001,0.111,0.077,0.09,0.257,0.135,0.365,0.35,0.038,0.16699999999999998
2657,Hutchinson,SD,Crude prevalence,7394,5430,0.285,0.353,0.10800000000000001,0.1,0.077,0.073,0.203,0.121,0.355,0.344,0.038,0.115
2659,Hutchinson,TX,Crude prevalence,20033,15111,0.262,0.36,0.081,0.10099999999999999,0.07,0.075,0.23399999999999999,0.129,0.375,0.35100000000000003,0.037000000000000005,0.152
2661,Hyde,NC,Crude prevalence,4607,3922,0.332,0.465,0.08900000000000001,0.11,0.096,0.10800000000000001,0.23199999999999998,0.17,0.4,0.41,0.055,0.255
2663,Hyde,SD,Crude prevalence,1186,913,0.306,0.374,0.11,0.105,0.08800000000000001,0.084,0.20600000000000002,0.136,0.373,0.353,0.044000000000000004,0.122
2665,Iberia,LA,Crude prevalence,67659,50684,0.317,0.44799999999999995,0.075,0.10800000000000001,0.085,0.10400000000000001,0.27899999999999997,0.171,0.396,0.425,0.049,0.192
2667,Iberville,LA,Crude prevalence,29617,23427,0.306,0.444,0.071,0.106,0.078,0.08900000000000001,0.252,0.165,0.39,0.43,0.047,0.193
2669,Ida,IA,Crude prevalence,6833,5151,0.3,0.374,0.102,0.1,0.079,0.08199999999999999,0.201,0.124,0.377,0.41,0.039,0.12300000000000001
2671,Idaho,ID,Crude prevalence,17890,14280,0.32899999999999996,0.379,0.11199999999999999,0.106,0.092,0.091,0.209,0.128,0.363,0.318,0.046,0.147
2673,Imperial,CA,Crude prevalence,179057,128709,0.207,0.332,0.05,0.092,0.067,0.057,0.19899999999999998,0.15,0.35,0.34700000000000003,0.037000000000000005,0.203
2675,Independence,AR,Crude prevalence,38320,29054,0.304,0.413,0.08800000000000001,0.10400000000000001,0.084,0.09699999999999999,0.261,0.134,0.40299999999999997,0.41600000000000004,0.042,0.18600000000000003
2677,Indian River,FL,Crude prevalence,169795,144567,0.34,0.4,0.131,0.091,0.09699999999999999,0.08800000000000001,0.166,0.14300000000000002,0.426,0.266,0.046,0.086
2679,Indiana,PA,Crude prevalence,83094,68240,,,,,,,,,,,,0.096
2681,Ingham,MI,Crude prevalence,284637,229779,0.25,0.32,0.071,0.11599999999999999,0.055999999999999994,0.065,0.272,0.102,0.308,0.345,0.028999999999999998,0.13699999999999998
2683,Inyo,CA,Crude prevalence,18527,14859,0.28,0.35100000000000003,0.1,0.102,0.076,0.069,0.222,0.124,0.373,0.282,0.039,0.092
2685,Ionia,MI,Crude prevalence,66262,52509,0.284,0.358,0.085,0.11199999999999999,0.067,0.081,0.268,0.111,0.337,0.402,0.034,0.13
2687,Iosco,MI,Crude prevalence,25373,21051,0.385,0.457,0.125,0.11599999999999999,0.109,0.127,0.27,0.159,0.42200000000000004,0.38799999999999996,0.053,0.154
2689,Iowa,IA,Crude prevalence,16381,12590,0.284,0.368,0.099,0.099,0.071,0.073,0.20199999999999999,0.11699999999999999,0.379,0.434,0.035,0.11699999999999999
2691,Iowa,WI,Crude prevalence,23956,18836,0.285,0.33299999999999996,0.096,0.105,0.07,0.068,0.235,0.113,0.359,0.387,0.034,0.11
2693,Iredell,NC,Crude prevalence,199710,155704,0.271,0.364,0.085,0.105,0.062,0.066,0.244,0.107,0.366,0.32799999999999996,0.033,0.11800000000000001
2695,Irion,TX,Crude prevalence,1549,1190,0.281,0.377,0.092,0.09699999999999999,0.073,0.07200000000000001,0.225,0.134,0.392,0.35100000000000003,0.037000000000000005,0.076
2697,Iron,MI,Crude prevalence,11740,9748,0.38299999999999995,0.45,0.126,0.113,0.10300000000000001,0.115,0.256,0.153,0.41600000000000004,0.39,0.05,0.11699999999999999
2699,Iron,MO,Crude prevalence,9440,7420,0.35,0.425,0.10099999999999999,0.109,0.09300000000000001,0.115,0.263,0.15,0.41200000000000003,0.423,0.047,0.22
2701,Iron,UT,Crude prevalence,64211,47127,0.237,0.276,0.075,0.11,0.055999999999999994,0.057999999999999996,0.275,0.094,0.316,0.353,0.03,0.157
2703,Iron,WI,Crude prevalence,6228,5234,0.35,0.396,0.12300000000000001,0.107,0.098,0.091,0.213,0.14800000000000002,0.395,0.34700000000000003,0.047,0.1
2705,Iroquois,IL,Crude prevalence,26136,20557,0.314,0.4,0.10099999999999999,0.105,0.084,0.09699999999999999,0.228,0.139,0.4,0.406,0.043,0.166
2707,Irwin,GA,Crude prevalence,9120,7005,0.309,0.431,0.084,0.107,0.083,0.096,0.215,0.162,0.40399999999999997,0.40299999999999997,0.048,0.18899999999999997
2709,Isabella,MI,Crude prevalence,64118,52691,0.251,0.321,0.071,0.122,0.062,0.08199999999999999,0.305,0.105,0.309,0.395,0.032,0.158
2711,Isanti,MN,Crude prevalence,43182,33233,0.247,0.319,0.08800000000000001,0.1,0.065,0.063,0.245,0.105,0.344,0.32799999999999996,0.033,0.105
2713,Island,WA,Crude prevalence,86267,71614,0.294,0.34700000000000003,0.11,0.10400000000000001,0.068,0.059000000000000004,0.23199999999999998,0.102,0.368,0.313,0.035,0.07
2715,Isle of Wight,VA,Crude prevalence,40711,31981,0.308,0.392,0.09,0.10800000000000001,0.069,0.071,0.222,0.138,0.39,0.366,0.038,0.10400000000000001
2717,Issaquena,MS,Crude prevalence,1256,1128,0.257,0.461,0.053,0.09699999999999999,0.078,0.095,0.168,0.16399999999999998,0.35700000000000004,0.45299999999999996,0.051,0.303
2719,Itasca,MN,Crude prevalence,45365,36288,0.28800000000000003,0.37799999999999995,0.10800000000000001,0.102,0.083,0.075,0.23800000000000002,0.13699999999999998,0.355,0.36,0.040999999999999995,0.094
2721,Itawamba,MS,Crude prevalence,24093,18967,0.295,0.4,0.086,0.095,0.071,0.08199999999999999,0.21100000000000002,0.122,0.395,0.36200000000000004,0.037000000000000005,0.132
2723,Izard,AR,Crude prevalence,14169,11629,0.355,0.47600000000000003,0.105,0.10300000000000001,0.109,0.122,0.256,0.159,0.42200000000000004,0.41200000000000003,0.053,0.27
2725,Jack,TX,Crude prevalence,8875,6909,0.267,0.375,0.08,0.102,0.076,0.08800000000000001,0.24,0.134,0.37799999999999995,0.37799999999999995,0.04,0.198
2727,Jackson,AL,Crude prevalence,53467,42355,0.354,0.45899999999999996,0.09699999999999999,0.10300000000000001,0.092,0.109,0.267,0.16,0.43200000000000005,0.39299999999999996,0.047,0.184
2729,Jackson,AR,Crude prevalence,16784,13466,0.308,0.444,0.079,0.11,0.08900000000000001,0.111,0.263,0.154,0.39399999999999996,0.439,0.048,0.22
2731,Jackson,CO,Crude prevalence,1309,1072,0.33799999999999997,0.38799999999999996,0.111,0.115,0.096,0.106,0.23,0.139,0.38799999999999996,0.3,0.049,0.11599999999999999
2733,Jackson,FL,Crude prevalence,48622,39341,0.29600000000000004,0.419,0.09,0.10300000000000001,0.091,0.10300000000000001,0.193,0.156,0.385,0.387,0.05,0.22399999999999998
2735,Jackson,GA,Crude prevalence,88615,66464,0.253,0.34700000000000003,0.079,0.09699999999999999,0.06,0.066,0.205,0.11599999999999999,0.368,0.33,0.032,0.091
2737,Jackson,IA,Crude prevalence,19342,15066,0.31,0.385,0.102,0.10099999999999999,0.079,0.084,0.20600000000000002,0.127,0.384,0.40299999999999997,0.039,0.12
2739,Jackson,IL,Crude prevalence,52141,42149,0.25,0.336,0.07400000000000001,0.10800000000000001,0.065,0.077,0.23,0.11599999999999999,0.33399999999999996,0.39799999999999996,0.035,0.187
2741,Jackson,IN,Crude prevalence,46460,34546,0.297,0.37799999999999995,0.086,0.10800000000000001,0.073,0.08800000000000001,0.255,0.136,0.384,0.396,0.036000000000000004,0.13699999999999998
2743,Jackson,KS,Crude prevalence,13368,10012,0.295,0.365,0.094,0.10300000000000001,0.076,0.079,0.20800000000000002,0.12300000000000001,0.38799999999999996,0.37799999999999995,0.037000000000000005,0.106
2745,Jackson,KY,Crude prevalence,13104,10049,,,,,,,,,,,,0.29
2747,Jackson,LA,Crude prevalence,14746,11654,0.33799999999999997,0.479,0.087,0.105,0.096,0.11199999999999999,0.265,0.177,0.419,0.449,0.054000000000000006,0.258
2749,Jackson,MI,Crude prevalence,159424,126422,0.32299999999999995,0.389,0.095,0.11599999999999999,0.075,0.087,0.27,0.125,0.359,0.392,0.037000000000000005,0.122
2751,Jackson,MN,Crude prevalence,9919,7831,0.265,0.353,0.10400000000000001,0.098,0.075,0.066,0.226,0.11699999999999999,0.363,0.358,0.038,0.07400000000000001
2753,Jackson,MO,Crude prevalence,718560,553202,0.267,0.35700000000000004,0.07400000000000001,0.105,0.062,0.07400000000000001,0.254,0.121,0.389,0.37200000000000005,0.036000000000000004,0.155
2755,Jackson,MS,Crude prevalence,146389,113275,0.292,0.45,0.081,0.094,0.071,0.077,0.19699999999999998,0.15,0.387,0.40700000000000003,0.04,0.136
2757,Jackson,NC,Crude prevalence,44574,37282,0.281,0.355,0.087,0.111,0.07400000000000001,0.08199999999999999,0.272,0.121,0.36,0.345,0.038,0.147
2759,Jackson,OH,Crude prevalence,32606,24867,0.335,0.42700000000000005,0.09300000000000001,0.115,0.084,0.105,0.289,0.149,0.413,0.449,0.040999999999999995,0.256
2761,Jackson,OK,Crude prevalence,24669,18482,0.27,0.391,0.075,0.11,0.073,0.079,0.24600000000000002,0.132,0.37799999999999995,0.40399999999999997,0.037000000000000005,0.133
2763,Jackson,OR,Crude prevalence,220768,176206,0.306,0.361,0.102,0.121,0.075,0.08,0.263,0.127,0.35,0.32799999999999996,0.038,0.18100000000000002
2765,Jackson,SD,Crude prevalence,2776,1799,0.289,0.402,0.08,0.132,0.10300000000000001,0.12300000000000001,0.223,0.18600000000000003,0.354,0.409,0.06,0.268
2767,Jackson,TN,Crude prevalence,12363,10099,0.377,0.44799999999999995,0.102,0.113,0.10099999999999999,0.131,0.306,0.17,0.441,0.39399999999999996,0.05,0.226
2769,Jackson,TX,Crude prevalence,15221,11330,0.276,0.386,0.083,0.099,0.078,0.08199999999999999,0.22399999999999998,0.147,0.387,0.377,0.042,0.171
2771,Jackson,WI,Crude prevalence,20855,16438,0.301,0.381,0.09300000000000001,0.111,0.083,0.085,0.235,0.134,0.368,0.40399999999999997,0.040999999999999995,0.163
2773,Jackson,WV,Crude prevalence,27593,21715,0.391,0.465,0.102,0.122,0.092,0.111,0.305,0.172,0.447,0.428,0.044000000000000004,0.23399999999999999
2775,James City,VA,Crude prevalence,82654,66533,0.307,0.384,0.109,0.10300000000000001,0.071,0.062,0.214,0.125,0.42100000000000004,0.321,0.035,0.071
2777,Jasper,GA,Crude prevalence,16455,12575,0.292,0.402,0.084,0.10400000000000001,0.075,0.086,0.217,0.146,0.401,0.371,0.042,0.15
2779,Jasper,IA,Crude prevalence,37919,29600,0.28300000000000003,0.368,0.09300000000000001,0.1,0.071,0.076,0.204,0.11900000000000001,0.364,0.38299999999999995,0.036000000000000004,0.122
2781,Jasper,IL,Crude prevalence,9144,7080,0.301,0.369,0.102,0.102,0.073,0.081,0.226,0.12,0.389,0.382,0.037000000000000005,0.091
2783,Jasper,IN,Crude prevalence,33535,25921,0.305,0.386,0.09300000000000001,0.109,0.07200000000000001,0.084,0.248,0.127,0.397,0.402,0.035,0.146
2785,Jasper,MO,Crude prevalence,125056,94515,0.292,0.373,0.084,0.10800000000000001,0.07200000000000001,0.092,0.258,0.128,0.371,0.4,0.038,0.14300000000000002
2787,Jasper,MS,Crude prevalence,16013,12328,0.34,0.506,0.081,0.102,0.091,0.1,0.18100000000000002,0.19,0.408,0.449,0.057999999999999996,0.218
2789,Jasper,SC,Crude prevalence,33544,27540,0.317,0.433,0.094,0.09699999999999999,0.083,0.08900000000000001,0.20600000000000002,0.17,0.419,0.35,0.048,0.182
2791,Jasper,TX,Crude prevalence,32694,25039,0.312,0.43200000000000005,0.08900000000000001,0.111,0.09,0.107,0.245,0.163,0.405,0.41100000000000003,0.05,0.23
2793,Jay,IN,Crude prevalence,20032,14886,0.32799999999999996,0.42,0.092,0.11599999999999999,0.086,0.11,0.265,0.15,0.41600000000000004,0.436,0.043,0.196
2795,Jeff Davis,GA,Crude prevalence,14906,11152,0.299,0.41200000000000003,0.078,0.10800000000000001,0.085,0.106,0.222,0.16399999999999998,0.39,0.40399999999999997,0.048,0.209
2797,Jeff Davis,TX,Crude prevalence,1856,1764,0.386,0.501,0.125,0.098,0.12300000000000001,0.11599999999999999,0.21,0.212,0.474,0.379,0.061,0.215
2799,Jefferson,AL,Crude prevalence,662895,511715,0.28,0.42700000000000005,0.073,0.099,0.066,0.069,0.22699999999999998,0.151,0.395,0.374,0.040999999999999995,0.14
2801,Jefferson,AR,Crude prevalence,63661,50000,0.306,0.509,0.07,0.11199999999999999,0.083,0.09300000000000001,0.215,0.17600000000000002,0.39399999999999996,0.45899999999999996,0.052000000000000005,0.24100000000000002
2803,Jefferson,CO,Crude prevalence,576366,472514,0.25,0.27699999999999997,0.086,0.11199999999999999,0.051,0.05,0.231,0.083,0.33299999999999996,0.231,0.026000000000000002,0.046
2805,Jefferson,FL,Crude prevalence,15450,12807,0.305,0.46299999999999997,0.1,0.10300000000000001,0.09300000000000001,0.10300000000000001,0.175,0.163,0.43200000000000005,0.35100000000000003,0.052000000000000005,0.19399999999999998
2807,Jefferson,GA,Crude prevalence,15183,11719,0.309,0.47100000000000003,0.07200000000000001,0.115,0.085,0.10099999999999999,0.19899999999999998,0.185,0.402,0.413,0.055,0.239
2809,Jefferson,IA,Crude prevalence,15440,12891,0.301,0.391,0.106,0.096,0.083,0.081,0.19,0.132,0.381,0.396,0.04,0.115
2811,Jefferson,ID,Crude prevalence,34198,23316,0.233,0.287,0.075,0.107,0.055,0.06,0.225,0.091,0.325,0.331,0.028999999999999998,0.145
2813,Jefferson,IL,Crude prevalence,36320,28241,0.297,0.385,0.09300000000000001,0.106,0.076,0.08800000000000001,0.22699999999999998,0.13,0.381,0.39799999999999996,0.04,0.16
2815,Jefferson,IN,Crude prevalence,33056,26481,0.308,0.392,0.092,0.115,0.075,0.092,0.264,0.135,0.39799999999999996,0.366,0.037000000000000005,0.14800000000000002
2817,Jefferson,KS,Crude prevalence,18327,14419,0.28800000000000003,0.35600000000000004,0.09699999999999999,0.099,0.071,0.073,0.207,0.113,0.375,0.34700000000000003,0.034,0.114
2819,Jefferson,KY,Crude prevalence,772144,601290,,,,,,,,,,,,0.195
2821,Jefferson,LA,Crude prevalence,421777,328457,0.297,0.42700000000000005,0.078,0.098,0.075,0.077,0.243,0.162,0.386,0.41600000000000004,0.040999999999999995,0.15
2823,Jefferson,MO,Crude prevalence,231230,179619,0.293,0.355,0.09,0.105,0.066,0.079,0.239,0.11199999999999999,0.36700000000000005,0.40299999999999997,0.033,0.13699999999999998
2825,Jefferson,MS,Crude prevalence,6941,5423,0.342,0.5710000000000001,0.063,0.11199999999999999,0.098,0.115,0.165,0.23600000000000002,0.41,0.515,0.07200000000000001,0.28600000000000003
2827,Jefferson,MT,Crude prevalence,13048,10436,0.306,0.33399999999999996,0.105,0.109,0.067,0.07,0.22699999999999998,0.10300000000000001,0.341,0.32799999999999996,0.035,0.08800000000000001
2829,Jefferson,NE,Crude prevalence,7054,5436,0.304,0.376,0.106,0.092,0.081,0.077,0.177,0.134,0.364,0.374,0.04,0.11599999999999999
2831,Jefferson,NY,Crude prevalence,114787,87280,0.255,0.308,0.08,0.11199999999999999,0.06,0.069,0.205,0.1,0.32299999999999995,0.37799999999999995,0.031,0.156
2833,Jefferson,OH,Crude prevalence,64026,51564,0.34700000000000003,0.419,0.10099999999999999,0.11699999999999999,0.087,0.10099999999999999,0.278,0.151,0.384,0.425,0.042,0.2
2835,Jefferson,OK,Crude prevalence,5347,4030,0.335,0.456,0.09300000000000001,0.11699999999999999,0.10099999999999999,0.11599999999999999,0.254,0.163,0.42700000000000005,0.41200000000000003,0.051,0.217
2837,Jefferson,OR,Crude prevalence,25454,19812,0.304,0.355,0.091,0.121,0.076,0.08,0.255,0.134,0.349,0.355,0.039,0.146
2839,Jefferson,PA,Crude prevalence,43612,34394,,,,,,,,,,,,0.16699999999999998
2841,Jefferson,TN,Crude prevalence,57838,46748,0.342,0.409,0.098,0.11,0.08,0.09699999999999999,0.301,0.136,0.39399999999999996,0.373,0.04,0.138
2843,Jefferson,TX,Crude prevalence,251496,189667,0.258,0.39799999999999996,0.063,0.107,0.07,0.078,0.21100000000000002,0.156,0.358,0.413,0.043,0.18600000000000003
2845,Jefferson,WA,Crude prevalence,33714,30013,0.37799999999999995,0.41,0.14,0.105,0.092,0.07200000000000001,0.237,0.131,0.43200000000000005,0.287,0.044000000000000004,0.079
2847,Jefferson,WI,Crude prevalence,85743,69165,0.262,0.311,0.087,0.109,0.065,0.064,0.228,0.107,0.32899999999999996,0.40700000000000003,0.032,0.125
2849,Jefferson,WV,Crude prevalence,59787,47507,0.33299999999999996,0.405,0.08800000000000001,0.11900000000000001,0.068,0.076,0.278,0.134,0.40399999999999997,0.38299999999999995,0.033,0.13699999999999998
2851,Jefferson Davis,LA,Crude prevalence,31553,23598,0.309,0.428,0.084,0.10400000000000001,0.081,0.099,0.284,0.14800000000000002,0.40399999999999997,0.42700000000000005,0.044000000000000004,0.204
2853,Jefferson Davis,MS,Crude prevalence,10969,8785,0.363,0.5479999999999999,0.083,0.107,0.10300000000000001,0.11599999999999999,0.17800000000000002,0.218,0.42700000000000005,0.45399999999999996,0.068,0.22
2855,Jenkins,GA,Crude prevalence,8627,6909,0.302,0.455,0.071,0.11199999999999999,0.087,0.109,0.205,0.182,0.391,0.425,0.055,0.243
2857,Jennings,IN,Crude prevalence,27622,21266,0.321,0.40700000000000003,0.09,0.115,0.078,0.099,0.27,0.14300000000000002,0.39799999999999996,0.41200000000000003,0.039,0.225
2859,Jerauld,SD,Crude prevalence,1660,1275,0.321,0.392,0.124,0.096,0.08900000000000001,0.081,0.187,0.138,0.389,0.35600000000000004,0.044000000000000004,0.11
2861,Jerome,ID,Crude prevalence,25479,17979,0.256,0.33,0.071,0.10800000000000001,0.07,0.08,0.21600000000000003,0.126,0.34299999999999997,0.358,0.038,0.22899999999999998
2863,Jersey,IL,Crude prevalence,21091,16934,0.295,0.36200000000000004,0.09699999999999999,0.10300000000000001,0.071,0.079,0.228,0.11699999999999999,0.375,0.39,0.036000000000000004,0.13
2865,Jessamine,KY,Crude prevalence,55017,42098,,,,,,,,,,,,0.145
2867,Jewell,KS,Crude prevalence,2847,2244,0.361,0.445,0.12,0.10099999999999999,0.10800000000000001,0.11,0.205,0.158,0.42700000000000005,0.391,0.051,0.159
2869,Jim Hogg,TX,Crude prevalence,4720,3365,0.261,0.41600000000000004,0.055,0.091,0.099,0.08900000000000001,0.19699999999999998,0.228,0.402,0.447,0.053,0.284
2871,Jim Wells,TX,Crude prevalence,38662,28172,0.24100000000000002,0.373,0.055999999999999994,0.09,0.076,0.069,0.2,0.18,0.384,0.406,0.04,0.18100000000000002
2873,Jo Daviess,IL,Crude prevalence,21756,17877,0.33,0.40399999999999997,0.11900000000000001,0.099,0.085,0.086,0.20600000000000002,0.132,0.41200000000000003,0.361,0.042,0.113
2875,Johnson,AR,Crude prevalence,26129,19835,0.3,0.425,0.085,0.10300000000000001,0.08900000000000001,0.10300000000000001,0.254,0.146,0.405,0.374,0.044000000000000004,0.281
2877,Johnson,GA,Crude prevalence,9282,7669,0.311,0.475,0.078,0.106,0.09300000000000001,0.107,0.20199999999999999,0.18,0.402,0.435,0.054000000000000006,0.294
2879,Johnson,IA,Crude prevalence,157528,127373,0.198,0.281,0.067,0.098,0.048,0.05,0.21,0.08800000000000001,0.292,0.304,0.025,0.131
2881,Johnson,IL,Crude prevalence,13326,11121,0.281,0.384,0.087,0.102,0.077,0.08900000000000001,0.215,0.129,0.371,0.414,0.04,0.18100000000000002
2883,Johnson,IN,Crude prevalence,167819,127387,0.287,0.37799999999999995,0.085,0.109,0.06,0.069,0.253,0.11900000000000001,0.371,0.38799999999999996,0.028999999999999998,0.09699999999999999
2885,Johnson,KS,Crude prevalence,622237,477859,0.22699999999999998,0.32,0.084,0.09300000000000001,0.05,0.046,0.184,0.094,0.376,0.312,0.025,0.08199999999999999
2887,Johnson,KY,Crude prevalence,22116,17225,,,,,,,,,,,,0.25
2889,Johnson,MO,Crude prevalence,54962,42654,0.24,0.301,0.071,0.105,0.055,0.069,0.268,0.096,0.33299999999999996,0.353,0.028999999999999998,0.11
2891,Johnson,NE,Crude prevalence,5198,4248,0.244,0.34299999999999997,0.08199999999999999,0.085,0.068,0.069,0.157,0.11599999999999999,0.34,0.381,0.035,0.13
2893,Johnson,TN,Crude prevalence,18375,15348,0.38,0.462,0.10099999999999999,0.11199999999999999,0.10099999999999999,0.133,0.301,0.175,0.434,0.4,0.051,0.247
2895,Johnson,TX,Crude prevalence,202906,150832,0.24,0.33799999999999997,0.071,0.102,0.059000000000000004,0.066,0.23199999999999998,0.11900000000000001,0.35600000000000004,0.33399999999999996,0.032,0.152
2897,Johnson,WY,Crude prevalence,8759,7022,0.308,0.371,0.114,0.102,0.08800000000000001,0.08900000000000001,0.196,0.131,0.392,0.35600000000000004,0.043,0.124
2899,Johnston,NC,Crude prevalence,241955,182582,0.257,0.35100000000000003,0.073,0.10800000000000001,0.059000000000000004,0.066,0.243,0.11599999999999999,0.349,0.35100000000000003,0.033,0.146
2901,Johnston,OK,Crude prevalence,10216,7851,0.321,0.423,0.086,0.124,0.09300000000000001,0.10800000000000001,0.26899999999999996,0.153,0.397,0.39399999999999996,0.048,0.254
2903,Jones,GA,Crude prevalence,28969,22439,0.292,0.402,0.081,0.106,0.071,0.079,0.20800000000000002,0.14400000000000002,0.389,0.39799999999999996,0.042,0.11800000000000001
2905,Jones,IA,Crude prevalence,20900,16705,0.28800000000000003,0.364,0.09699999999999999,0.098,0.07400000000000001,0.077,0.198,0.11900000000000001,0.36700000000000005,0.397,0.037000000000000005,0.10400000000000001
2907,Jones,MS,Crude prevalence,66250,49715,0.314,0.465,0.083,0.099,0.081,0.09300000000000001,0.19899999999999998,0.16,0.402,0.41600000000000004,0.047,0.159
2909,Jones,NC,Crude prevalence,9401,7647,0.345,0.46299999999999997,0.091,0.11599999999999999,0.094,0.10800000000000001,0.247,0.17,0.40399999999999997,0.4,0.055,0.17300000000000001
2911,Jones,SD,Crude prevalence,855,664,0.32799999999999996,0.41,0.122,0.10099999999999999,0.095,0.08800000000000001,0.196,0.147,0.392,0.354,0.046,0.135
2913,Jones,TX,Crude prevalence,20381,16924,0.231,0.36200000000000004,0.064,0.095,0.066,0.075,0.214,0.13,0.35200000000000004,0.387,0.036000000000000004,0.151
2915,Josephine,OR,Crude prevalence,87821,70969,0.361,0.39,0.114,0.124,0.095,0.10400000000000001,0.27,0.14800000000000002,0.38799999999999996,0.33799999999999997,0.049,0.166
2917,Juab,UT,Crude prevalence,13023,8695,0.233,0.285,0.077,0.11,0.053,0.057,0.264,0.09,0.315,0.326,0.027999999999999997,0.111
2919,Judith Basin,MT,Crude prevalence,2093,1704,0.35200000000000004,0.39899999999999997,0.11599999999999999,0.11,0.092,0.094,0.233,0.129,0.374,0.315,0.047,0.121
2921,Juneau,AK,Crude prevalence,31555,25267,0.242,0.324,0.077,0.102,0.057,0.059000000000000004,0.21,0.08900000000000001,0.35200000000000004,0.35,0.03,0.12
2923,Juneau,WI,Crude prevalence,26594,21598,0.309,0.397,0.096,0.111,0.087,0.091,0.242,0.142,0.379,0.42100000000000004,0.043,0.13699999999999998
2925,Juniata,PA,Crude prevalence,23243,18146,,,,,,,,,,,,0.19899999999999998
2927,Kalamazoo,MI,Crude prevalence,262215,206827,0.253,0.314,0.081,0.115,0.059000000000000004,0.069,0.289,0.09699999999999999,0.332,0.374,0.031,0.102
2929,Kalawao,HI,Crude prevalence,81,75,0.348,0.466,0.091,0.102,0.128,0.098,0.14300000000000002,0.221,0.41700000000000004,0.385,0.073,0.115
2931,Kalkaska,MI,Crude prevalence,18490,14833,0.342,0.40299999999999997,0.10400000000000001,0.11800000000000001,0.087,0.105,0.278,0.135,0.38,0.387,0.043,0.142
2933,Kanabec,MN,Crude prevalence,16602,13036,0.281,0.358,0.09699999999999999,0.10400000000000001,0.078,0.079,0.251,0.128,0.35100000000000003,0.376,0.04,0.098
2935,Kanawha,WV,Crude prevalence,174805,140410,0.374,0.462,0.099,0.11900000000000001,0.087,0.098,0.302,0.156,0.436,0.40299999999999997,0.042,0.153
2937,Kandiyohi,MN,Crude prevalence,43813,33278,0.251,0.33399999999999996,0.09300000000000001,0.10099999999999999,0.07200000000000001,0.066,0.23199999999999998,0.12300000000000001,0.34299999999999997,0.406,0.037000000000000005,0.09699999999999999
2939,Kane,IL,Crude prevalence,514982,394457,0.23399999999999999,0.304,0.076,0.09300000000000001,0.057,0.057,0.18600000000000003,0.115,0.344,0.35100000000000003,0.03,0.11900000000000001
2941,Kane,UT,Crude prevalence,8425,6481,0.308,0.35600000000000004,0.109,0.10800000000000001,0.073,0.069,0.25,0.11800000000000001,0.373,0.33299999999999996,0.037000000000000005,0.158
2943,Kankakee,IL,Crude prevalence,105940,82054,0.273,0.377,0.083,0.107,0.07,0.079,0.214,0.13,0.382,0.39799999999999996,0.038,0.184
2945,Karnes,TX,Crude prevalence,15018,12017,0.214,0.353,0.055999999999999994,0.091,0.064,0.068,0.204,0.14,0.344,0.389,0.035,0.201
2947,Kauai,HI,Crude prevalence,73851,58274,0.265,0.331,0.077,0.1,0.068,0.06,0.16399999999999998,0.12,0.36700000000000005,0.239,0.039,0.099
2949,Kaufman,TX,Crude prevalence,185690,132239,0.21100000000000002,0.325,0.057999999999999996,0.10400000000000001,0.05,0.057999999999999996,0.222,0.11199999999999999,0.332,0.38,0.028999999999999998,0.133
2951,Kay,OK,Crude prevalence,43641,32842,0.316,0.414,0.09,0.11800000000000001,0.086,0.096,0.265,0.141,0.4,0.426,0.043,0.204
2953,Kearney,NE,Crude prevalence,6770,5096,0.262,0.33299999999999996,0.099,0.09,0.067,0.062,0.168,0.10800000000000001,0.337,0.38299999999999995,0.033,0.06
2955,Kearny,KS,Crude prevalence,3823,2692,0.26,0.344,0.077,0.09699999999999999,0.071,0.073,0.19,0.129,0.364,0.376,0.036000000000000004,0.165
2957,Keith,NE,Crude prevalence,8113,6429,0.29100000000000004,0.384,0.11199999999999999,0.09,0.085,0.08,0.156,0.132,0.369,0.354,0.042,0.096
2959,Kemper,MS,Crude prevalence,8584,7073,0.319,0.499,0.075,0.10400000000000001,0.08900000000000001,0.095,0.17300000000000001,0.184,0.396,0.43700000000000006,0.057,0.183
2961,Kenai Peninsula,AK,Crude prevalence,61223,47721,0.266,0.354,0.09300000000000001,0.10300000000000001,0.07,0.073,0.19699999999999998,0.098,0.379,0.32299999999999995,0.036000000000000004,0.13699999999999998
2963,Kendall,IL,Crude prevalence,139976,102765,0.20800000000000002,0.29600000000000004,0.067,0.095,0.044000000000000004,0.047,0.19399999999999998,0.094,0.325,0.397,0.024,0.083
2965,Kendall,TX,Crude prevalence,50537,39429,0.259,0.349,0.092,0.09300000000000001,0.061,0.055,0.204,0.111,0.379,0.34299999999999997,0.031,0.084
2967,Kenedy,TX,Crude prevalence,343,289,0.25,0.382,0.06,0.09300000000000001,0.083,0.07200000000000001,0.193,0.185,0.406,0.379,0.044000000000000004,0.35200000000000004
2969,Kennebec,ME,Crude prevalence,127259,103608,0.32799999999999996,0.34600000000000003,0.09300000000000001,0.125,0.076,0.08900000000000001,0.282,0.11800000000000001,0.37200000000000005,0.325,0.036000000000000004,0.209
2971,Kenosha,WI,Crude prevalence,167488,131659,0.275,0.336,0.081,0.11,0.063,0.065,0.24100000000000002,0.114,0.33299999999999996,0.401,0.032,0.163
2973,Kent,DE,Crude prevalence,189789,146800,0.29100000000000004,0.395,0.084,0.125,0.066,0.076,0.225,0.14300000000000002,0.39299999999999996,0.435,0.038,0.13
2975,Kent,MD,Crude prevalence,19303,16393,0.33299999999999996,0.43,0.11,0.106,0.081,0.081,0.221,0.13699999999999998,0.419,0.35100000000000003,0.042,0.11699999999999999
2977,Kent,MI,Crude prevalence,661354,507844,0.251,0.322,0.081,0.11,0.057,0.064,0.275,0.10300000000000001,0.308,0.348,0.028999999999999998,0.081
2979,Kent,RI,Crude prevalence,171278,140721,0.284,0.368,0.094,0.11699999999999999,0.064,0.07,0.247,0.11800000000000001,0.35200000000000004,0.33,0.033,0.114
2981,Kent,TX,Crude prevalence,734,557,0.303,0.389,0.11,0.096,0.077,0.07200000000000001,0.21600000000000003,0.129,0.406,0.325,0.04,0.075
2983,Kenton,KY,Crude prevalence,171321,131901,,,,,,,,,,,,0.071
2985,Keokuk,IA,Crude prevalence,9914,7694,0.308,0.396,0.10099999999999999,0.102,0.08199999999999999,0.08900000000000001,0.21100000000000002,0.134,0.375,0.414,0.040999999999999995,0.162
2987,Kern,CA,Crude prevalence,913820,654092,0.212,0.32,0.055999999999999994,0.10300000000000001,0.062,0.064,0.228,0.133,0.33,0.36,0.035,0.215
2989,Kerr,TX,Crude prevalence,53915,44017,0.303,0.40299999999999997,0.106,0.096,0.087,0.084,0.214,0.147,0.408,0.344,0.044000000000000004,0.183
2991,Kershaw,SC,Crude prevalence,69905,53629,0.294,0.401,0.08800000000000001,0.098,0.07,0.079,0.21899999999999997,0.14800000000000002,0.40299999999999997,0.366,0.040999999999999995,0.147
2993,Ketchikan Gateway,AK,Crude prevalence,13738,11023,0.252,0.348,0.08199999999999999,0.10300000000000001,0.064,0.066,0.18899999999999997,0.10099999999999999,0.34600000000000003,0.377,0.034,0.113
2995,Kewaunee,WI,Crude prevalence,20690,16410,0.294,0.354,0.099,0.106,0.076,0.073,0.226,0.121,0.368,0.413,0.037000000000000005,0.09300000000000001
2997,Keweenaw,MI,Crude prevalence,2172,1839,0.37200000000000005,0.42700000000000005,0.139,0.106,0.095,0.09,0.244,0.134,0.41700000000000004,0.337,0.043,0.09300000000000001
2999,Keya Paha,NE,Crude prevalence,805,656,0.325,0.41700000000000004,0.124,0.08900000000000001,0.10099999999999999,0.09,0.16,0.142,0.39,0.366,0.048,0.142
3001,Kidder,ND,Crude prevalence,2342,1833,0.33399999999999996,0.397,0.114,0.099,0.08900000000000001,0.081,0.19699999999999998,0.128,0.4,0.39899999999999997,0.043,0.15
3003,Kimball,NE,Crude prevalence,3289,2640,0.325,0.409,0.109,0.095,0.09699999999999999,0.098,0.17300000000000001,0.152,0.39,0.42100000000000004,0.049,0.157
3005,Kimble,TX,Crude prevalence,4442,3628,0.33399999999999996,0.43799999999999994,0.109,0.1,0.099,0.10099999999999999,0.225,0.166,0.433,0.368,0.05,0.126
3007,King,TX,Crude prevalence,217,168,0.33299999999999996,0.45,0.106,0.10300000000000001,0.10400000000000001,0.10800000000000001,0.228,0.168,0.425,0.37799999999999995,0.053,0.267
3009,King,WA,Crude prevalence,2271380,1836529,0.19399999999999998,0.267,0.067,0.09699999999999999,0.04,0.034,0.235,0.073,0.34,0.226,0.023,0.046
3011,King George,VA,Crude prevalence,28568,21638,0.264,0.34299999999999997,0.077,0.107,0.057999999999999996,0.061,0.231,0.11599999999999999,0.375,0.361,0.032,0.099
3013,King William,VA,Crude prevalence,19030,14699,0.284,0.365,0.083,0.109,0.063,0.067,0.239,0.122,0.379,0.349,0.034,0.127
3015,King and Queen,VA,Crude prevalence,6720,5583,0.344,0.449,0.094,0.114,0.08900000000000001,0.096,0.22699999999999998,0.17,0.424,0.40700000000000003,0.049,0.159
3017,Kingfisher,OK,Crude prevalence,15481,11404,0.28300000000000003,0.381,0.084,0.10800000000000001,0.07200000000000001,0.077,0.23600000000000002,0.11900000000000001,0.392,0.371,0.036000000000000004,0.136
3019,Kingman,KS,Crude prevalence,7066,5406,0.29100000000000004,0.373,0.09300000000000001,0.102,0.07400000000000001,0.08199999999999999,0.213,0.12,0.376,0.39799999999999996,0.037000000000000005,0.217
3021,Kings,CA,Crude prevalence,152682,111961,0.193,0.304,0.051,0.098,0.057999999999999996,0.059000000000000004,0.21100000000000002,0.121,0.318,0.34700000000000003,0.033,0.153
3023,Kings,NY,Crude prevalence,2561225,2003937,0.207,0.304,0.057999999999999996,0.10300000000000001,0.057,0.057999999999999996,0.161,0.12,0.37200000000000005,0.251,0.036000000000000004,0.157
3025,Kingsbury,SD,Crude prevalence,5276,3947,0.289,0.355,0.109,0.099,0.079,0.07400000000000001,0.201,0.121,0.366,0.35600000000000004,0.039,0.121
3027,Kinney,TX,Crude prevalence,3148,2597,0.272,0.392,0.086,0.08800000000000001,0.086,0.075,0.19399999999999998,0.158,0.395,0.368,0.043,0.15
3029,Kiowa,CO,Crude prevalence,1384,1055,0.33,0.361,0.11800000000000001,0.114,0.087,0.08900000000000001,0.23199999999999998,0.11800000000000001,0.375,0.271,0.044000000000000004,0.128
3031,Kiowa,KS,Crude prevalence,2374,1802,0.294,0.37200000000000005,0.099,0.099,0.077,0.077,0.20600000000000002,0.11800000000000001,0.384,0.39,0.037000000000000005,0.14400000000000002
3033,Kiowa,OK,Crude prevalence,8398,6366,0.341,0.45399999999999996,0.094,0.11800000000000001,0.10099999999999999,0.114,0.254,0.166,0.42,0.42700000000000005,0.051,0.21600000000000003
3035,Kit Carson,CO,Crude prevalence,6994,5210,0.294,0.33299999999999996,0.098,0.115,0.077,0.083,0.233,0.114,0.353,0.294,0.04,0.19399999999999998
3037,Kitsap,WA,Crude prevalence,277658,224070,0.27,0.332,0.094,0.11199999999999999,0.057999999999999996,0.054000000000000006,0.251,0.098,0.341,0.318,0.031,0.10800000000000001
3039,Kittitas,WA,Crude prevalence,45508,37605,0.266,0.302,0.084,0.113,0.061,0.061,0.264,0.09699999999999999,0.324,0.34700000000000003,0.032,0.139
3041,Kittson,MN,Crude prevalence,4060,3182,0.287,0.369,0.11199999999999999,0.099,0.08199999999999999,0.071,0.231,0.125,0.373,0.34,0.04,0.067
3043,Klamath,OR,Crude prevalence,70003,54838,0.324,0.4,0.099,0.125,0.086,0.094,0.273,0.141,0.36700000000000005,0.379,0.043,0.18
3045,Kleberg,TX,Crude prevalence,30069,22867,0.19899999999999998,0.315,0.049,0.091,0.06,0.055,0.21,0.14,0.33,0.371,0.032,0.2
3047,Klickitat,WA,Crude prevalence,23589,19317,0.311,0.341,0.10400000000000001,0.113,0.078,0.07200000000000001,0.24,0.11699999999999999,0.363,0.32899999999999996,0.04,0.131
3049,Knott,KY,Crude prevalence,13659,10946,,,,,,,,,,,,0.21600000000000003
3051,Knox,IL,Crude prevalence,48411,38628,0.303,0.387,0.096,0.106,0.08199999999999999,0.094,0.21899999999999997,0.135,0.381,0.392,0.043,0.11599999999999999
3053,Knox,IN,Crude prevalence,36070,28282,0.299,0.386,0.09,0.113,0.076,0.09300000000000001,0.257,0.132,0.395,0.368,0.038,0.172
3055,Knox,KY,Crude prevalence,29794,22837,,,,,,,,,,,,0.35600000000000004
3057,Knox,ME,Crude prevalence,40977,34148,0.345,0.36200000000000004,0.109,0.11900000000000001,0.081,0.086,0.254,0.11199999999999999,0.4,0.28800000000000003,0.039,0.177
3059,Knox,MO,Crude prevalence,3723,2854,0.34299999999999997,0.42,0.1,0.111,0.09699999999999999,0.124,0.252,0.151,0.41100000000000003,0.395,0.049,0.179
3061,Knox,NE,Crude prevalence,8298,6275,0.317,0.38799999999999996,0.11,0.095,0.08900000000000001,0.09,0.168,0.141,0.38,0.39799999999999996,0.045,0.193
3063,Knox,OH,Crude prevalence,63320,48925,0.309,0.375,0.096,0.11,0.075,0.085,0.257,0.126,0.376,0.371,0.036000000000000004,0.141
3065,Knox,TN,Crude prevalence,500669,396548,0.287,0.365,0.083,0.106,0.062,0.07400000000000001,0.307,0.12,0.361,0.335,0.032,0.084
3067,Knox,TX,Crude prevalence,3302,2408,0.28800000000000003,0.40299999999999997,0.085,0.10099999999999999,0.08199999999999999,0.087,0.226,0.156,0.397,0.37799999999999995,0.044000000000000004,0.18100000000000002
3069,Kodiak Island,AK,Crude prevalence,12565,9632,0.198,0.31,0.06,0.09300000000000001,0.054000000000000006,0.055,0.172,0.098,0.348,0.315,0.028999999999999998,0.124
3071,Koochiching,MN,Crude prevalence,11751,9706,0.294,0.39,0.113,0.10099999999999999,0.087,0.077,0.23399999999999999,0.134,0.375,0.37,0.043,0.102
3073,Kootenai,ID,Crude prevalence,185010,144057,0.293,0.301,0.094,0.107,0.067,0.07200000000000001,0.237,0.099,0.341,0.317,0.035,0.195
3075,Kosciusko,IN,Crude prevalence,80364,61628,0.299,0.39799999999999996,0.091,0.11,0.07200000000000001,0.085,0.252,0.13,0.397,0.387,0.035,0.157
3077,Kossuth,IA,Crude prevalence,14396,11208,0.311,0.38,0.11,0.098,0.084,0.08199999999999999,0.198,0.131,0.37799999999999995,0.382,0.040999999999999995,0.11
3079,Kusilvak,AK,Crude prevalence,8001,4640,0.256,0.385,0.048,0.147,0.085,0.11599999999999999,0.235,0.165,0.319,0.465,0.054000000000000006,0.37200000000000005
3081,La Crosse,WI,Crude prevalence,120486,97393,0.254,0.3,0.08199999999999999,0.11199999999999999,0.061,0.06,0.251,0.10099999999999999,0.34299999999999997,0.375,0.03,0.10400000000000001
3083,La Paz,AZ,Crude prevalence,16710,14156,0.39,0.46299999999999997,0.14400000000000002,0.106,0.133,0.125,0.179,0.175,0.434,0.332,0.068,0.184
3085,La Plata,CO,Crude prevalence,56407,46809,0.27,0.28600000000000003,0.096,0.111,0.062,0.062,0.21899999999999997,0.09300000000000001,0.332,0.209,0.032,0.071
3087,La Salle,TX,Crude prevalence,6537,5295,0.20600000000000002,0.336,0.049,0.087,0.069,0.068,0.195,0.155,0.35200000000000004,0.38799999999999996,0.038,0.225
3089,LaGrange,IN,Crude prevalence,40907,28068,0.28300000000000003,0.361,0.08,0.11900000000000001,0.07200000000000001,0.098,0.272,0.124,0.385,0.396,0.036000000000000004,0.18899999999999997
3091,LaMoure,ND,Crude prevalence,4096,3206,0.324,0.382,0.114,0.099,0.08800000000000001,0.08,0.188,0.125,0.39,0.344,0.042,0.162
3093,LaPorte,IN,Crude prevalence,111706,88166,0.316,0.41700000000000004,0.091,0.11,0.077,0.092,0.245,0.15,0.39299999999999996,0.37,0.039,0.155
3095,LaSalle,IL,Crude prevalence,108309,85477,0.29,0.364,0.09300000000000001,0.10300000000000001,0.073,0.08199999999999999,0.223,0.124,0.376,0.37799999999999995,0.037000000000000005,0.12
3097,LaSalle,LA,Crude prevalence,14800,11610,0.27399999999999997,0.384,0.075,0.09699999999999999,0.07,0.084,0.27,0.131,0.382,0.386,0.038,0.134
3099,Labette,KS,Crude prevalence,19728,14965,0.315,0.40399999999999997,0.09300000000000001,0.107,0.084,0.094,0.209,0.134,0.39,0.413,0.043,0.209
3101,Lac qui Parle,MN,Crude prevalence,6630,5192,0.28300000000000003,0.363,0.114,0.09699999999999999,0.083,0.07,0.223,0.122,0.376,0.34,0.04,0.106
3103,Lackawanna,PA,Crude prevalence,216123,172016,,,,,,,,,,,,0.162
3105,Laclede,MO,Crude prevalence,36680,27574,0.326,0.39799999999999996,0.092,0.111,0.086,0.111,0.259,0.14,0.402,0.385,0.045,0.196
3107,Lafayette,AR,Crude prevalence,6095,4961,0.369,0.526,0.091,0.114,0.11800000000000001,0.136,0.239,0.20600000000000002,0.434,0.46,0.067,0.354
3109,Lafayette,FL,Crude prevalence,8078,6495,0.28300000000000003,0.39399999999999996,0.08900000000000001,0.102,0.08800000000000001,0.106,0.193,0.146,0.408,0.34700000000000003,0.045,0.22899999999999998
3111,Lafayette,LA,Crude prevalence,249750,189467,0.263,0.391,0.07400000000000001,0.09699999999999999,0.065,0.07200000000000001,0.259,0.13,0.36700000000000005,0.345,0.036000000000000004,0.122
3113,Lafayette,MO,Crude prevalence,33196,25607,0.304,0.37,0.095,0.105,0.07200000000000001,0.085,0.24600000000000002,0.11800000000000001,0.40299999999999997,0.37,0.037000000000000005,0.109
3115,Lafayette,MS,Crude prevalence,58467,47706,0.23800000000000002,0.341,0.064,0.095,0.054000000000000006,0.062,0.205,0.109,0.345,0.344,0.031,0.17600000000000002
3117,Lafayette,WI,Crude prevalence,16945,12715,0.3,0.364,0.095,0.109,0.079,0.08,0.24,0.125,0.37200000000000005,0.419,0.039,0.11599999999999999
3119,Lafourche,LA,Crude prevalence,95056,73551,0.316,0.431,0.081,0.102,0.079,0.095,0.3,0.147,0.39799999999999996,0.47200000000000003,0.042,0.187
3121,Lake,CA,Crude prevalence,67878,52978,0.298,0.396,0.099,0.10800000000000001,0.08900000000000001,0.091,0.24,0.141,0.389,0.327,0.047,0.153
3123,Lake,CO,Crude prevalence,7365,5869,0.217,0.264,0.07400000000000001,0.102,0.049,0.047,0.21600000000000003,0.084,0.313,0.239,0.025,0.081
3125,Lake,FL,Crude prevalence,424462,344053,0.302,0.389,0.109,0.095,0.085,0.08,0.171,0.145,0.406,0.353,0.042,0.126
3127,Lake,IL,Crude prevalence,708760,546551,0.22,0.324,0.077,0.091,0.054000000000000006,0.054000000000000006,0.18100000000000002,0.11199999999999999,0.368,0.32899999999999996,0.028999999999999998,0.096
3129,Lake,IN,Crude prevalence,500598,385370,0.28300000000000003,0.39,0.078,0.115,0.071,0.084,0.203,0.151,0.354,0.39899999999999997,0.04,0.163
3131,Lake,MI,Crude prevalence,12734,10887,0.379,0.457,0.106,0.11699999999999999,0.109,0.134,0.264,0.172,0.40399999999999997,0.405,0.055999999999999994,0.188
3133,Lake,MN,Crude prevalence,10855,8819,0.294,0.358,0.113,0.098,0.084,0.07400000000000001,0.22899999999999998,0.125,0.37,0.354,0.042,0.12300000000000001
3135,Lake,MT,Crude prevalence,33338,26163,0.32799999999999996,0.364,0.10300000000000001,0.12,0.083,0.08800000000000001,0.249,0.122,0.335,0.33,0.045,0.16699999999999998
3137,Lake,OH,Crude prevalence,231640,187614,0.32,0.379,0.102,0.107,0.073,0.077,0.24600000000000002,0.129,0.363,0.369,0.035,0.122
3139,Lake,OR,Crude prevalence,8293,6626,0.344,0.406,0.107,0.12,0.094,0.1,0.262,0.147,0.377,0.377,0.047,0.121
3141,Lake,SD,Crude prevalence,11031,8766,0.281,0.358,0.107,0.09699999999999999,0.075,0.068,0.19399999999999998,0.12,0.363,0.325,0.036000000000000004,0.12
3143,Lake,TN,Crude prevalence,6347,5362,0.335,0.483,0.07200000000000001,0.11599999999999999,0.098,0.14300000000000002,0.292,0.19,0.401,0.47200000000000003,0.055999999999999994,0.31
3145,Lake and Peninsula,AK,Crude prevalence,1331,964,0.27,0.382,0.069,0.125,0.08199999999999999,0.091,0.2,0.146,0.345,0.39399999999999996,0.048,0.221
3147,Lake of the Woods,MN,Crude prevalence,3778,3059,0.29,0.37200000000000005,0.11,0.099,0.081,0.073,0.228,0.129,0.385,0.36200000000000004,0.04,0.109
3149,Lamar,AL,Crude prevalence,13661,10648,0.353,0.47700000000000004,0.099,0.10300000000000001,0.096,0.111,0.247,0.16699999999999998,0.451,0.408,0.051,0.213
3151,Lamar,GA,Crude prevalence,20401,16036,0.268,0.387,0.077,0.107,0.068,0.076,0.209,0.136,0.375,0.366,0.039,0.11900000000000001
3153,Lamar,MS,Crude prevalence,66217,50292,0.28,0.405,0.081,0.09300000000000001,0.064,0.071,0.213,0.124,0.384,0.387,0.036000000000000004,0.14300000000000002
3155,Lamar,TX,Crude prevalence,51127,38549,0.28800000000000003,0.39899999999999997,0.085,0.11,0.078,0.091,0.24600000000000002,0.14300000000000002,0.379,0.385,0.043,0.162
3157,Lamb,TX,Crude prevalence,12711,9252,0.261,0.382,0.07,0.096,0.079,0.079,0.214,0.166,0.386,0.4,0.042,0.175
3159,Lamoille,VT,Crude prevalence,26060,20919,0.28600000000000003,0.294,0.09300000000000001,0.113,0.06,0.062,0.275,0.083,0.297,0.292,0.031,0.083
3161,Lampasas,TX,Crude prevalence,23262,18331,0.284,0.385,0.09,0.102,0.075,0.079,0.23600000000000002,0.14,0.39399999999999996,0.35100000000000003,0.039,0.111
3163,Lancaster,NE,Crude prevalence,326716,254106,0.225,0.3,0.077,0.092,0.055,0.055,0.205,0.096,0.309,0.344,0.027999999999999997,0.133
3165,Lancaster,PA,Crude prevalence,558589,430649,,,,,,,,,,,,0.16399999999999998
3167,Lancaster,SC,Crude prevalence,108215,84913,0.299,0.373,0.096,0.094,0.071,0.075,0.221,0.141,0.405,0.361,0.039,0.16
3169,Lancaster,VA,Crude prevalence,10859,9249,0.39899999999999997,0.491,0.127,0.10800000000000001,0.10800000000000001,0.10300000000000001,0.207,0.18100000000000002,0.467,0.35100000000000003,0.055999999999999994,0.114
3171,Lander,NV,Crude prevalence,5769,4270,0.285,0.36,0.085,0.109,0.077,0.09,0.228,0.13,0.379,0.35100000000000003,0.040999999999999995,0.2
3173,Lane,KS,Crude prevalence,1529,1159,0.319,0.391,0.107,0.10099999999999999,0.083,0.083,0.204,0.131,0.39899999999999997,0.366,0.04,0.151
3175,Lane,OR,Crude prevalence,381181,315520,0.292,0.33299999999999996,0.095,0.122,0.068,0.075,0.27399999999999997,0.10800000000000001,0.354,0.34299999999999997,0.036000000000000004,0.10400000000000001
3177,Langlade,WI,Crude prevalence,19404,15739,0.332,0.392,0.105,0.11,0.09,0.092,0.218,0.141,0.4,0.371,0.045,0.133
3179,Lanier,GA,Crude prevalence,10452,7992,0.27899999999999997,0.415,0.07400000000000001,0.10800000000000001,0.079,0.09699999999999999,0.22,0.159,0.387,0.409,0.046,0.331
3181,Lapeer,MI,Crude prevalence,88977,71497,0.316,0.37200000000000005,0.1,0.114,0.076,0.09,0.262,0.11900000000000001,0.364,0.355,0.037000000000000005,0.161
3183,Laramie,WY,Crude prevalence,100984,78706,0.24600000000000002,0.303,0.086,0.10099999999999999,0.059000000000000004,0.066,0.21100000000000002,0.105,0.34299999999999997,0.33799999999999997,0.031,0.126
3185,Larimer,CO,Crude prevalence,370771,304158,0.22699999999999998,0.256,0.085,0.11199999999999999,0.051,0.052000000000000005,0.248,0.073,0.303,0.235,0.026000000000000002,0.07400000000000001
3187,Larue,KY,Crude prevalence,15303,11846,,,,,,,,,,,,0.18899999999999997
3189,Las Animas,CO,Crude prevalence,14348,11821,0.306,0.355,0.095,0.10800000000000001,0.085,0.08199999999999999,0.217,0.13699999999999998,0.364,0.325,0.044000000000000004,0.153
3191,Lassen,CA,Crude prevalence,28861,23438,0.239,0.337,0.077,0.10300000000000001,0.071,0.076,0.22899999999999998,0.115,0.345,0.342,0.038,0.12
3193,Latah,ID,Crude prevalence,41301,33280,0.228,0.281,0.07200000000000001,0.107,0.053,0.055,0.23399999999999999,0.078,0.29100000000000004,0.29,0.027000000000000003,0.098
3195,Latimer,OK,Crude prevalence,9526,7375,0.34600000000000003,0.451,0.092,0.126,0.106,0.121,0.262,0.17,0.42200000000000004,0.423,0.055,0.22699999999999998
3197,Lauderdale,AL,Crude prevalence,96814,78262,0.305,0.396,0.091,0.099,0.07400000000000001,0.08199999999999999,0.242,0.129,0.40299999999999997,0.35600000000000004,0.039,0.152
3199,Lauderdale,MS,Crude prevalence,70527,54144,0.32299999999999995,0.475,0.079,0.10300000000000001,0.084,0.09699999999999999,0.188,0.16699999999999998,0.389,0.42100000000000004,0.052000000000000005,0.182
3201,Lauderdale,TN,Crude prevalence,24610,19169,0.33399999999999996,0.455,0.075,0.11800000000000001,0.083,0.11199999999999999,0.27899999999999997,0.172,0.392,0.47200000000000003,0.049,0.18600000000000003
3203,Laurel,KY,Crude prevalence,63296,49023,,,,,,,,,,,,0.201
3205,Laurens,GA,Crude prevalence,49941,37550,0.307,0.45299999999999996,0.08,0.111,0.08199999999999999,0.094,0.203,0.16399999999999998,0.381,0.44,0.049,0.192
3207,Laurens,SC,Crude prevalence,68873,53894,0.314,0.405,0.086,0.10099999999999999,0.077,0.09,0.23399999999999999,0.156,0.392,0.363,0.045,0.184
3209,Lavaca,TX,Crude prevalence,20571,15741,0.303,0.406,0.098,0.10099999999999999,0.084,0.087,0.228,0.146,0.406,0.363,0.044000000000000004,0.09699999999999999
3211,Lawrence,AL,Crude prevalence,33502,26186,0.33399999999999996,0.44299999999999995,0.09,0.105,0.084,0.098,0.249,0.155,0.42700000000000005,0.395,0.046,0.214
3213,Lawrence,AR,Crude prevalence,16318,12703,0.32,0.43700000000000006,0.09300000000000001,0.107,0.09300000000000001,0.113,0.273,0.14400000000000002,0.40399999999999997,0.43700000000000006,0.047,0.18899999999999997
3215,Lawrence,IL,Crude prevalence,14813,12103,0.282,0.381,0.086,0.105,0.075,0.092,0.22,0.128,0.371,0.40700000000000003,0.04,0.209
3217,Lawrence,IN,Crude prevalence,45084,35554,0.32799999999999996,0.401,0.09699999999999999,0.114,0.079,0.095,0.248,0.139,0.4,0.42,0.039,0.16399999999999998
3219,Lawrence,KY,Crude prevalence,16000,12165,,,,,,,,,,,,0.287
3221,Lawrence,MO,Crude prevalence,38872,28920,0.315,0.391,0.09,0.109,0.084,0.107,0.257,0.13699999999999998,0.39299999999999996,0.401,0.043,0.218
3223,Lawrence,MS,Crude prevalence,11741,8893,0.34299999999999997,0.502,0.083,0.105,0.096,0.11800000000000001,0.20600000000000002,0.188,0.405,0.46299999999999997,0.057999999999999996,0.223
3225,Lawrence,OH,Crude prevalence,56118,44136,0.344,0.429,0.095,0.11699999999999999,0.086,0.106,0.27399999999999997,0.151,0.39899999999999997,0.41600000000000004,0.043,0.23
3227,Lawrence,PA,Crude prevalence,84472,67727,,,,,,,,,,,,0.14300000000000002
3229,Lawrence,SD,Crude prevalence,28053,23472,0.29,0.33,0.10800000000000001,0.1,0.076,0.071,0.204,0.114,0.358,0.327,0.038,0.131
3231,Lawrence,TN,Crude prevalence,46114,34552,0.34,0.42,0.091,0.113,0.085,0.11199999999999999,0.32,0.149,0.409,0.415,0.043,0.213
3233,Le Flore,OK,Crude prevalence,49596,37373,0.313,0.425,0.084,0.12300000000000001,0.091,0.10800000000000001,0.259,0.151,0.408,0.40299999999999997,0.047,0.18899999999999997
3235,Le Sueur,MN,Crude prevalence,29255,22562,0.244,0.32799999999999996,0.094,0.098,0.065,0.057999999999999996,0.235,0.109,0.33899999999999997,0.353,0.033,0.105
3237,Lea,NM,Crude prevalence,72101,51363,0.217,0.32299999999999995,0.055,0.096,0.062,0.063,0.217,0.12,0.327,0.37,0.034,0.17
3239,Leake,MS,Crude prevalence,21258,16198,0.318,0.479,0.077,0.10400000000000001,0.083,0.09699999999999999,0.192,0.17,0.395,0.428,0.051,0.22899999999999998
3241,Leavenworth,KS,Crude prevalence,83518,63836,0.259,0.32899999999999996,0.08199999999999999,0.1,0.06,0.06,0.209,0.10800000000000001,0.355,0.39799999999999996,0.03,0.10300000000000001
3243,Lebanon,PA,Crude prevalence,144252,111962,,,,,,,,,,,,0.124
3245,Lee,AL,Crude prevalence,183215,145050,0.25,0.375,0.068,0.10099999999999999,0.057999999999999996,0.064,0.23600000000000002,0.125,0.365,0.384,0.032,0.126
3247,Lee,AR,Crude prevalence,8201,6761,0.321,0.517,0.069,0.11,0.10099999999999999,0.11699999999999999,0.213,0.19699999999999998,0.397,0.469,0.063,0.249
3249,Lee,FL,Crude prevalence,834573,692259,0.307,0.396,0.11599999999999999,0.092,0.08900000000000001,0.08199999999999999,0.16899999999999998,0.145,0.41,0.304,0.043,0.11
3251,Lee,GA,Crude prevalence,33872,25370,0.247,0.368,0.07400000000000001,0.1,0.055,0.059000000000000004,0.20199999999999999,0.11800000000000001,0.366,0.392,0.032,0.146
3253,Lee,IA,Crude prevalence,32565,25623,0.312,0.377,0.1,0.102,0.08,0.086,0.20199999999999999,0.129,0.381,0.376,0.04,0.16
3255,Lee,IL,Crude prevalence,33654,27075,0.29,0.38,0.095,0.102,0.076,0.084,0.212,0.128,0.38,0.389,0.039,0.138
3257,Lee,KY,Crude prevalence,7293,6002,,,,,,,,,,,,0.364
3259,Lee,MS,Crude prevalence,82799,62227,0.28300000000000003,0.44299999999999995,0.078,0.098,0.066,0.073,0.201,0.139,0.39,0.364,0.038,0.099
3261,Lee,NC,Crude prevalence,67059,51479,0.28800000000000003,0.384,0.079,0.109,0.07200000000000001,0.08,0.244,0.135,0.37799999999999995,0.37799999999999995,0.04,0.162
3263,Lee,SC,Crude prevalence,15967,12947,0.319,0.483,0.07200000000000001,0.11,0.086,0.10400000000000001,0.21100000000000002,0.201,0.395,0.43700000000000006,0.059000000000000004,0.22
3265,Lee,TX,Crude prevalence,18240,14389,0.28800000000000003,0.406,0.084,0.10300000000000001,0.081,0.09,0.22899999999999998,0.154,0.396,0.39799999999999996,0.044000000000000004,0.215
3267,Lee,VA,Crude prevalence,21745,17770,0.35600000000000004,0.444,0.099,0.115,0.102,0.126,0.258,0.17300000000000001,0.43200000000000005,0.423,0.052000000000000005,0.243
3269,Leelanau,MI,Crude prevalence,23019,19453,0.35200000000000004,0.396,0.133,0.105,0.083,0.078,0.23600000000000002,0.122,0.402,0.317,0.038,0.07200000000000001
3271,Leflore,MS,Crude prevalence,26378,19118,0.317,0.515,0.06,0.113,0.085,0.106,0.17600000000000002,0.209,0.391,0.434,0.062,0.29100000000000004
3273,Lehigh,PA,Crude prevalence,377754,294023,,,,,,,,,,,,0.188
3275,Lemhi,ID,Crude prevalence,8441,6904,0.359,0.396,0.11699999999999999,0.10800000000000001,0.09300000000000001,0.092,0.21899999999999997,0.127,0.396,0.304,0.047,0.142
3277,Lenawee,MI,Crude prevalence,97520,77713,0.298,0.376,0.09699999999999999,0.113,0.076,0.08800000000000001,0.27699999999999997,0.124,0.376,0.406,0.038,0.085
3279,Lenoir,NC,Crude prevalence,54895,42399,0.33299999999999996,0.469,0.081,0.122,0.095,0.111,0.242,0.17800000000000002,0.39,0.424,0.057999999999999996,0.243
3281,Leon,FL,Crude prevalence,296913,242508,0.21600000000000003,0.326,0.07,0.105,0.055,0.059000000000000004,0.182,0.106,0.345,0.331,0.03,0.109
3283,Leon,TX,Crude prevalence,16538,12726,0.312,0.41600000000000004,0.09699999999999999,0.10400000000000001,0.08800000000000001,0.095,0.23199999999999998,0.153,0.40700000000000003,0.36200000000000004,0.046,0.121
3285,Leslie,KY,Crude prevalence,9864,7761,,,,,,,,,,,,0.261
3287,Letcher,KY,Crude prevalence,20423,16017,,,,,,,,,,,,0.319
3289,Levy,FL,Crude prevalence,46545,37523,0.335,0.426,0.10800000000000001,0.10300000000000001,0.099,0.11,0.19,0.161,0.42200000000000004,0.33799999999999997,0.05,0.152
3291,Lewis,ID,Crude prevalence,3739,2946,0.364,0.423,0.11199999999999999,0.113,0.10400000000000001,0.109,0.21899999999999997,0.151,0.401,0.35200000000000004,0.053,0.179
3293,Lewis,KY,Crude prevalence,12973,9997,,,,,,,,,,,,0.299
3295,Lewis,MO,Crude prevalence,9818,7755,0.304,0.37200000000000005,0.08900000000000001,0.11,0.079,0.099,0.258,0.127,0.371,0.366,0.040999999999999995,0.183
3297,Lewis,NY,Crude prevalence,26548,20528,0.312,0.363,0.1,0.11,0.077,0.086,0.209,0.11800000000000001,0.395,0.409,0.039,0.16
3299,Lewis,TN,Crude prevalence,13066,10217,0.35,0.42,0.09699999999999999,0.11199999999999999,0.086,0.111,0.302,0.149,0.41100000000000003,0.392,0.044000000000000004,0.175
3301,Lewis,WA,Crude prevalence,86154,67577,0.309,0.363,0.09699999999999999,0.113,0.07200000000000001,0.075,0.265,0.121,0.38799999999999996,0.39,0.039,0.14400000000000002
3303,Lewis,WV,Crude prevalence,16500,12975,0.39299999999999996,0.442,0.098,0.122,0.092,0.11599999999999999,0.31,0.16899999999999998,0.43200000000000005,0.40299999999999997,0.044000000000000004,0.19399999999999998
3305,Lewis and Clark,MT,Crude prevalence,75011,59205,0.308,0.306,0.09699999999999999,0.11199999999999999,0.06,0.063,0.258,0.09300000000000001,0.335,0.31,0.032,0.1
3307,Lexington,SC,Crude prevalence,309528,238788,0.278,0.371,0.086,0.092,0.062,0.069,0.244,0.12300000000000001,0.376,0.36200000000000004,0.035,0.099
3309,Lexington,VA,Crude prevalence,7528,6479,0.188,0.253,0.059000000000000004,0.107,0.044000000000000004,0.047,0.259,0.078,0.29600000000000004,0.29100000000000004,0.023,0.10099999999999999
3311,Liberty,FL,Crude prevalence,7706,6342,0.27899999999999997,0.395,0.081,0.10099999999999999,0.084,0.1,0.19,0.14300000000000002,0.382,0.445,0.043,0.19699999999999998
3313,Liberty,GA,Crude prevalence,69210,50108,0.205,0.34299999999999997,0.048,0.10300000000000001,0.048,0.055,0.19699999999999998,0.11599999999999999,0.322,0.32299999999999995,0.031,0.179
3315,Liberty,MT,Crude prevalence,1974,1533,0.34600000000000003,0.39399999999999996,0.10800000000000001,0.11900000000000001,0.096,0.109,0.249,0.131,0.36200000000000004,0.34,0.051,0.252
3317,Liberty,TX,Crude prevalence,108272,75346,0.23600000000000002,0.354,0.06,0.106,0.065,0.08,0.237,0.139,0.355,0.401,0.037000000000000005,0.235
3319,Licking,OH,Crude prevalence,183201,141689,0.301,0.355,0.091,0.109,0.068,0.076,0.258,0.129,0.371,0.375,0.034,0.14800000000000002
3321,Limestone,AL,Crude prevalence,114654,89453,0.29,0.40700000000000003,0.083,0.09699999999999999,0.064,0.069,0.237,0.125,0.40399999999999997,0.396,0.034,0.153
3323,Limestone,TX,Crude prevalence,22250,17239,0.295,0.419,0.084,0.105,0.084,0.09300000000000001,0.228,0.161,0.39,0.397,0.047,0.18899999999999997
3325,Lincoln,AR,Crude prevalence,12898,10904,0.262,0.43200000000000005,0.066,0.098,0.076,0.08800000000000001,0.22,0.138,0.371,0.426,0.042,0.255
3327,Lincoln,CO,Crude prevalence,5480,4374,0.273,0.326,0.08800000000000001,0.109,0.073,0.079,0.21600000000000003,0.10800000000000001,0.337,0.298,0.038,0.14300000000000002
3329,Lincoln,GA,Crude prevalence,7879,6351,0.345,0.47100000000000003,0.1,0.107,0.098,0.107,0.203,0.182,0.435,0.38,0.055,0.159
3331,Lincoln,ID,Crude prevalence,5450,4062,0.256,0.321,0.07400000000000001,0.106,0.067,0.073,0.217,0.115,0.332,0.342,0.035,0.215
3333,Lincoln,KS,Crude prevalence,2920,2286,0.33799999999999997,0.42,0.11,0.10099999999999999,0.094,0.096,0.20600000000000002,0.142,0.41,0.402,0.045,0.13
3335,Lincoln,KY,Crude prevalence,24776,18696,,,,,,,,,,,,0.262
3337,Lincoln,LA,Crude prevalence,47962,38485,0.255,0.389,0.061,0.10800000000000001,0.067,0.08,0.28,0.135,0.34,0.426,0.04,0.201
3339,Lincoln,ME,Crude prevalence,36507,30624,0.37200000000000005,0.38799999999999996,0.11900000000000001,0.121,0.084,0.086,0.265,0.11800000000000001,0.414,0.309,0.039,0.12
3341,Lincoln,MN,Crude prevalence,5521,4227,0.27399999999999997,0.358,0.107,0.099,0.079,0.071,0.231,0.12,0.355,0.366,0.04,0.113
3343,Lincoln,MO,Crude prevalence,64699,48548,0.276,0.34299999999999997,0.08199999999999999,0.106,0.063,0.079,0.249,0.111,0.365,0.39899999999999997,0.033,0.158
3345,Lincoln,MS,Crude prevalence,34702,26720,0.305,0.45299999999999996,0.08199999999999999,0.099,0.078,0.092,0.198,0.157,0.4,0.405,0.046,0.193
3347,Lincoln,MT,Crude prevalence,21895,18010,0.382,0.426,0.11699999999999999,0.114,0.099,0.107,0.245,0.14,0.385,0.37799999999999995,0.051,0.16
3349,Lincoln,NC,Crude prevalence,95675,76148,0.295,0.376,0.094,0.106,0.07,0.076,0.251,0.115,0.377,0.35,0.036000000000000004,0.12
3351,Lincoln,NE,Crude prevalence,33365,25829,0.281,0.375,0.095,0.09699999999999999,0.08,0.08,0.18899999999999997,0.129,0.354,0.401,0.04,0.095
3353,Lincoln,NM,Crude prevalence,20029,16497,0.32899999999999996,0.413,0.111,0.096,0.096,0.085,0.22399999999999998,0.14400000000000002,0.386,0.3,0.047,0.125
3355,Lincoln,NV,Crude prevalence,4452,3519,0.307,0.37,0.106,0.10400000000000001,0.079,0.083,0.212,0.11800000000000001,0.406,0.316,0.04,0.10099999999999999
3357,Lincoln,OK,Crude prevalence,34562,26523,0.32299999999999995,0.433,0.092,0.11699999999999999,0.086,0.098,0.255,0.141,0.408,0.441,0.043,0.14
3359,Lincoln,OR,Crude prevalence,50821,43034,0.36200000000000004,0.41600000000000004,0.124,0.124,0.095,0.098,0.265,0.149,0.397,0.35700000000000004,0.047,0.161
3361,Lincoln,SD,Crude prevalence,73238,54161,0.22,0.289,0.08800000000000001,0.095,0.051,0.048,0.19699999999999998,0.08800000000000001,0.311,0.349,0.026000000000000002,0.11900000000000001
3363,Lincoln,TN,Crude prevalence,36169,28065,0.344,0.42100000000000004,0.095,0.109,0.08,0.1,0.28300000000000003,0.14800000000000002,0.41200000000000003,0.405,0.042,0.152
3365,Lincoln,WA,Crude prevalence,11738,9253,0.33399999999999996,0.36700000000000005,0.115,0.11199999999999999,0.081,0.073,0.23,0.11699999999999999,0.39299999999999996,0.376,0.040999999999999995,0.057
3367,Lincoln,WI,Crude prevalence,28405,23357,0.33399999999999996,0.384,0.10099999999999999,0.11,0.085,0.085,0.239,0.131,0.385,0.428,0.040999999999999995,0.135
3369,Lincoln,WV,Crude prevalence,19701,15393,0.418,0.47200000000000003,0.098,0.129,0.10400000000000001,0.138,0.325,0.185,0.434,0.456,0.051,0.26899999999999996
3371,Lincoln,WY,Crude prevalence,20880,15709,0.268,0.345,0.09699999999999999,0.1,0.068,0.073,0.19899999999999998,0.114,0.345,0.354,0.035,0.131
3373,Linn,IA,Crude prevalence,228972,177999,0.265,0.313,0.087,0.10300000000000001,0.062,0.065,0.231,0.11199999999999999,0.341,0.354,0.031,0.128
3375,Linn,KS,Crude prevalence,9860,7693,0.314,0.374,0.10099999999999999,0.102,0.08,0.084,0.20199999999999999,0.125,0.39299999999999996,0.37200000000000005,0.039,0.171
3377,Linn,MO,Crude prevalence,11791,9017,0.327,0.39299999999999996,0.1,0.107,0.085,0.10400000000000001,0.251,0.135,0.40299999999999997,0.35700000000000004,0.043,0.2
3379,Linn,OR,Crude prevalence,131496,102778,0.317,0.344,0.09300000000000001,0.125,0.071,0.08,0.305,0.12,0.331,0.401,0.037000000000000005,0.098
3381,Lipscomb,TX,Crude prevalence,2906,2179,0.27899999999999997,0.386,0.087,0.098,0.08,0.083,0.22,0.14800000000000002,0.39299999999999996,0.36700000000000005,0.040999999999999995,0.11699999999999999
3383,Little River,AR,Crude prevalence,11805,9237,0.33,0.46299999999999997,0.092,0.107,0.092,0.102,0.245,0.157,0.408,0.413,0.049,0.243
3385,Live Oak,TX,Crude prevalence,11584,9407,0.268,0.4,0.076,0.096,0.085,0.087,0.214,0.162,0.38799999999999996,0.397,0.044000000000000004,0.252
3387,Livingston,IL,Crude prevalence,35320,27580,0.287,0.366,0.09300000000000001,0.105,0.073,0.084,0.22,0.122,0.377,0.359,0.038,0.133
3389,Livingston,KY,Crude prevalence,8892,7071,,,,,,,,,,,,0.19
3391,Livingston,LA,Crude prevalence,150145,111845,0.284,0.401,0.078,0.099,0.066,0.078,0.29600000000000004,0.127,0.384,0.389,0.034,0.141
3393,Livingston,MI,Crude prevalence,196757,157470,0.284,0.32299999999999995,0.10300000000000001,0.11,0.062,0.068,0.253,0.09699999999999999,0.359,0.32299999999999995,0.03,0.111
3395,Livingston,MO,Crude prevalence,14557,11376,0.316,0.38299999999999995,0.094,0.11,0.078,0.09699999999999999,0.261,0.126,0.384,0.39399999999999996,0.040999999999999995,0.154
3397,Livingston,NY,Crude prevalence,61158,50385,0.27899999999999997,0.337,0.096,0.11,0.066,0.071,0.20800000000000002,0.10099999999999999,0.377,0.308,0.034,0.11199999999999999
3399,Llano,TX,Crude prevalence,22875,19317,0.355,0.44799999999999995,0.128,0.098,0.1,0.095,0.215,0.157,0.447,0.358,0.049,0.204
3401,Logan,AR,Crude prevalence,21400,16752,0.33,0.449,0.096,0.105,0.09,0.10400000000000001,0.258,0.14400000000000002,0.413,0.381,0.045,0.19399999999999998
3403,Logan,CO,Crude prevalence,20619,16878,0.27399999999999997,0.336,0.087,0.114,0.075,0.084,0.23600000000000002,0.11199999999999999,0.33899999999999997,0.297,0.04,0.18100000000000002
3405,Logan,IL,Crude prevalence,27590,22260,0.27399999999999997,0.35600000000000004,0.08900000000000001,0.10400000000000001,0.069,0.079,0.222,0.11599999999999999,0.363,0.385,0.036000000000000004,0.16
3407,Logan,KS,Crude prevalence,2665,1984,0.294,0.37200000000000005,0.096,0.10099999999999999,0.079,0.084,0.212,0.125,0.38,0.39799999999999996,0.039,0.142
3409,Logan,KY,Crude prevalence,28283,21446,,,,,,,,,,,,0.214
3411,Logan,ND,Crude prevalence,1869,1414,0.33,0.405,0.114,0.102,0.096,0.08900000000000001,0.19699999999999998,0.132,0.386,0.39799999999999996,0.046,0.113
3413,Logan,NE,Crude prevalence,655,518,0.297,0.38799999999999996,0.114,0.08900000000000001,0.078,0.071,0.162,0.12,0.364,0.359,0.038,0.042
3415,Logan,OH,Crude prevalence,46057,35588,0.326,0.39,0.096,0.11,0.08,0.092,0.254,0.14,0.379,0.39299999999999996,0.039,0.175
3417,Logan,OK,Crude prevalence,53029,41523,0.28600000000000003,0.39799999999999996,0.084,0.11199999999999999,0.069,0.07400000000000001,0.245,0.12,0.391,0.402,0.035,0.135
3419,Logan,WV,Crude prevalence,30827,24401,0.418,0.478,0.099,0.127,0.102,0.135,0.34299999999999997,0.182,0.452,0.45,0.05,0.247
3421,Long,GA,Crude prevalence,19594,14123,0.22699999999999998,0.361,0.055999999999999994,0.106,0.054000000000000006,0.067,0.213,0.124,0.34,0.384,0.033,0.14
3423,Lonoke,AR,Crude prevalence,75944,57386,0.276,0.39,0.081,0.10300000000000001,0.065,0.075,0.258,0.113,0.39,0.361,0.033,0.129
3425,Lorain,OH,Crude prevalence,317910,249779,0.32,0.38799999999999996,0.09300000000000001,0.11,0.076,0.08199999999999999,0.252,0.142,0.387,0.368,0.037000000000000005,0.085
3427,Los Alamos,NM,Crude prevalence,19444,15411,0.223,0.28,0.086,0.08800000000000001,0.049,0.037000000000000005,0.205,0.08,0.327,0.254,0.024,0.043
3429,Los Angeles,CA,Crude prevalence,9663345,7710575,0.198,0.302,0.057,0.091,0.053,0.049,0.19,0.126,0.369,0.265,0.032,0.122
3431,Loudon,TN,Crude prevalence,60591,49273,0.366,0.44799999999999995,0.115,0.10300000000000001,0.09,0.099,0.267,0.151,0.436,0.364,0.043,0.13699999999999998
3433,Loudoun,VA,Crude prevalence,436347,322393,0.209,0.298,0.066,0.08900000000000001,0.042,0.037000000000000005,0.184,0.095,0.363,0.281,0.022000000000000002,0.073
3435,Louisa,IA,Crude prevalence,10513,8288,0.29,0.363,0.092,0.098,0.07400000000000001,0.077,0.196,0.128,0.373,0.402,0.037000000000000005,0.11199999999999999
3437,Louisa,VA,Crude prevalence,41037,32859,0.314,0.4,0.09300000000000001,0.109,0.075,0.081,0.23,0.141,0.414,0.36700000000000005,0.04,0.135
3439,Loup,NE,Crude prevalence,592,479,0.315,0.401,0.12,0.08800000000000001,0.087,0.078,0.159,0.135,0.382,0.364,0.042,0.133
3441,Love,OK,Crude prevalence,10296,7849,0.304,0.41600000000000004,0.086,0.114,0.085,0.09300000000000001,0.248,0.14400000000000002,0.39799999999999996,0.38799999999999996,0.043,0.218
3443,Lower Connecticut River Valley,CT,Crude prevalence,176215,147247,0.27899999999999997,0.335,0.099,0.107,0.061,0.055999999999999994,0.22399999999999998,0.094,0.389,0.29,0.032,0.08199999999999999
3445,Lowndes,AL,Crude prevalence,9717,7570,0.36700000000000005,0.565,0.071,0.11699999999999999,0.10400000000000001,0.12300000000000001,0.209,0.24100000000000002,0.43,0.512,0.07200000000000001,0.275
3447,Lowndes,GA,Crude prevalence,120712,91064,0.239,0.359,0.062,0.107,0.06,0.07,0.205,0.129,0.33899999999999997,0.387,0.037000000000000005,0.16
3449,Lowndes,MS,Crude prevalence,57283,43676,0.28600000000000003,0.451,0.075,0.10099999999999999,0.07200000000000001,0.08,0.19,0.155,0.373,0.375,0.045,0.158
3451,Lubbock,TX,Crude prevalence,320940,245983,0.207,0.303,0.061,0.098,0.054000000000000006,0.057999999999999996,0.22699999999999998,0.114,0.337,0.354,0.03,0.09699999999999999
3453,Lucas,IA,Crude prevalence,8747,6665,0.32,0.397,0.10099999999999999,0.10300000000000001,0.087,0.096,0.21100000000000002,0.139,0.384,0.39799999999999996,0.043,0.165
3455,Lucas,OH,Crude prevalence,425484,329145,0.306,0.37200000000000005,0.08199999999999999,0.113,0.075,0.086,0.262,0.14,0.358,0.361,0.039,0.17
3457,Luce,MI,Crude prevalence,6435,5396,0.322,0.41700000000000004,0.098,0.11199999999999999,0.08900000000000001,0.10099999999999999,0.24600000000000002,0.141,0.374,0.409,0.045,0.146
3459,Lumpkin,GA,Crude prevalence,35258,29477,0.254,0.337,0.084,0.1,0.065,0.07200000000000001,0.225,0.115,0.366,0.289,0.033,0.124
3461,Luna,NM,Crude prevalence,25316,18862,0.282,0.39,0.07200000000000001,0.099,0.10099999999999999,0.095,0.226,0.177,0.381,0.35700000000000004,0.053,0.223
3463,Lunenburg,VA,Crude prevalence,12038,9653,0.33799999999999997,0.46,0.086,0.11599999999999999,0.095,0.106,0.228,0.18899999999999997,0.42,0.461,0.055,0.18100000000000002
3465,Luzerne,PA,Crude prevalence,327388,260845,,,,,,,,,,,,0.17
3467,Lycoming,PA,Crude prevalence,112724,89871,,,,,,,,,,,,0.131
3469,Lyman,SD,Crude prevalence,3705,2689,0.295,0.387,0.092,0.113,0.092,0.095,0.20800000000000002,0.158,0.359,0.401,0.048,0.243
3471,Lynchburg,VA,Crude prevalence,79535,64016,0.231,0.325,0.062,0.11699999999999999,0.054000000000000006,0.062,0.249,0.11,0.32799999999999996,0.364,0.032,0.182
3473,Lynn,TX,Crude prevalence,5761,4156,0.257,0.375,0.07200000000000001,0.099,0.075,0.08,0.22899999999999998,0.152,0.379,0.386,0.04,0.174
3475,Lyon,IA,Crude prevalence,12324,8896,0.29100000000000004,0.373,0.099,0.10300000000000001,0.07200000000000001,0.073,0.21,0.11800000000000001,0.376,0.42200000000000004,0.035,0.094
3477,Lyon,KS,Crude prevalence,32172,24980,0.25,0.34,0.07200000000000001,0.1,0.066,0.07200000000000001,0.215,0.115,0.363,0.37799999999999995,0.033,0.168
3479,Lyon,KY,Crude prevalence,9187,7902,,,,,,,,,,,,0.14800000000000002
3481,Lyon,MN,Crude prevalence,25427,18733,0.24100000000000002,0.318,0.087,0.1,0.066,0.062,0.228,0.11,0.331,0.379,0.034,0.1
3483,Lyon,NV,Crude prevalence,62583,49698,0.27899999999999997,0.375,0.095,0.10800000000000001,0.075,0.085,0.214,0.12300000000000001,0.395,0.35200000000000004,0.039,0.161
3485,Mackinac,MI,Crude prevalence,10851,9233,0.379,0.43200000000000005,0.11599999999999999,0.12,0.10400000000000001,0.11699999999999999,0.259,0.16399999999999998,0.405,0.41200000000000003,0.052000000000000005,0.09300000000000001
3487,Macomb,MI,Crude prevalence,875101,695938,0.3,0.377,0.09,0.113,0.068,0.08199999999999999,0.26,0.114,0.377,0.375,0.035,0.099
3489,Macon,AL,Crude prevalence,18370,15322,0.317,0.506,0.063,0.11699999999999999,0.08199999999999999,0.08800000000000001,0.207,0.2,0.39399999999999996,0.467,0.057,0.251
3491,Macon,GA,Crude prevalence,11817,9723,0.307,0.494,0.066,0.11199999999999999,0.095,0.113,0.18100000000000002,0.21100000000000002,0.389,0.43799999999999994,0.063,0.35700000000000004
3493,Macon,IL,Crude prevalence,100591,77904,0.297,0.392,0.092,0.10800000000000001,0.075,0.085,0.217,0.133,0.386,0.42100000000000004,0.040999999999999995,0.14800000000000002
3495,Macon,MO,Crude prevalence,15161,11647,0.327,0.391,0.102,0.10400000000000001,0.08199999999999999,0.09300000000000001,0.237,0.129,0.397,0.344,0.040999999999999995,0.183
3497,Macon,NC,Crude prevalence,38412,31394,0.345,0.435,0.115,0.106,0.096,0.10099999999999999,0.254,0.142,0.418,0.353,0.047,0.11900000000000001
3499,Macon,TN,Crude prevalence,26793,20137,0.32299999999999995,0.39399999999999996,0.084,0.113,0.079,0.109,0.307,0.146,0.392,0.431,0.040999999999999995,0.268
3501,Macoupin,IL,Crude prevalence,44018,35091,0.304,0.382,0.099,0.106,0.077,0.091,0.22899999999999998,0.128,0.386,0.37,0.04,0.139
3503,Madera,CA,Crude prevalence,162858,118944,0.23600000000000002,0.332,0.063,0.10400000000000001,0.07,0.07200000000000001,0.218,0.135,0.344,0.365,0.039,0.192
3505,Madison,AL,Crude prevalence,412600,324132,0.276,0.386,0.078,0.094,0.057999999999999996,0.057999999999999996,0.21600000000000003,0.121,0.387,0.39899999999999997,0.032,0.10800000000000001
3507,Madison,AR,Crude prevalence,17775,13547,0.324,0.441,0.092,0.10400000000000001,0.09,0.105,0.256,0.139,0.405,0.408,0.044000000000000004,0.19899999999999998
3509,Madison,FL,Crude prevalence,18519,15063,0.32,0.439,0.09,0.109,0.094,0.111,0.18600000000000003,0.168,0.41600000000000004,0.38,0.055,0.188
3511,Madison,GA,Crude prevalence,32191,24680,0.292,0.4,0.086,0.105,0.08,0.095,0.223,0.147,0.39899999999999997,0.381,0.043,0.165
3513,Madison,IA,Crude prevalence,16971,12791,0.26899999999999996,0.335,0.092,0.098,0.062,0.064,0.203,0.105,0.36200000000000004,0.37200000000000005,0.031,0.075
3515,Madison,ID,Crude prevalence,54547,43341,0.127,0.17300000000000001,0.034,0.121,0.03,0.044000000000000004,0.27899999999999997,0.049,0.212,0.262,0.017,0.21
3517,Madison,IL,Crude prevalence,262752,207550,0.27899999999999997,0.355,0.08900000000000001,0.105,0.064,0.07200000000000001,0.222,0.11199999999999999,0.36200000000000004,0.387,0.034,0.081
3519,Madison,IN,Crude prevalence,132504,104288,0.318,0.406,0.08800000000000001,0.115,0.075,0.092,0.268,0.14,0.39899999999999997,0.364,0.038,0.179
3521,Madison,KY,Crude prevalence,96735,76250,,,,,,,,,,,,0.12300000000000001
3523,Madison,LA,Crude prevalence,9246,6887,0.35200000000000004,0.534,0.068,0.121,0.105,0.135,0.263,0.226,0.41200000000000003,0.499,0.07,0.31
3525,Madison,MO,Crude prevalence,12698,9847,0.319,0.386,0.095,0.107,0.079,0.098,0.254,0.132,0.38799999999999996,0.377,0.040999999999999995,0.196
3527,Madison,MS,Crude prevalence,112511,85633,0.259,0.40299999999999997,0.076,0.09300000000000001,0.057,0.057999999999999996,0.177,0.124,0.35700000000000004,0.363,0.034,0.081
3529,Madison,MT,Crude prevalence,9521,8033,0.32799999999999996,0.358,0.11599999999999999,0.105,0.077,0.073,0.21600000000000003,0.106,0.364,0.287,0.038,0.076
3531,Madison,NC,Crude prevalence,22071,18349,0.304,0.38299999999999995,0.10099999999999999,0.107,0.076,0.081,0.258,0.11599999999999999,0.379,0.34600000000000003,0.038,0.18899999999999997
3533,Madison,NE,Crude prevalence,35627,26650,0.245,0.35100000000000003,0.087,0.094,0.067,0.067,0.162,0.11800000000000001,0.355,0.4,0.034,0.153
3535,Madison,NY,Crude prevalence,66921,54640,0.287,0.337,0.098,0.11,0.067,0.071,0.21100000000000002,0.10300000000000001,0.382,0.364,0.034,0.136
3537,Madison,OH,Crude prevalence,44602,35840,0.287,0.375,0.086,0.106,0.068,0.078,0.247,0.124,0.36200000000000004,0.373,0.034,0.168
3539,Madison,TN,Crude prevalence,99193,77007,0.319,0.43700000000000006,0.078,0.115,0.077,0.091,0.26899999999999996,0.162,0.368,0.43799999999999994,0.043,0.184
3541,Madison,TX,Crude prevalence,13742,10656,0.237,0.361,0.065,0.10099999999999999,0.067,0.076,0.22,0.131,0.35200000000000004,0.371,0.038,0.212
3543,Madison,VA,Crude prevalence,14128,11351,0.32,0.39399999999999996,0.10099999999999999,0.10800000000000001,0.078,0.08199999999999999,0.23399999999999999,0.13699999999999998,0.41600000000000004,0.37799999999999995,0.04,0.11199999999999999
3545,Magoffin,KY,Crude prevalence,11228,8684,,,,,,,,,,,,0.355
3547,Mahaska,IA,Crude prevalence,21874,16738,0.28600000000000003,0.36,0.092,0.10099999999999999,0.07200000000000001,0.078,0.21100000000000002,0.11699999999999999,0.361,0.386,0.036000000000000004,0.168
3549,Mahnomen,MN,Crude prevalence,5280,3646,0.29,0.381,0.08800000000000001,0.125,0.09699999999999999,0.102,0.266,0.168,0.35100000000000003,0.43799999999999994,0.053,0.228
3551,Mahoning,OH,Crude prevalence,225596,179979,0.342,0.402,0.09699999999999999,0.11,0.084,0.095,0.245,0.14800000000000002,0.37799999999999995,0.386,0.043,0.20199999999999999
3553,Major,OK,Crude prevalence,7581,5641,0.319,0.408,0.09699999999999999,0.11,0.084,0.091,0.242,0.133,0.408,0.419,0.040999999999999995,0.18600000000000003
3555,Malheur,OR,Crude prevalence,32044,23797,0.28300000000000003,0.363,0.08,0.11699999999999999,0.078,0.086,0.248,0.139,0.34700000000000003,0.41200000000000003,0.04,0.268
3557,Manassas,VA,Crude prevalence,42696,31215,0.212,0.309,0.055999999999999994,0.09699999999999999,0.049,0.05,0.2,0.12,0.361,0.358,0.027000000000000003,0.154
3559,Manassas Park,VA,Crude prevalence,16361,12682,0.217,0.331,0.049,0.098,0.053,0.055,0.204,0.138,0.36200000000000004,0.386,0.03,0.11199999999999999
3561,Manatee,FL,Crude prevalence,441095,365149,0.301,0.395,0.11800000000000001,0.091,0.08800000000000001,0.083,0.174,0.14,0.42700000000000005,0.321,0.042,0.1
3563,Manistee,MI,Crude prevalence,25562,21306,0.35100000000000003,0.408,0.115,0.114,0.091,0.102,0.262,0.13699999999999998,0.389,0.366,0.044000000000000004,0.11
3565,Manitowoc,WI,Crude prevalence,81331,65081,0.299,0.369,0.098,0.107,0.077,0.077,0.21600000000000003,0.122,0.361,0.391,0.038,0.151
3567,Marathon,WI,Crude prevalence,138612,107632,0.27,0.344,0.091,0.102,0.069,0.067,0.24,0.109,0.37,0.363,0.034,0.055
3569,Marengo,AL,Crude prevalence,18684,14502,0.35,0.515,0.08,0.11,0.09,0.099,0.223,0.198,0.44299999999999995,0.431,0.055,0.20199999999999999
3571,Maricopa,AZ,Crude prevalence,4585871,3572375,0.235,0.308,0.083,0.1,0.057,0.057,0.18600000000000003,0.106,0.365,0.304,0.03,0.14
3573,Maries,MO,Crude prevalence,8430,6697,0.33399999999999996,0.401,0.10099999999999999,0.107,0.085,0.10300000000000001,0.252,0.136,0.401,0.382,0.043,0.13
3575,Marin,CA,Crude prevalence,254407,206190,0.256,0.326,0.105,0.094,0.064,0.053,0.20600000000000002,0.102,0.373,0.213,0.032,0.06
3577,Marinette,WI,Crude prevalence,42106,34244,0.322,0.382,0.107,0.109,0.087,0.085,0.23199999999999998,0.139,0.39,0.37799999999999995,0.042,0.135
3579,Marion,AL,Crude prevalence,29244,23108,0.348,0.45899999999999996,0.1,0.102,0.094,0.10800000000000001,0.257,0.155,0.442,0.424,0.048,0.177
3581,Marion,AR,Crude prevalence,17514,14236,0.374,0.46299999999999997,0.11599999999999999,0.10300000000000001,0.113,0.121,0.248,0.16399999999999998,0.43799999999999994,0.379,0.054000000000000006,0.214
3583,Marion,FL,Crude prevalence,409959,333326,0.321,0.409,0.114,0.098,0.09699999999999999,0.098,0.19,0.149,0.414,0.364,0.048,0.195
3585,Marion,GA,Crude prevalence,7440,5938,0.33,0.465,0.08900000000000001,0.10800000000000001,0.094,0.105,0.204,0.187,0.429,0.386,0.055,0.244
3587,Marion,IA,Crude prevalence,33770,25965,0.273,0.345,0.09699999999999999,0.096,0.065,0.064,0.21,0.105,0.35100000000000003,0.39399999999999996,0.032,0.09699999999999999
3589,Marion,IL,Crude prevalence,36673,28035,0.307,0.385,0.096,0.10800000000000001,0.079,0.095,0.235,0.133,0.38,0.395,0.040999999999999995,0.183
3591,Marion,IN,Crude prevalence,968460,727834,0.252,0.382,0.066,0.11800000000000001,0.059000000000000004,0.073,0.255,0.13,0.358,0.38299999999999995,0.035,0.171
3593,Marion,KS,Crude prevalence,11690,9217,0.297,0.377,0.10099999999999999,0.1,0.08,0.08199999999999999,0.20800000000000002,0.122,0.386,0.387,0.039,0.106
3595,Marion,KY,Crude prevalence,19834,15144,,,,,,,,,,,,0.249
3597,Marion,MO,Crude prevalence,28336,21790,0.308,0.382,0.09300000000000001,0.106,0.075,0.091,0.25,0.128,0.373,0.396,0.039,0.175
3599,Marion,MS,Crude prevalence,24224,18622,0.33799999999999997,0.48,0.08199999999999999,0.10300000000000001,0.08800000000000001,0.106,0.204,0.172,0.40299999999999997,0.435,0.053,0.25
3601,Marion,OH,Crude prevalence,64851,50931,0.32799999999999996,0.413,0.091,0.109,0.083,0.1,0.273,0.14800000000000002,0.38799999999999996,0.442,0.040999999999999995,0.191
3603,Marion,OR,Crude prevalence,346741,266110,0.271,0.33299999999999996,0.08,0.122,0.065,0.07200000000000001,0.272,0.125,0.344,0.434,0.035,0.11599999999999999
3605,Marion,SC,Crude prevalence,28508,22259,0.344,0.496,0.077,0.113,0.095,0.11800000000000001,0.21600000000000003,0.22,0.39399999999999996,0.45299999999999996,0.064,0.22699999999999998
3607,Marion,TN,Crude prevalence,29382,23402,0.36200000000000004,0.44,0.09699999999999999,0.114,0.092,0.11900000000000001,0.304,0.162,0.414,0.406,0.047,0.205
3609,Marion,TX,Crude prevalence,9571,7838,0.34299999999999997,0.46799999999999997,0.1,0.11,0.10099999999999999,0.11199999999999999,0.231,0.18100000000000002,0.425,0.391,0.055999999999999994,0.14800000000000002
3611,Marion,WV,Crude prevalence,55807,44759,0.361,0.419,0.092,0.122,0.079,0.09300000000000001,0.303,0.147,0.41700000000000004,0.42100000000000004,0.037000000000000005,0.195
3613,Mariposa,CA,Crude prevalence,16919,13883,0.317,0.39,0.115,0.10300000000000001,0.091,0.084,0.226,0.135,0.406,0.305,0.046,0.158
3615,Marlboro,SC,Crude prevalence,25704,20526,0.319,0.491,0.073,0.11,0.09,0.114,0.218,0.205,0.408,0.41,0.06,0.31
3617,Marquette,MI,Crude prevalence,66999,55244,0.281,0.34,0.09300000000000001,0.115,0.069,0.078,0.278,0.106,0.337,0.364,0.033,0.098
3619,Marquette,WI,Crude prevalence,15838,12855,0.335,0.406,0.107,0.11,0.09300000000000001,0.095,0.233,0.146,0.39799999999999996,0.434,0.046,0.114
3621,Marshall,AL,Crude prevalence,100756,74538,0.308,0.41700000000000004,0.09,0.098,0.078,0.09,0.254,0.145,0.425,0.376,0.04,0.222
3623,Marshall,IA,Crude prevalence,40014,29881,0.267,0.34700000000000003,0.085,0.095,0.071,0.07200000000000001,0.19399999999999998,0.127,0.364,0.441,0.036000000000000004,0.16699999999999998
3625,Marshall,IL,Crude prevalence,11683,9285,0.314,0.389,0.105,0.10400000000000001,0.081,0.08900000000000001,0.225,0.13,0.39799999999999996,0.386,0.040999999999999995,0.115
3627,Marshall,IN,Crude prevalence,46352,35175,0.308,0.401,0.091,0.111,0.079,0.094,0.258,0.14,0.41200000000000003,0.43200000000000005,0.039,0.155
3629,Marshall,KS,Crude prevalence,9933,7549,0.31,0.389,0.102,0.102,0.086,0.091,0.212,0.13,0.39299999999999996,0.374,0.042,0.14
3631,Marshall,KY,Crude prevalence,31744,25459,,,,,,,,,,,,0.12300000000000001
3633,Marshall,MN,Crude prevalence,8810,6782,0.278,0.361,0.10300000000000001,0.099,0.078,0.07,0.233,0.121,0.369,0.39,0.039,0.124
3635,Marshall,MS,Crude prevalence,34123,27051,0.332,0.493,0.075,0.10400000000000001,0.087,0.105,0.19399999999999998,0.185,0.40700000000000003,0.419,0.055999999999999994,0.22
3637,Marshall,OK,Crude prevalence,15970,12272,0.32899999999999996,0.439,0.095,0.11599999999999999,0.096,0.105,0.24600000000000002,0.157,0.42,0.39399999999999996,0.048,0.19399999999999998
3639,Marshall,SD,Crude prevalence,4390,3294,0.295,0.36,0.107,0.098,0.078,0.073,0.191,0.127,0.368,0.359,0.039,0.1
3641,Marshall,TN,Crude prevalence,36961,28299,0.314,0.39899999999999997,0.085,0.11,0.071,0.091,0.301,0.136,0.387,0.4,0.037000000000000005,0.16899999999999998
3643,Marshall,WV,Crude prevalence,29405,23911,0.401,0.457,0.106,0.12,0.094,0.111,0.299,0.16399999999999998,0.42700000000000005,0.375,0.044000000000000004,0.213
3645,Martin,FL,Crude prevalence,163315,137320,0.324,0.37,0.133,0.092,0.094,0.085,0.171,0.136,0.44799999999999995,0.27,0.044000000000000004,0.076
3647,Martin,IN,Crude prevalence,9897,7723,0.32899999999999996,0.415,0.099,0.115,0.086,0.10300000000000001,0.257,0.146,0.415,0.391,0.042,0.17600000000000002
3649,Martin,KY,Crude prevalence,10928,8828,,,,,,,,,,,,0.327
3651,Martin,MN,Crude prevalence,19657,15122,0.27399999999999997,0.35100000000000003,0.106,0.099,0.083,0.075,0.23,0.13,0.366,0.363,0.040999999999999995,0.09
3653,Martin,NC,Crude prevalence,21447,17125,0.348,0.475,0.09,0.12,0.095,0.106,0.23800000000000002,0.17800000000000002,0.405,0.40399999999999997,0.057999999999999996,0.24600000000000002
3655,Martin,TX,Crude prevalence,5216,3571,0.21600000000000003,0.32299999999999995,0.061,0.096,0.055,0.06,0.222,0.121,0.348,0.36,0.03,0.127
3657,Martinsville,VA,Crude prevalence,13763,9946,0.32299999999999995,0.449,0.073,0.125,0.084,0.102,0.23199999999999998,0.18600000000000003,0.395,0.449,0.053,0.201
3659,Mason,IL,Crude prevalence,12523,10018,0.316,0.391,0.10300000000000001,0.105,0.083,0.094,0.226,0.133,0.39399999999999996,0.373,0.042,0.13699999999999998
3661,Mason,KY,Crude prevalence,16841,12943,,,,,,,,,,,,0.22699999999999998
3663,Mason,MI,Crude prevalence,29159,23606,0.359,0.40700000000000003,0.115,0.114,0.08900000000000001,0.10099999999999999,0.265,0.138,0.38799999999999996,0.40399999999999997,0.044000000000000004,0.111
3665,Mason,TX,Crude prevalence,3931,3203,0.315,0.41200000000000003,0.114,0.094,0.08800000000000001,0.081,0.209,0.14400000000000002,0.425,0.335,0.043,0.12
3667,Mason,WA,Crude prevalence,68389,55214,0.324,0.368,0.102,0.111,0.077,0.075,0.254,0.122,0.39,0.359,0.04,0.077
3669,Mason,WV,Crude prevalence,24765,19716,0.402,0.45799999999999996,0.10300000000000001,0.128,0.09699999999999999,0.125,0.317,0.17,0.451,0.413,0.047,0.111
3671,Massac,IL,Crude prevalence,13661,10895,0.319,0.39899999999999997,0.099,0.109,0.083,0.09699999999999999,0.228,0.141,0.39299999999999996,0.408,0.044000000000000004,0.198
3673,Matagorda,TX,Crude prevalence,36359,26887,0.271,0.396,0.07400000000000001,0.099,0.079,0.083,0.22,0.16399999999999998,0.387,0.39399999999999996,0.043,0.2
3675,Matanuska-Susitna,AK,Crude prevalence,115239,86125,0.262,0.32,0.075,0.107,0.06,0.067,0.21899999999999997,0.09,0.35600000000000004,0.375,0.031,0.136
3677,Mathews,VA,Crude prevalence,8514,7170,0.35700000000000004,0.431,0.12,0.106,0.092,0.08800000000000001,0.231,0.152,0.446,0.35100000000000003,0.046,0.08
3679,Maui,HI,Crude prevalence,164183,130270,0.24600000000000002,0.307,0.078,0.10300000000000001,0.066,0.059000000000000004,0.158,0.122,0.353,0.262,0.038,0.09300000000000001
3681,Maury,TN,Crude prevalence,110760,85543,0.302,0.39,0.085,0.107,0.066,0.078,0.27899999999999997,0.126,0.381,0.35200000000000004,0.034,0.138
3683,Maverick,TX,Crude prevalence,57762,39943,0.205,0.344,0.040999999999999995,0.08900000000000001,0.066,0.057,0.19699999999999998,0.17800000000000002,0.36,0.439,0.036000000000000004,0.172
3685,Mayes,OK,Crude prevalence,39889,30559,0.32,0.43200000000000005,0.087,0.124,0.087,0.1,0.251,0.146,0.413,0.418,0.045,0.21100000000000002
3687,McClain,OK,Crude prevalence,47072,35436,0.278,0.38799999999999996,0.08199999999999999,0.111,0.066,0.071,0.252,0.113,0.386,0.385,0.033,0.124
3689,McCone,MT,Crude prevalence,1676,1334,0.32899999999999996,0.381,0.11800000000000001,0.107,0.081,0.078,0.221,0.111,0.37200000000000005,0.324,0.040999999999999995,0.07400000000000001
3691,McCook,SD,Crude prevalence,5809,4149,0.266,0.32799999999999996,0.099,0.09699999999999999,0.067,0.064,0.205,0.11,0.34299999999999997,0.361,0.034,0.09699999999999999
3693,McCormick,SC,Crude prevalence,9941,8927,0.392,0.515,0.122,0.096,0.111,0.11,0.188,0.20600000000000002,0.47700000000000004,0.369,0.063,0.156
3695,McCracken,KY,Crude prevalence,67428,52847,,,,,,,,,,,,0.218
3697,McCreary,KY,Crude prevalence,17050,13365,,,,,,,,,,,,0.33299999999999996
3699,McCulloch,TX,Crude prevalence,7452,5892,0.297,0.40399999999999997,0.092,0.1,0.086,0.08900000000000001,0.22699999999999998,0.155,0.406,0.364,0.044000000000000004,0.145
3701,McCurtain,OK,Crude prevalence,30660,22566,0.314,0.426,0.083,0.125,0.08900000000000001,0.105,0.255,0.155,0.397,0.426,0.048,0.204
3703,McDonald,MO,Crude prevalence,23903,17900,0.32299999999999995,0.41,0.084,0.113,0.09,0.11900000000000001,0.265,0.158,0.396,0.43,0.048,0.24
3705,McDonough,IL,Crude prevalence,26839,21974,0.258,0.341,0.083,0.106,0.068,0.079,0.23800000000000002,0.114,0.353,0.363,0.035,0.11199999999999999
3707,McDowell,NC,Crude prevalence,44893,36301,0.318,0.39799999999999996,0.09699999999999999,0.109,0.083,0.096,0.261,0.13,0.39799999999999996,0.35200000000000004,0.043,0.16899999999999998
3709,McDowell,WV,Crude prevalence,17439,14224,0.42200000000000004,0.51,0.092,0.132,0.11800000000000001,0.165,0.311,0.21600000000000003,0.44799999999999995,0.462,0.061,0.353
3711,McDuffie,GA,Crude prevalence,21799,16447,0.306,0.444,0.081,0.11,0.08,0.092,0.204,0.16699999999999998,0.39,0.389,0.049,0.163
3713,McHenry,IL,Crude prevalence,312800,242583,0.263,0.337,0.086,0.096,0.055999999999999994,0.059000000000000004,0.217,0.105,0.35700000000000004,0.321,0.028999999999999998,0.132
3715,McHenry,ND,Crude prevalence,5131,3898,0.308,0.384,0.10099999999999999,0.1,0.078,0.076,0.198,0.11900000000000001,0.373,0.42100000000000004,0.038,0.147
3717,McIntosh,GA,Crude prevalence,11501,9721,0.366,0.508,0.10099999999999999,0.111,0.11199999999999999,0.12300000000000001,0.203,0.204,0.449,0.40700000000000003,0.064,0.245
3719,McIntosh,ND,Crude prevalence,2488,1958,0.35600000000000004,0.424,0.121,0.102,0.10099999999999999,0.09699999999999999,0.191,0.14400000000000002,0.40700000000000003,0.358,0.05,0.185
3721,McIntosh,OK,Crude prevalence,19603,15584,0.37200000000000005,0.491,0.10099999999999999,0.124,0.111,0.124,0.261,0.177,0.439,0.44799999999999995,0.055999999999999994,0.19399999999999998
3723,McKean,PA,Crude prevalence,39519,32001,,,,,,,,,,,,0.124
3725,McKenzie,ND,Crude prevalence,14252,9705,0.23399999999999999,0.304,0.067,0.10300000000000001,0.054000000000000006,0.055999999999999994,0.20800000000000002,0.096,0.314,0.41100000000000003,0.027999999999999997,0.105
3727,McKinley,NM,Crude prevalence,68797,50466,0.272,0.382,0.06,0.142,0.095,0.115,0.248,0.19,0.34299999999999997,0.413,0.06,0.24600000000000002
3729,McLean,IL,Crude prevalence,170441,134722,0.226,0.309,0.07400000000000001,0.10300000000000001,0.052000000000000005,0.055999999999999994,0.223,0.095,0.341,0.345,0.027000000000000003,0.121
3731,McLean,KY,Crude prevalence,9054,6955,,,,,,,,,,,,0.225
3733,McLean,ND,Crude prevalence,9832,7747,0.326,0.39,0.111,0.099,0.081,0.07200000000000001,0.198,0.121,0.396,0.402,0.039,0.10400000000000001
3735,McLennan,TX,Crude prevalence,268583,204435,0.23800000000000002,0.34299999999999997,0.068,0.10400000000000001,0.062,0.068,0.23600000000000002,0.125,0.337,0.348,0.035,0.138
3737,McLeod,MN,Crude prevalence,36785,28829,0.261,0.335,0.095,0.099,0.068,0.063,0.233,0.114,0.345,0.42,0.035,0.11199999999999999
3739,McMinn,TN,Crude prevalence,55678,43829,0.35200000000000004,0.433,0.096,0.111,0.083,0.105,0.292,0.154,0.418,0.46799999999999997,0.042,0.196
3741,McMullen,TX,Crude prevalence,568,445,0.293,0.42100000000000004,0.085,0.095,0.095,0.091,0.213,0.17800000000000002,0.40700000000000003,0.386,0.049,0.24100000000000002
3743,McNairy,TN,Crude prevalence,26163,20543,0.355,0.44299999999999995,0.095,0.114,0.09,0.11800000000000001,0.302,0.162,0.41700000000000004,0.39399999999999996,0.047,0.245
3745,McPherson,KS,Crude prevalence,30091,23489,0.27399999999999997,0.35,0.09300000000000001,0.099,0.067,0.068,0.21100000000000002,0.105,0.365,0.37,0.033,0.13
3747,McPherson,NE,Crude prevalence,383,316,0.32299999999999995,0.40299999999999997,0.121,0.092,0.092,0.08199999999999999,0.16699999999999998,0.133,0.38299999999999995,0.385,0.044000000000000004,0.10800000000000001
3749,McPherson,SD,Crude prevalence,2334,1826,0.336,0.409,0.125,0.1,0.10300000000000001,0.09699999999999999,0.193,0.14800000000000002,0.39299999999999996,0.349,0.051,0.13
3751,Meade,KS,Crude prevalence,3911,2875,0.27899999999999997,0.364,0.087,0.1,0.076,0.08,0.203,0.125,0.376,0.368,0.037000000000000005,0.098
3753,Meade,KY,Crude prevalence,30131,23607,,,,,,,,,,,,0.121
3755,Meade,SD,Crude prevalence,30954,24546,0.255,0.313,0.08800000000000001,0.10300000000000001,0.061,0.06,0.226,0.095,0.34,0.304,0.03,0.135
3757,Meagher,MT,Crude prevalence,2071,1699,0.35100000000000003,0.39,0.125,0.10800000000000001,0.091,0.08900000000000001,0.22399999999999998,0.125,0.377,0.32299999999999995,0.046,0.11800000000000001
3759,Mecklenburg,NC,Crude prevalence,1163701,901633,0.21899999999999997,0.31,0.062,0.10400000000000001,0.048,0.05,0.22699999999999998,0.10099999999999999,0.318,0.297,0.027999999999999997,0.085
3761,Mecklenburg,VA,Crude prevalence,30648,24987,0.36,0.467,0.099,0.114,0.096,0.10300000000000001,0.22699999999999998,0.18600000000000003,0.433,0.41200000000000003,0.054000000000000006,0.18100000000000002
3763,Mecosta,MI,Crude prevalence,41099,33152,0.315,0.374,0.09699999999999999,0.11699999999999999,0.08199999999999999,0.1,0.289,0.124,0.361,0.371,0.040999999999999995,0.10800000000000001
3765,Medina,OH,Crude prevalence,184042,145211,0.305,0.371,0.102,0.105,0.068,0.07,0.239,0.11900000000000001,0.38299999999999995,0.363,0.032,0.099
3767,Medina,TX,Crude prevalence,54797,42472,0.243,0.371,0.071,0.092,0.066,0.061,0.20600000000000002,0.14400000000000002,0.371,0.395,0.034,0.138
3769,Meeker,MN,Crude prevalence,23490,17928,0.257,0.342,0.099,0.099,0.07400000000000001,0.068,0.23800000000000002,0.122,0.34700000000000003,0.371,0.037000000000000005,0.087
3771,Meigs,OH,Crude prevalence,21767,17309,0.365,0.451,0.1,0.11599999999999999,0.10300000000000001,0.129,0.27699999999999997,0.17300000000000001,0.408,0.445,0.05,0.21
3773,Meigs,TN,Crude prevalence,13691,10945,0.35600000000000004,0.449,0.098,0.11199999999999999,0.09300000000000001,0.11900000000000001,0.302,0.159,0.425,0.408,0.047,0.151
3775,Mellette,SD,Crude prevalence,1851,1291,0.314,0.425,0.083,0.132,0.115,0.13699999999999998,0.228,0.21100000000000002,0.355,0.456,0.066,0.424
3777,Menard,IL,Crude prevalence,11954,9394,0.297,0.368,0.1,0.10400000000000001,0.07,0.079,0.225,0.11699999999999999,0.385,0.379,0.036000000000000004,0.09300000000000001
3779,Menard,TX,Crude prevalence,1958,1592,0.331,0.442,0.10800000000000001,0.09699999999999999,0.10300000000000001,0.098,0.209,0.17600000000000002,0.43799999999999994,0.365,0.052000000000000005,0.215
3781,Mendocino,CA,Crude prevalence,89108,70576,0.293,0.385,0.099,0.106,0.085,0.085,0.23,0.13699999999999998,0.39,0.293,0.044000000000000004,0.121
3783,Menifee,KY,Crude prevalence,6286,5112,,,,,,,,,,,,0.276
3785,Menominee,MI,Crude prevalence,22945,19083,0.359,0.42,0.11599999999999999,0.114,0.09300000000000001,0.106,0.273,0.139,0.391,0.389,0.045,0.096
3787,Menominee,WI,Crude prevalence,4226,2882,0.303,0.389,0.075,0.139,0.086,0.08900000000000001,0.233,0.182,0.35,0.45399999999999996,0.05,0.177
3789,Merced,CA,Crude prevalence,291920,209020,0.20199999999999999,0.312,0.052000000000000005,0.098,0.061,0.061,0.215,0.13,0.35,0.33799999999999997,0.034,0.18
3791,Mercer,IL,Crude prevalence,15487,12237,0.305,0.376,0.1,0.10300000000000001,0.076,0.086,0.22399999999999998,0.124,0.38299999999999995,0.386,0.039,0.14400000000000002
3793,Mercer,KY,Crude prevalence,23097,18078,,,,,,,,,,,,0.209
3795,Mercer,MO,Crude prevalence,3469,2611,0.36,0.434,0.105,0.10800000000000001,0.098,0.11800000000000001,0.254,0.156,0.41700000000000004,0.41100000000000003,0.049,0.217
3797,Mercer,ND,Crude prevalence,8309,6371,0.31,0.382,0.102,0.10300000000000001,0.08199999999999999,0.079,0.19899999999999998,0.122,0.386,0.39799999999999996,0.04,0.09699999999999999
3799,Mercer,NJ,Crude prevalence,381671,298044,0.205,0.312,0.07,0.09,0.054000000000000006,0.049,0.14800000000000002,0.111,0.37200000000000005,0.254,0.031,0.11
3801,Mercer,OH,Crude prevalence,42439,31313,0.297,0.37799999999999995,0.09699999999999999,0.10400000000000001,0.073,0.079,0.249,0.121,0.38,0.363,0.035,0.204
3803,Mercer,PA,Crude prevalence,108503,88049,,,,,,,,,,,,0.156
3805,Mercer,WV,Crude prevalence,58057,45722,0.41700000000000004,0.45299999999999996,0.098,0.127,0.095,0.121,0.311,0.172,0.45,0.408,0.047,0.239
3807,Meriwether,GA,Crude prevalence,20931,16562,0.311,0.45,0.083,0.11,0.086,0.099,0.204,0.17600000000000002,0.401,0.414,0.052000000000000005,0.198
3809,Merrick,NE,Crude prevalence,7755,5997,0.285,0.361,0.098,0.092,0.075,0.07400000000000001,0.17800000000000002,0.11699999999999999,0.34600000000000003,0.39299999999999996,0.037000000000000005,0.139
3811,Merrimack,NH,Crude prevalence,157103,128587,0.28,0.318,0.09699999999999999,0.11,0.059000000000000004,0.064,0.23600000000000002,0.091,0.331,0.332,0.031,0.09699999999999999
3813,Mesa,CO,Crude prevalence,159681,127668,0.282,0.311,0.096,0.114,0.067,0.07,0.23399999999999999,0.098,0.318,0.298,0.035,0.139
3815,Metcalfe,KY,Crude prevalence,10482,8042,,,,,,,,,,,,0.158
3817,Miami,IN,Crude prevalence,35402,28092,0.305,0.401,0.08800000000000001,0.11199999999999999,0.081,0.099,0.261,0.146,0.402,0.44299999999999995,0.04,0.139
3819,Miami,KS,Crude prevalence,35320,27123,0.284,0.335,0.092,0.098,0.065,0.067,0.209,0.10800000000000001,0.371,0.35,0.032,0.094
3821,Miami,OH,Crude prevalence,110876,85630,0.309,0.37200000000000005,0.09699999999999999,0.10800000000000001,0.073,0.08,0.253,0.127,0.374,0.336,0.035,0.175
3823,Miami-Dade,FL,Crude prevalence,2686867,2154272,0.207,0.33799999999999997,0.061,0.085,0.068,0.053,0.135,0.154,0.358,0.295,0.036000000000000004,0.135
3825,Middlesex,MA,Crude prevalence,1623952,1310019,0.22899999999999998,0.276,0.081,0.111,0.049,0.046,0.237,0.085,0.349,0.23800000000000002,0.025,0.096
3827,Middlesex,NJ,Crude prevalence,863623,680119,0.207,0.332,0.065,0.084,0.051,0.044000000000000004,0.127,0.11599999999999999,0.38799999999999996,0.299,0.027999999999999997,0.064
3829,Middlesex,VA,Crude prevalence,10924,9150,0.37799999999999995,0.45,0.122,0.106,0.098,0.09300000000000001,0.218,0.165,0.449,0.37799999999999995,0.05,0.126
3831,Midland,MI,Crude prevalence,84039,66530,0.306,0.355,0.1,0.11,0.071,0.077,0.259,0.10800000000000001,0.36700000000000005,0.318,0.034,0.113
3833,Midland,TX,Crude prevalence,177108,125208,0.19399999999999998,0.305,0.055999999999999994,0.094,0.047,0.049,0.214,0.10800000000000001,0.322,0.359,0.026000000000000002,0.11
3835,Mifflin,PA,Crude prevalence,45922,35538,,,,,,,,,,,,0.24100000000000002
3837,Milam,TX,Crude prevalence,25951,20070,0.289,0.402,0.087,0.10099999999999999,0.08,0.085,0.22699999999999998,0.149,0.387,0.371,0.043,0.162
3839,Millard,UT,Crude prevalence,13437,9330,0.263,0.33799999999999997,0.09300000000000001,0.107,0.071,0.07,0.254,0.11800000000000001,0.33899999999999997,0.341,0.036000000000000004,0.172
3841,Mille Lacs,MN,Crude prevalence,27427,21090,0.248,0.358,0.09300000000000001,0.105,0.07200000000000001,0.071,0.248,0.12,0.361,0.385,0.037000000000000005,0.121
3843,Miller,AR,Crude prevalence,42415,32396,0.304,0.44799999999999995,0.079,0.111,0.085,0.10099999999999999,0.24600000000000002,0.153,0.382,0.381,0.047,0.285
3845,Miller,GA,Crude prevalence,5747,4410,0.337,0.461,0.096,0.11,0.096,0.107,0.21100000000000002,0.17800000000000002,0.42100000000000004,0.418,0.055,0.20800000000000002
3847,Miller,MO,Crude prevalence,25590,19541,0.321,0.38799999999999996,0.096,0.107,0.08199999999999999,0.099,0.258,0.132,0.39899999999999997,0.375,0.040999999999999995,0.115
3849,Mills,IA,Crude prevalence,14633,11325,0.284,0.359,0.099,0.098,0.067,0.067,0.19699999999999998,0.113,0.381,0.392,0.033,0.109
3851,Mills,TX,Crude prevalence,4548,3625,0.311,0.40399999999999997,0.11,0.09699999999999999,0.086,0.083,0.21899999999999997,0.141,0.415,0.33,0.043,0.19
3853,Milwaukee,WI,Crude prevalence,916205,700935,0.251,0.35200000000000004,0.066,0.11800000000000001,0.062,0.067,0.23600000000000002,0.131,0.33,0.386,0.036000000000000004,0.132
3855,Miner,SD,Crude prevalence,2280,1744,0.303,0.377,0.111,0.099,0.086,0.08199999999999999,0.19899999999999998,0.133,0.37799999999999995,0.35700000000000004,0.043,0.154
3857,Mineral,CO,Crude prevalence,944,819,0.31,0.34299999999999997,0.11800000000000001,0.107,0.073,0.069,0.215,0.105,0.375,0.257,0.036000000000000004,0.085
3859,Mineral,MT,Crude prevalence,5090,4134,0.35,0.39299999999999996,0.11599999999999999,0.111,0.091,0.09300000000000001,0.23399999999999999,0.128,0.38299999999999995,0.36,0.046,0.121
3861,Mineral,NV,Crude prevalence,4528,3656,0.36,0.44,0.10400000000000001,0.11699999999999999,0.111,0.129,0.223,0.17600000000000002,0.433,0.382,0.06,0.207
3863,Mineral,WV,Crude prevalence,26867,21526,0.384,0.43,0.10099999999999999,0.11900000000000001,0.084,0.098,0.304,0.152,0.41200000000000003,0.39299999999999996,0.04,0.14400000000000002
3865,Mingo,WV,Crude prevalence,22023,17103,0.428,0.501,0.098,0.133,0.115,0.161,0.34,0.204,0.46299999999999997,0.435,0.057,0.306
3867,Minidoka,ID,Crude prevalence,22480,16145,0.256,0.34,0.075,0.10300000000000001,0.069,0.073,0.20800000000000002,0.12300000000000001,0.34299999999999997,0.364,0.037000000000000005,0.191
3869,Minnehaha,SD,Crude prevalence,206930,154695,0.22899999999999998,0.317,0.08,0.09699999999999999,0.055,0.055999999999999994,0.223,0.106,0.33299999999999996,0.374,0.027999999999999997,0.069
3871,Missaukee,MI,Crude prevalence,15311,11930,0.341,0.402,0.106,0.11599999999999999,0.086,0.10300000000000001,0.276,0.133,0.38799999999999996,0.39299999999999996,0.042,0.139
3873,Mississippi,AR,Crude prevalence,38663,28644,0.298,0.46399999999999997,0.073,0.111,0.081,0.096,0.248,0.152,0.376,0.466,0.046,0.281
3875,Mississippi,MO,Crude prevalence,11822,9153,0.34600000000000003,0.444,0.084,0.11599999999999999,0.092,0.12300000000000001,0.251,0.16699999999999998,0.392,0.47600000000000003,0.052000000000000005,0.295
3877,Missoula,MT,Crude prevalence,121849,100124,0.22699999999999998,0.263,0.08,0.107,0.052000000000000005,0.054000000000000006,0.266,0.083,0.313,0.262,0.027999999999999997,0.077
3879,Mitchell,GA,Crude prevalence,21114,16263,0.295,0.47200000000000003,0.075,0.11199999999999999,0.084,0.098,0.2,0.184,0.391,0.451,0.053,0.24600000000000002
3881,Mitchell,IA,Crude prevalence,10518,8004,0.301,0.37799999999999995,0.10300000000000001,0.099,0.078,0.079,0.19399999999999998,0.122,0.373,0.401,0.038,0.10099999999999999
3883,Mitchell,KS,Crude prevalence,5719,4312,0.308,0.387,0.102,0.10099999999999999,0.08199999999999999,0.084,0.20800000000000002,0.128,0.38799999999999996,0.39,0.039,0.109
3885,Mitchell,NC,Crude prevalence,14999,12283,0.32799999999999996,0.40299999999999997,0.10800000000000001,0.106,0.084,0.09,0.256,0.128,0.39799999999999996,0.37200000000000005,0.042,0.122
3887,Mitchell,TX,Crude prevalence,9075,7271,0.221,0.354,0.06,0.09300000000000001,0.065,0.07,0.21,0.133,0.35,0.384,0.035,0.185
3889,Mobile,AL,Crude prevalence,411640,316274,0.29,0.431,0.077,0.09699999999999999,0.073,0.079,0.221,0.161,0.402,0.39,0.043,0.161
3891,Modoc,CA,Crude prevalence,8500,6906,0.32799999999999996,0.413,0.114,0.10800000000000001,0.1,0.099,0.239,0.149,0.41100000000000003,0.319,0.052000000000000005,0.147
3893,Moffat,CO,Crude prevalence,13327,10079,0.276,0.32299999999999995,0.086,0.114,0.07,0.079,0.24100000000000002,0.10800000000000001,0.348,0.285,0.037000000000000005,0.161
3895,Mohave,AZ,Crude prevalence,223682,187847,0.332,0.42,0.121,0.11,0.1,0.11199999999999999,0.192,0.142,0.419,0.327,0.052000000000000005,0.153
3897,Moniteau,MO,Crude prevalence,15256,11398,0.294,0.363,0.087,0.10400000000000001,0.071,0.087,0.248,0.11900000000000001,0.37799999999999995,0.392,0.037000000000000005,0.222
3899,Monmouth,NJ,Crude prevalence,642799,510015,0.24100000000000002,0.32899999999999996,0.08900000000000001,0.08800000000000001,0.057,0.05,0.14300000000000002,0.098,0.397,0.304,0.028999999999999998,0.065
3901,Mono,CA,Crude prevalence,13066,10809,0.239,0.315,0.084,0.099,0.063,0.06,0.228,0.105,0.35100000000000003,0.312,0.032,0.11800000000000001
3903,Monona,IA,Crude prevalence,8493,6595,0.317,0.395,0.105,0.10099999999999999,0.083,0.08800000000000001,0.20600000000000002,0.131,0.37200000000000005,0.42200000000000004,0.040999999999999995,0.126
3905,Monongalia,WV,Crude prevalence,107718,90427,0.258,0.319,0.068,0.11599999999999999,0.055999999999999994,0.067,0.294,0.10800000000000001,0.34600000000000003,0.319,0.027000000000000003,0.14
3907,Monroe,AL,Crude prevalence,19229,15175,0.35700000000000004,0.513,0.084,0.111,0.09699999999999999,0.11199999999999999,0.22699999999999998,0.19699999999999998,0.43200000000000005,0.43799999999999994,0.059000000000000004,0.195
3909,Monroe,AR,Crude prevalence,6512,4982,0.35,0.523,0.08900000000000001,0.113,0.10400000000000001,0.115,0.22899999999999998,0.191,0.428,0.435,0.061,0.235
3911,Monroe,FL,Crude prevalence,80614,68170,0.27899999999999997,0.38,0.107,0.08900000000000001,0.079,0.07200000000000001,0.161,0.132,0.409,0.258,0.037000000000000005,0.08800000000000001
3913,Monroe,GA,Crude prevalence,30625,24227,0.27899999999999997,0.391,0.086,0.10099999999999999,0.067,0.071,0.2,0.131,0.391,0.349,0.038,0.151
3915,Monroe,IA,Crude prevalence,7504,5790,0.289,0.36700000000000005,0.09699999999999999,0.1,0.07200000000000001,0.075,0.205,0.11699999999999999,0.375,0.382,0.036000000000000004,0.18100000000000002
3917,Monroe,IL,Crude prevalence,34957,27543,0.273,0.33899999999999997,0.099,0.099,0.059000000000000004,0.062,0.213,0.10099999999999999,0.376,0.355,0.03,0.075
3919,Monroe,IN,Crude prevalence,139342,117382,0.226,0.297,0.069,0.11,0.054000000000000006,0.064,0.271,0.099,0.348,0.325,0.027000000000000003,0.11800000000000001
3921,Monroe,KY,Crude prevalence,11306,8615,,,,,,,,,,,,0.267
3923,Monroe,MI,Crude prevalence,155045,123173,0.327,0.376,0.099,0.11699999999999999,0.07400000000000001,0.086,0.267,0.12300000000000001,0.38,0.406,0.036000000000000004,0.122
3925,Monroe,MO,Crude prevalence,8698,6787,0.349,0.42200000000000004,0.10800000000000001,0.106,0.096,0.114,0.249,0.15,0.413,0.37799999999999995,0.049,0.22
3927,Monroe,MS,Crude prevalence,33609,26102,0.326,0.479,0.087,0.1,0.086,0.099,0.198,0.16699999999999998,0.41700000000000004,0.429,0.051,0.222
3929,Monroe,NY,Crude prevalence,748482,597520,0.273,0.337,0.08900000000000001,0.109,0.063,0.063,0.21899999999999997,0.11199999999999999,0.34299999999999997,0.314,0.033,0.121
3931,Monroe,OH,Crude prevalence,13153,10468,0.36700000000000005,0.433,0.105,0.11199999999999999,0.099,0.11599999999999999,0.266,0.161,0.40700000000000003,0.40399999999999997,0.048,0.22699999999999998
3933,Monroe,PA,Crude prevalence,166053,134807,,,,,,,,,,,,0.109
3935,Monroe,TN,Crude prevalence,48594,38727,0.35700000000000004,0.452,0.1,0.113,0.09300000000000001,0.11800000000000001,0.308,0.159,0.428,0.391,0.047,0.18100000000000002
3937,Monroe,WI,Crude prevalence,46151,34486,0.308,0.36,0.09,0.11199999999999999,0.078,0.08199999999999999,0.252,0.128,0.359,0.444,0.039,0.10800000000000001
3939,Monroe,WV,Crude prevalence,12382,9940,0.426,0.47700000000000004,0.109,0.122,0.10300000000000001,0.12300000000000001,0.303,0.179,0.46299999999999997,0.41100000000000003,0.049,0.235
3941,Montague,TX,Crude prevalence,21598,16711,0.295,0.387,0.095,0.10300000000000001,0.08,0.08800000000000001,0.244,0.134,0.392,0.35,0.040999999999999995,0.13699999999999998
3943,Montcalm,MI,Crude prevalence,68154,54137,0.305,0.377,0.09,0.115,0.076,0.095,0.272,0.124,0.36700000000000005,0.425,0.038,0.17
3945,Monterey,CA,Crude prevalence,430723,321055,0.212,0.32,0.063,0.096,0.062,0.057,0.192,0.125,0.35200000000000004,0.311,0.034,0.11
3947,Montezuma,CO,Crude prevalence,26531,21032,0.304,0.33899999999999997,0.10400000000000001,0.11800000000000001,0.078,0.083,0.23600000000000002,0.11800000000000001,0.35100000000000003,0.284,0.040999999999999995,0.126
3949,Montgomery,AL,Crude prevalence,224980,170733,0.299,0.46299999999999997,0.066,0.107,0.069,0.075,0.21,0.16399999999999998,0.381,0.461,0.045,0.145
3951,Montgomery,AR,Crude prevalence,8620,7004,0.36200000000000004,0.478,0.113,0.10400000000000001,0.111,0.12,0.252,0.16399999999999998,0.45299999999999996,0.409,0.054000000000000006,0.17600000000000002
3953,Montgomery,GA,Crude prevalence,8761,6956,0.29,0.42100000000000004,0.079,0.105,0.077,0.087,0.21100000000000002,0.154,0.391,0.39399999999999996,0.044000000000000004,0.23800000000000002
3955,Montgomery,IA,Crude prevalence,10139,7873,0.305,0.387,0.102,0.102,0.081,0.086,0.205,0.129,0.373,0.395,0.040999999999999995,0.16399999999999998
3957,Montgomery,IL,Crude prevalence,27663,22131,0.294,0.374,0.095,0.10300000000000001,0.076,0.08900000000000001,0.223,0.126,0.376,0.391,0.039,0.142
3959,Montgomery,IN,Crude prevalence,38573,29757,0.315,0.397,0.091,0.111,0.078,0.096,0.26,0.135,0.39399999999999996,0.392,0.039,0.147
3961,Montgomery,KS,Crude prevalence,30568,23384,0.313,0.4,0.092,0.107,0.084,0.094,0.21600000000000003,0.138,0.391,0.389,0.043,0.226
3963,Montgomery,KY,Crude prevalence,28527,21907,,,,,,,,,,,,0.23
3965,Montgomery,MD,Crude prevalence,1058474,819715,0.214,0.327,0.07400000000000001,0.092,0.053,0.045,0.17,0.10800000000000001,0.415,0.261,0.028999999999999998,0.044000000000000004
3967,Montgomery,MO,Crude prevalence,11459,8974,0.336,0.40399999999999997,0.09699999999999999,0.109,0.085,0.106,0.251,0.139,0.405,0.373,0.044000000000000004,0.18100000000000002
3969,Montgomery,MS,Crude prevalence,9600,7441,0.35200000000000004,0.512,0.087,0.10300000000000001,0.1,0.114,0.187,0.196,0.425,0.435,0.061,0.36700000000000005
3971,Montgomery,NC,Crude prevalence,26085,20705,0.325,0.428,0.092,0.111,0.08800000000000001,0.098,0.245,0.151,0.39399999999999996,0.387,0.048,0.19899999999999998
3973,Montgomery,NY,Crude prevalence,49368,37918,0.292,0.353,0.091,0.11,0.07400000000000001,0.08199999999999999,0.212,0.115,0.365,0.38799999999999996,0.038,0.14400000000000002
3975,Montgomery,OH,Crude prevalence,533796,415836,0.29100000000000004,0.37,0.085,0.115,0.07200000000000001,0.081,0.259,0.145,0.336,0.37,0.039,0.17
3977,Montgomery,PA,Crude prevalence,868742,685549,,,,,,,,,,,,0.07
3979,Montgomery,TN,Crude prevalence,239872,176143,0.244,0.33899999999999997,0.059000000000000004,0.10800000000000001,0.048,0.061,0.28600000000000003,0.10800000000000001,0.33,0.384,0.027000000000000003,0.11599999999999999
3981,Montgomery,TX,Crude prevalence,711354,528013,0.23,0.319,0.071,0.095,0.053,0.055999999999999994,0.215,0.114,0.365,0.318,0.028999999999999998,0.098
3983,Montgomery,VA,Crude prevalence,98666,83813,0.215,0.294,0.067,0.105,0.053,0.06,0.253,0.096,0.33899999999999997,0.28,0.027000000000000003,0.157
3985,Montmorency,MI,Crude prevalence,9678,8165,0.39799999999999996,0.457,0.127,0.11599999999999999,0.11199999999999999,0.129,0.264,0.165,0.429,0.386,0.054000000000000006,0.14400000000000002
3987,Montour,PA,Crude prevalence,17860,14344,,,,,,,,,,,,0.098
3989,Montrose,CO,Crude prevalence,44156,35363,0.308,0.341,0.107,0.111,0.08,0.08,0.22399999999999998,0.115,0.364,0.275,0.040999999999999995,0.156
3991,Moody,SD,Crude prevalence,6450,4742,0.273,0.341,0.10099999999999999,0.10099999999999999,0.07200000000000001,0.067,0.193,0.121,0.35100000000000003,0.336,0.037000000000000005,0.105
3993,Moore,NC,Crude prevalence,106898,83707,0.298,0.38299999999999995,0.10300000000000001,0.10300000000000001,0.073,0.07,0.235,0.115,0.385,0.326,0.037000000000000005,0.133
3995,Moore,TN,Crude prevalence,6748,5434,0.35100000000000003,0.42700000000000005,0.10099999999999999,0.10800000000000001,0.085,0.102,0.28800000000000003,0.147,0.41700000000000004,0.38799999999999996,0.042,0.10400000000000001
3997,Moore,TX,Crude prevalence,21190,14480,0.22,0.345,0.054000000000000006,0.095,0.065,0.068,0.213,0.149,0.359,0.39,0.036000000000000004,0.207
3999,Mora,NM,Crude prevalence,4123,3454,0.297,0.409,0.084,0.084,0.096,0.066,0.177,0.185,0.402,0.331,0.047,0.13699999999999998
4001,Morehouse,LA,Crude prevalence,23955,18408,0.35700000000000004,0.526,0.078,0.115,0.1,0.12300000000000001,0.267,0.203,0.42700000000000005,0.44799999999999995,0.062,0.295
4003,Morgan,AL,Crude prevalence,125133,96099,0.315,0.445,0.08800000000000001,0.099,0.077,0.085,0.24,0.147,0.418,0.386,0.04,0.17300000000000001
4005,Morgan,CO,Crude prevalence,29524,21787,0.257,0.316,0.078,0.111,0.066,0.069,0.217,0.109,0.335,0.321,0.035,0.12
4007,Morgan,GA,Crude prevalence,21460,16735,0.281,0.39899999999999997,0.09300000000000001,0.099,0.067,0.068,0.196,0.129,0.4,0.317,0.037000000000000005,0.139
4009,Morgan,IL,Crude prevalence,32140,25898,0.295,0.38,0.094,0.105,0.076,0.08800000000000001,0.225,0.126,0.377,0.39899999999999997,0.039,0.091
4011,Morgan,IN,Crude prevalence,73227,57218,0.303,0.389,0.09300000000000001,0.111,0.07200000000000001,0.087,0.254,0.134,0.386,0.37799999999999995,0.035,0.10099999999999999
4013,Morgan,KY,Crude prevalence,14283,11670,,,,,,,,,,,,0.235
4015,Morgan,MO,Crude prevalence,21970,16914,0.35200000000000004,0.43,0.105,0.109,0.10099999999999999,0.125,0.261,0.158,0.415,0.382,0.051,0.23800000000000002
4017,Morgan,OH,Crude prevalence,13646,10828,0.349,0.431,0.102,0.115,0.094,0.111,0.265,0.16,0.40700000000000003,0.41100000000000003,0.046,0.204
4019,Morgan,TN,Crude prevalence,21573,17352,0.34,0.424,0.09,0.109,0.085,0.111,0.3,0.14800000000000002,0.408,0.434,0.043,0.21100000000000002
4021,Morgan,UT,Crude prevalence,13000,8784,0.23,0.27899999999999997,0.085,0.105,0.047,0.044000000000000004,0.247,0.081,0.31,0.25,0.025,0.066
4023,Morgan,WV,Crude prevalence,17649,14668,0.406,0.467,0.107,0.11900000000000001,0.094,0.111,0.29100000000000004,0.168,0.449,0.392,0.044000000000000004,0.172
4025,Morrill,NE,Crude prevalence,4504,3482,0.29100000000000004,0.37200000000000005,0.098,0.092,0.083,0.084,0.171,0.133,0.358,0.41600000000000004,0.042,0.139
4027,Morris,KS,Crude prevalence,5334,4236,0.33,0.408,0.11,0.099,0.08800000000000001,0.08900000000000001,0.19699999999999998,0.135,0.39799999999999996,0.36700000000000005,0.042,0.145
4029,Morris,NJ,Crude prevalence,514423,409159,0.215,0.31,0.086,0.083,0.051,0.042,0.149,0.09,0.4,0.228,0.026000000000000002,0.076
4031,Morris,TX,Crude prevalence,12066,9326,0.305,0.42700000000000005,0.087,0.111,0.084,0.094,0.23399999999999999,0.159,0.39299999999999996,0.39,0.048,0.21600000000000003
4033,Morrison,MN,Crude prevalence,34250,26469,0.28,0.354,0.098,0.10300000000000001,0.077,0.07200000000000001,0.242,0.12,0.36200000000000004,0.37200000000000005,0.038,0.09
4035,Morrow,OH,Crude prevalence,35595,27894,0.319,0.382,0.09699999999999999,0.111,0.078,0.092,0.254,0.138,0.38299999999999995,0.4,0.038,0.142
4037,Morrow,OR,Crude prevalence,12302,8929,0.29100000000000004,0.355,0.079,0.121,0.079,0.08900000000000001,0.259,0.145,0.34299999999999997,0.392,0.040999999999999995,0.271
4039,Morton,KS,Crude prevalence,2580,1952,0.304,0.382,0.092,0.1,0.083,0.08800000000000001,0.19699999999999998,0.14,0.395,0.379,0.042,0.235
4041,Morton,ND,Crude prevalence,33895,25862,0.264,0.326,0.08800000000000001,0.102,0.062,0.059000000000000004,0.21,0.096,0.355,0.386,0.03,0.07400000000000001
4043,Motley,TX,Crude prevalence,1020,819,0.316,0.418,0.107,0.099,0.091,0.092,0.22399999999999998,0.147,0.419,0.35200000000000004,0.045,0.11599999999999999
4045,Moultrie,IL,Crude prevalence,14342,10780,0.292,0.361,0.094,0.107,0.071,0.086,0.237,0.11599999999999999,0.373,0.384,0.037000000000000005,0.132
4047,Mountrail,ND,Crude prevalence,9383,6651,0.264,0.34700000000000003,0.073,0.11199999999999999,0.069,0.073,0.205,0.128,0.34600000000000003,0.42200000000000004,0.037000000000000005,0.157
4049,Mower,MN,Crude prevalence,40058,30015,0.248,0.332,0.08800000000000001,0.099,0.07,0.067,0.243,0.11800000000000001,0.33,0.379,0.037000000000000005,0.142
4051,Muhlenberg,KY,Crude prevalence,30568,24126,,,,,,,,,,,,0.215
4053,Multnomah,OR,Crude prevalence,789698,653269,0.223,0.285,0.07200000000000001,0.11699999999999999,0.052000000000000005,0.053,0.299,0.095,0.32899999999999996,0.289,0.027000000000000003,0.13
4055,Murray,GA,Crude prevalence,41035,31441,0.273,0.368,0.08199999999999999,0.102,0.071,0.084,0.22399999999999998,0.133,0.389,0.415,0.037000000000000005,0.182
4057,Murray,MN,Crude prevalence,8049,6312,0.28600000000000003,0.368,0.111,0.099,0.084,0.07200000000000001,0.237,0.126,0.369,0.363,0.040999999999999995,0.067
4059,Murray,OK,Crude prevalence,13754,10683,0.319,0.43,0.09300000000000001,0.11699999999999999,0.087,0.095,0.245,0.14300000000000002,0.402,0.414,0.044000000000000004,0.138
4061,Muscatine,IA,Crude prevalence,42218,32274,0.276,0.354,0.087,0.098,0.07,0.07400000000000001,0.19399999999999998,0.12300000000000001,0.35100000000000003,0.414,0.035,0.11
4063,Muscogee,GA,Crude prevalence,201877,151740,0.262,0.409,0.064,0.109,0.063,0.071,0.196,0.15,0.358,0.40299999999999997,0.040999999999999995,0.187
4065,Muskegon,MI,Crude prevalence,176564,137270,0.306,0.36700000000000005,0.09,0.121,0.07400000000000001,0.091,0.276,0.127,0.35600000000000004,0.44299999999999995,0.039,0.115
4067,Muskingum,OH,Crude prevalence,86305,66808,0.319,0.39899999999999997,0.094,0.115,0.08,0.096,0.278,0.14400000000000002,0.40299999999999997,0.439,0.039,0.23
4069,Muskogee,OK,Crude prevalence,66677,50493,0.308,0.426,0.079,0.126,0.085,0.10099999999999999,0.261,0.152,0.387,0.415,0.046,0.21
4071,Musselshell,MT,Crude prevalence,5308,4266,0.33299999999999996,0.38799999999999996,0.11,0.11199999999999999,0.086,0.092,0.233,0.127,0.363,0.35600000000000004,0.045,0.19699999999999998
4073,Nacogdoches,TX,Crude prevalence,65375,50065,0.24100000000000002,0.35,0.069,0.109,0.068,0.079,0.244,0.132,0.353,0.332,0.038,0.17
4075,Nance,NE,Crude prevalence,3274,2505,0.28800000000000003,0.374,0.09699999999999999,0.095,0.078,0.084,0.179,0.127,0.361,0.41,0.039,0.102
4077,Nantucket,MA,Crude prevalence,14444,11509,0.247,0.294,0.08800000000000001,0.109,0.051,0.046,0.22,0.086,0.34700000000000003,0.27699999999999997,0.025,0.092
4079,Napa,CA,Crude prevalence,133216,107838,0.24,0.33,0.086,0.095,0.065,0.057,0.20800000000000002,0.114,0.364,0.27899999999999997,0.034,0.066
4081,Nash,NC,Crude prevalence,96551,75392,0.301,0.425,0.078,0.115,0.075,0.083,0.228,0.15,0.38,0.384,0.046,0.179
4083,Nassau,FL,Crude prevalence,101501,82029,0.289,0.369,0.113,0.096,0.07400000000000001,0.076,0.183,0.11599999999999999,0.42,0.337,0.036000000000000004,0.11
4085,Nassau,NY,Crude prevalence,1381715,1086193,0.231,0.318,0.084,0.096,0.054000000000000006,0.048,0.134,0.10099999999999999,0.39299999999999996,0.284,0.028999999999999998,0.10099999999999999
4087,Natchitoches,LA,Crude prevalence,36291,28127,0.301,0.436,0.07,0.109,0.077,0.09,0.27899999999999997,0.155,0.369,0.401,0.046,0.207
4089,Natrona,WY,Crude prevalence,79941,61379,0.247,0.302,0.086,0.10300000000000001,0.062,0.071,0.23199999999999998,0.111,0.325,0.366,0.032,0.146
4091,Naugatuck Valley,CT,Crude prevalence,456128,364230,0.263,0.33299999999999996,0.08900000000000001,0.111,0.063,0.062,0.21100000000000002,0.106,0.395,0.325,0.034,0.111
4093,Navajo,AZ,Crude prevalence,109175,82055,0.308,0.40700000000000003,0.09300000000000001,0.136,0.08900000000000001,0.109,0.222,0.151,0.363,0.376,0.052000000000000005,0.226
4095,Navarro,TX,Crude prevalence,55635,40762,0.268,0.384,0.073,0.106,0.076,0.086,0.233,0.153,0.37799999999999995,0.381,0.042,0.156
4097,Nelson,KY,Crude prevalence,47730,36836,,,,,,,,,,,,0.175
4099,Nelson,ND,Crude prevalence,2991,2397,0.32899999999999996,0.4,0.114,0.09699999999999999,0.085,0.075,0.19399999999999998,0.124,0.4,0.396,0.04,0.114
4101,Nelson,VA,Crude prevalence,14705,12117,0.353,0.434,0.115,0.106,0.091,0.091,0.225,0.156,0.43799999999999994,0.35200000000000004,0.046,0.122
4103,Nemaha,KS,Crude prevalence,10114,7414,0.29100000000000004,0.369,0.098,0.099,0.075,0.076,0.20600000000000002,0.114,0.38299999999999995,0.387,0.036000000000000004,0.14800000000000002
4105,Nemaha,NE,Crude prevalence,7076,5443,0.259,0.337,0.091,0.095,0.07400000000000001,0.076,0.184,0.11699999999999999,0.33299999999999996,0.40700000000000003,0.037000000000000005,0.17
4107,Neosho,KS,Crude prevalence,15420,11698,0.295,0.38299999999999995,0.094,0.10300000000000001,0.081,0.08900000000000001,0.207,0.131,0.385,0.395,0.04,0.18600000000000003
4109,Neshoba,MS,Crude prevalence,28789,20927,0.321,0.444,0.078,0.107,0.085,0.10400000000000001,0.213,0.165,0.39399999999999996,0.431,0.049,0.217
4111,Ness,KS,Crude prevalence,2618,2030,0.319,0.391,0.106,0.098,0.085,0.087,0.19899999999999998,0.132,0.40399999999999997,0.35200000000000004,0.040999999999999995,0.125
4113,Nevada,AR,Crude prevalence,8120,6347,0.353,0.51,0.087,0.109,0.10300000000000001,0.11800000000000001,0.24100000000000002,0.183,0.424,0.44,0.059000000000000004,0.214
4115,Nevada,CA,Crude prevalence,102037,84878,0.299,0.375,0.11599999999999999,0.102,0.079,0.07200000000000001,0.23,0.115,0.385,0.275,0.04,0.078
4117,New Castle,DE,Crude prevalence,578592,456332,0.255,0.35200000000000004,0.081,0.10400000000000001,0.059000000000000004,0.06,0.21,0.122,0.384,0.33399999999999996,0.034,0.127
4119,New Hanover,NC,Crude prevalence,238852,197058,0.27,0.34700000000000003,0.087,0.105,0.063,0.065,0.25,0.106,0.371,0.311,0.033,0.092
4121,New Kent,VA,Crude prevalence,26134,21047,0.276,0.35600000000000004,0.086,0.106,0.061,0.061,0.225,0.11900000000000001,0.381,0.35100000000000003,0.032,0.094
4123,New Madrid,MO,Crude prevalence,15424,11775,0.35100000000000003,0.436,0.091,0.115,0.091,0.11900000000000001,0.257,0.161,0.40399999999999997,0.43200000000000005,0.051,0.278
4125,New York,NY,Crude prevalence,1597451,1381420,0.203,0.272,0.07200000000000001,0.096,0.049,0.044000000000000004,0.185,0.08900000000000001,0.368,0.192,0.027000000000000003,0.115
4127,Newaygo,MI,Crude prevalence,51108,40085,0.336,0.39799999999999996,0.10099999999999999,0.11599999999999999,0.085,0.10400000000000001,0.26899999999999996,0.132,0.379,0.37799999999999995,0.042,0.106
4129,Newberry,SC,Crude prevalence,38825,30495,0.303,0.424,0.08800000000000001,0.098,0.078,0.087,0.221,0.161,0.4,0.381,0.045,0.168
4131,Newport,RI,Crude prevalence,83832,70797,0.287,0.35100000000000003,0.11199999999999999,0.106,0.069,0.063,0.22399999999999998,0.10300000000000001,0.379,0.27399999999999997,0.033,0.048
4133,Newport News,VA,Crude prevalence,183118,140716,0.266,0.376,0.063,0.11599999999999999,0.059000000000000004,0.065,0.222,0.135,0.363,0.408,0.036000000000000004,0.127
4135,Newton,AR,Crude prevalence,7071,5758,0.35200000000000004,0.474,0.111,0.10300000000000001,0.10400000000000001,0.113,0.247,0.153,0.436,0.386,0.05,0.177
4137,Newton,GA,Crude prevalence,120135,90194,0.253,0.40399999999999997,0.063,0.11,0.059000000000000004,0.066,0.188,0.14400000000000002,0.363,0.424,0.038,0.13
4139,Newton,IN,Crude prevalence,13960,11012,0.331,0.40700000000000003,0.095,0.11199999999999999,0.083,0.1,0.248,0.14400000000000002,0.401,0.435,0.040999999999999995,0.228
4141,Newton,MO,Crude prevalence,60677,46193,0.316,0.384,0.09300000000000001,0.107,0.079,0.095,0.25,0.134,0.39,0.38799999999999996,0.040999999999999995,0.16699999999999998
4143,Newton,MS,Crude prevalence,21019,15910,0.307,0.446,0.078,0.102,0.08,0.094,0.203,0.157,0.386,0.409,0.048,0.233
4145,Newton,TX,Crude prevalence,12039,9669,0.341,0.462,0.091,0.115,0.105,0.13,0.25,0.18600000000000003,0.415,0.428,0.06,0.209
4147,Nez Perce,ID,Crude prevalence,42987,33960,0.301,0.35700000000000004,0.09699999999999999,0.114,0.07400000000000001,0.079,0.239,0.10800000000000001,0.34,0.377,0.039,0.156
4149,Niagara,NY,Crude prevalence,209457,168091,0.287,0.37,0.098,0.113,0.07,0.077,0.21100000000000002,0.113,0.361,0.395,0.037000000000000005,0.159
4151,Nicholas,KY,Crude prevalence,7686,5809,,,,,,,,,,,,0.25
4153,Nicholas,WV,Crude prevalence,24169,19286,0.414,0.466,0.106,0.121,0.099,0.11900000000000001,0.308,0.168,0.446,0.406,0.046,0.237
4155,Nicollet,MN,Crude prevalence,34242,27053,0.226,0.295,0.085,0.10099999999999999,0.06,0.055,0.248,0.098,0.309,0.332,0.031,0.11900000000000001
4157,Niobrara,WY,Crude prevalence,2354,1927,0.309,0.364,0.107,0.109,0.087,0.095,0.223,0.13,0.369,0.363,0.044000000000000004,0.163
4159,Noble,IN,Crude prevalence,47430,36001,0.29,0.373,0.08800000000000001,0.11199999999999999,0.07200000000000001,0.08900000000000001,0.245,0.132,0.38799999999999996,0.396,0.036000000000000004,0.172
4161,Noble,OH,Crude prevalence,14311,11564,0.37799999999999995,0.479,0.122,0.102,0.11900000000000001,0.11800000000000001,0.23399999999999999,0.18,0.43700000000000006,0.41600000000000004,0.054000000000000006,0.253
4163,Noble,OK,Crude prevalence,10832,8403,0.321,0.41700000000000004,0.09699999999999999,0.115,0.08199999999999999,0.08800000000000001,0.253,0.133,0.409,0.41600000000000004,0.040999999999999995,0.162
4165,Nobles,MN,Crude prevalence,21727,15454,0.237,0.33,0.081,0.095,0.077,0.073,0.214,0.135,0.353,0.386,0.04,0.127
4167,Nodaway,MO,Crude prevalence,20695,17134,0.261,0.33,0.081,0.106,0.067,0.077,0.262,0.106,0.35,0.361,0.033,0.185
4169,Nolan,TX,Crude prevalence,14306,10732,0.282,0.40299999999999997,0.078,0.102,0.085,0.094,0.231,0.165,0.39399999999999996,0.405,0.046,0.16899999999999998
4171,Nome,AK,Crude prevalence,9763,6487,0.225,0.336,0.053,0.128,0.071,0.087,0.207,0.13,0.319,0.386,0.043,0.28
4173,Norfolk,MA,Crude prevalence,727473,580073,0.253,0.298,0.08900000000000001,0.107,0.052000000000000005,0.049,0.21899999999999997,0.09,0.359,0.235,0.027000000000000003,0.09300000000000001
4175,Norfolk,VA,Crude prevalence,230930,184301,0.23399999999999999,0.36200000000000004,0.055999999999999994,0.111,0.055,0.063,0.218,0.127,0.34600000000000003,0.40299999999999997,0.034,0.151
4177,Norman,MN,Crude prevalence,6329,4857,0.268,0.368,0.1,0.10099999999999999,0.079,0.073,0.239,0.125,0.359,0.35600000000000004,0.04,0.092
4179,North Slope,AK,Crude prevalence,10603,7948,0.20199999999999999,0.349,0.055,0.10400000000000001,0.057999999999999996,0.06,0.18,0.10800000000000001,0.32,0.423,0.032,0.142
4181,Northampton,NC,Crude prevalence,16715,13758,0.373,0.52,0.094,0.12,0.106,0.11199999999999999,0.21899999999999997,0.203,0.413,0.42700000000000005,0.067,0.231
4183,Northampton,PA,Crude prevalence,319091,258654,,,,,,,,,,,,0.13699999999999998
4185,Northampton,VA,Crude prevalence,12021,9854,0.355,0.47100000000000003,0.105,0.111,0.098,0.099,0.20800000000000002,0.185,0.45,0.395,0.054000000000000006,0.139
4187,Northeastern Connecticut,CT,Crude prevalence,96692,79116,0.272,0.35100000000000003,0.09300000000000001,0.114,0.064,0.068,0.239,0.10300000000000001,0.37799999999999995,0.33299999999999996,0.034,0.124
4189,Northumberland,PA,Crude prevalence,90120,72338,,,,,,,,,,,,0.17300000000000001
4191,Northumberland,VA,Crude prevalence,12391,10687,0.37200000000000005,0.465,0.125,0.106,0.099,0.09,0.201,0.168,0.451,0.36,0.05,0.115
4193,Northwest Arctic,AK,Crude prevalence,7361,4551,0.24,0.368,0.055,0.133,0.075,0.08800000000000001,0.207,0.141,0.318,0.406,0.045,0.308
4195,Northwest Hills,CT,Crude prevalence,113463,93325,0.293,0.324,0.107,0.11,0.066,0.065,0.21600000000000003,0.1,0.405,0.282,0.034,0.098
4197,Norton,KS,Crude prevalence,5330,4310,0.292,0.37799999999999995,0.09,0.098,0.08,0.086,0.205,0.127,0.376,0.42700000000000005,0.039,0.13
4199,Norton,VA,Crude prevalence,3492,2702,0.317,0.4,0.085,0.11699999999999999,0.081,0.105,0.271,0.149,0.397,0.408,0.044000000000000004,0.24100000000000002
4201,Nottoway,VA,Crude prevalence,15566,12496,0.304,0.43200000000000005,0.075,0.114,0.079,0.08900000000000001,0.221,0.16699999999999998,0.402,0.435,0.047,0.195
4203,Nowata,OK,Crude prevalence,9438,7235,0.33,0.435,0.091,0.12300000000000001,0.09,0.102,0.257,0.152,0.40399999999999997,0.405,0.047,0.193
4205,Noxubee,MS,Crude prevalence,9914,7406,0.332,0.522,0.065,0.111,0.092,0.11,0.179,0.212,0.391,0.46399999999999997,0.065,0.244
4207,Nuckolls,NE,Crude prevalence,4095,3260,0.31,0.4,0.115,0.09,0.084,0.079,0.16899999999999998,0.127,0.375,0.418,0.040999999999999995,0.096
4209,Nueces,TX,Crude prevalence,352289,269148,0.22,0.36200000000000004,0.061,0.09300000000000001,0.065,0.06,0.2,0.158,0.373,0.397,0.035,0.14
4211,Nye,NV,Crude prevalence,55720,46506,0.35600000000000004,0.423,0.113,0.111,0.10099999999999999,0.11,0.21,0.157,0.44799999999999995,0.397,0.052000000000000005,0.179
4213,O'Brien,IA,Crude prevalence,14012,10569,0.294,0.369,0.09699999999999999,0.10099999999999999,0.079,0.084,0.21,0.124,0.366,0.38799999999999996,0.039,0.156
4215,Oakland,MI,Crude prevalence,1270426,1015769,0.248,0.345,0.087,0.106,0.059000000000000004,0.059000000000000004,0.20800000000000002,0.102,0.34299999999999997,0.313,0.03,0.071
4217,Obion,TN,Crude prevalence,30411,23747,0.359,0.43700000000000006,0.094,0.113,0.09,0.114,0.302,0.162,0.41,0.402,0.047,0.196
4219,Ocean,NJ,Crude prevalence,659197,494303,0.298,0.35,0.1,0.092,0.07,0.068,0.161,0.114,0.428,0.298,0.036000000000000004,0.095
4221,Oceana,MI,Crude prevalence,26981,21345,0.33399999999999996,0.392,0.10300000000000001,0.113,0.087,0.1,0.264,0.13699999999999998,0.382,0.406,0.043,0.11900000000000001
4223,Ochiltree,TX,Crude prevalence,9704,6797,0.23199999999999998,0.348,0.063,0.095,0.067,0.071,0.221,0.141,0.361,0.392,0.036000000000000004,0.124
4225,Oconee,GA,Crude prevalence,44182,32893,0.25,0.33399999999999996,0.09300000000000001,0.08900000000000001,0.054000000000000006,0.048,0.195,0.10099999999999999,0.376,0.28800000000000003,0.027000000000000003,0.083
4227,Oconee,SC,Crude prevalence,81221,65941,0.341,0.39799999999999996,0.107,0.098,0.087,0.099,0.25,0.153,0.418,0.382,0.046,0.18600000000000003
4229,Oconto,WI,Crude prevalence,39775,32028,0.312,0.371,0.10099999999999999,0.11,0.08,0.079,0.23199999999999998,0.129,0.384,0.42700000000000005,0.039,0.16
4231,Ogemaw,MI,Crude prevalence,20990,17270,0.382,0.434,0.11599999999999999,0.11699999999999999,0.10099999999999999,0.12,0.275,0.153,0.39899999999999997,0.39399999999999996,0.049,0.171
4233,Oglala Lakota,SD,Crude prevalence,13434,8652,0.267,0.389,0.051,0.15,0.09699999999999999,0.136,0.243,0.21100000000000002,0.295,0.47,0.063,0.444
4235,Ogle,IL,Crude prevalence,51265,39938,0.285,0.369,0.095,0.10099999999999999,0.071,0.078,0.218,0.122,0.37799999999999995,0.409,0.036000000000000004,0.08900000000000001
4237,Oglethorpe,GA,Crude prevalence,15754,12372,0.294,0.39899999999999997,0.08900000000000001,0.10099999999999999,0.07400000000000001,0.08,0.20800000000000002,0.141,0.405,0.364,0.040999999999999995,0.22399999999999998
4239,Ohio,IN,Crude prevalence,6004,4809,0.33899999999999997,0.41700000000000004,0.107,0.111,0.084,0.096,0.25,0.14300000000000002,0.42200000000000004,0.395,0.040999999999999995,0.198
4241,Ohio,KY,Crude prevalence,23626,18062,,,,,,,,,,,,0.187
4243,Ohio,WV,Crude prevalence,41194,33156,0.377,0.425,0.10099999999999999,0.11900000000000001,0.083,0.094,0.295,0.15,0.415,0.395,0.039,0.16899999999999998
4245,Okaloosa,FL,Crude prevalence,218464,169246,0.257,0.327,0.086,0.096,0.061,0.066,0.191,0.10800000000000001,0.344,0.307,0.031,0.113
4247,Okanogan,WA,Crude prevalence,43712,34205,0.316,0.376,0.09699999999999999,0.11599999999999999,0.086,0.087,0.24600000000000002,0.133,0.369,0.326,0.045,0.171
4249,Okeechobee,FL,Crude prevalence,41427,32401,0.294,0.414,0.095,0.099,0.094,0.105,0.19399999999999998,0.156,0.41100000000000003,0.439,0.047,0.226
4251,Okfuskee,OK,Crude prevalence,11300,8773,0.321,0.46,0.08199999999999999,0.125,0.10099999999999999,0.121,0.257,0.17300000000000001,0.41,0.45799999999999996,0.054000000000000006,0.25
4253,Oklahoma,OK,Crude prevalence,808866,605014,0.268,0.371,0.069,0.115,0.067,0.07,0.25,0.126,0.365,0.377,0.035,0.153
4255,Okmulgee,OK,Crude prevalence,37035,28317,0.324,0.43799999999999994,0.084,0.127,0.086,0.099,0.257,0.154,0.402,0.45,0.046,0.212
4257,Oktibbeha,MS,Crude prevalence,51203,42382,0.221,0.34600000000000003,0.052000000000000005,0.098,0.053,0.062,0.201,0.109,0.305,0.345,0.032,0.188
4259,Oldham,KY,Crude prevalence,70183,53197,,,,,,,,,,,,0.1
4261,Oldham,TX,Crude prevalence,1783,1398,0.265,0.363,0.079,0.102,0.068,0.076,0.243,0.133,0.375,0.361,0.036000000000000004,0.163
4263,Oliver,ND,Crude prevalence,1879,1434,0.307,0.373,0.11,0.098,0.079,0.07,0.19,0.11699999999999999,0.387,0.34600000000000003,0.038,0.08900000000000001
4265,Olmsted,MN,Crude prevalence,164784,125821,0.21899999999999997,0.301,0.086,0.09699999999999999,0.055,0.047,0.24100000000000002,0.095,0.337,0.364,0.027999999999999997,0.066
4267,Oneida,ID,Crude prevalence,4953,3589,0.289,0.332,0.094,0.105,0.07,0.07200000000000001,0.22,0.105,0.36,0.319,0.036000000000000004,0.076
4269,Oneida,NY,Crude prevalence,227555,178989,0.29600000000000004,0.366,0.094,0.11,0.073,0.08,0.204,0.115,0.38,0.361,0.037000000000000005,0.152
4271,Oneida,WI,Crude prevalence,38226,31953,0.324,0.391,0.115,0.10400000000000001,0.086,0.079,0.235,0.138,0.387,0.35200000000000004,0.040999999999999995,0.092
4273,Onondaga,NY,Crude prevalence,467873,370637,0.26899999999999996,0.35600000000000004,0.091,0.113,0.065,0.068,0.22,0.109,0.353,0.369,0.034,0.114
4275,Onslow,NC,Crude prevalence,213676,160933,0.19699999999999998,0.28800000000000003,0.054000000000000006,0.102,0.047,0.055999999999999994,0.244,0.086,0.28300000000000003,0.33399999999999996,0.026000000000000002,0.138
4277,Ontario,NY,Crude prevalence,112494,91175,0.293,0.341,0.10300000000000001,0.106,0.068,0.068,0.203,0.105,0.368,0.307,0.034,0.07
4279,Ontonagon,MI,Crude prevalence,5906,5167,0.415,0.478,0.139,0.11199999999999999,0.11599999999999999,0.124,0.252,0.165,0.442,0.37,0.055,0.126
4281,Orange,CA,Crude prevalence,3135755,2489875,0.191,0.29100000000000004,0.068,0.09,0.055,0.047,0.19,0.115,0.366,0.239,0.028999999999999998,0.08
4283,Orange,FL,Crude prevalence,1471416,1160505,0.20600000000000002,0.32,0.064,0.091,0.055999999999999994,0.055,0.166,0.11699999999999999,0.35700000000000004,0.335,0.03,0.127
4285,Orange,IN,Crude prevalence,19638,15128,0.344,0.418,0.09699999999999999,0.115,0.085,0.105,0.26899999999999996,0.147,0.424,0.397,0.042,0.19
4287,Orange,NC,Crude prevalence,150626,122940,0.22899999999999998,0.302,0.076,0.102,0.052000000000000005,0.05,0.244,0.09300000000000001,0.331,0.28,0.027000000000000003,0.075
4289,Orange,NY,Crude prevalence,407470,303262,0.24100000000000002,0.319,0.076,0.105,0.057999999999999996,0.061,0.17800000000000002,0.11199999999999999,0.34299999999999997,0.322,0.032,0.11699999999999999
4291,Orange,TX,Crude prevalence,85722,63756,0.262,0.366,0.079,0.106,0.067,0.077,0.25,0.124,0.363,0.384,0.036000000000000004,0.16399999999999998
4293,Orange,VA,Crude prevalence,38574,30240,0.304,0.384,0.09300000000000001,0.107,0.071,0.07400000000000001,0.23399999999999999,0.129,0.401,0.371,0.037000000000000005,0.106
4295,Orange,VT,Crude prevalence,29943,24672,0.313,0.34299999999999997,0.106,0.11199999999999999,0.069,0.071,0.262,0.09699999999999999,0.34600000000000003,0.326,0.036000000000000004,0.106
4297,Orangeburg,SC,Crude prevalence,82820,65211,0.325,0.473,0.075,0.11,0.084,0.096,0.214,0.19,0.39299999999999996,0.42200000000000004,0.057,0.204
4299,Oregon,MO,Crude prevalence,8720,6668,0.36700000000000005,0.43799999999999994,0.10300000000000001,0.111,0.10400000000000001,0.133,0.259,0.165,0.418,0.41100000000000003,0.054000000000000006,0.295
4301,Orleans,LA,Crude prevalence,364136,293146,0.275,0.419,0.063,0.105,0.07,0.073,0.267,0.162,0.361,0.344,0.045,0.239
4303,Orleans,NY,Crude prevalence,39124,31736,0.295,0.35700000000000004,0.095,0.114,0.075,0.085,0.20600000000000002,0.11699999999999999,0.37799999999999995,0.32899999999999996,0.039,0.133
4305,Orleans,VT,Crude prevalence,27516,22246,0.299,0.36,0.102,0.115,0.076,0.083,0.248,0.107,0.35,0.332,0.04,0.134
4307,Osage,KS,Crude prevalence,15824,12172,0.311,0.39,0.098,0.10099999999999999,0.078,0.084,0.21100000000000002,0.125,0.4,0.418,0.038,0.165
4309,Osage,MO,Crude prevalence,13468,10389,0.293,0.359,0.094,0.10300000000000001,0.069,0.08,0.242,0.11199999999999999,0.384,0.35600000000000004,0.035,0.14300000000000002
4311,Osage,OK,Crude prevalence,46130,36541,0.322,0.456,0.091,0.121,0.087,0.092,0.24,0.14400000000000002,0.396,0.46399999999999997,0.045,0.177
4313,Osborne,KS,Crude prevalence,3427,2619,0.33,0.40700000000000003,0.11199999999999999,0.1,0.094,0.09300000000000001,0.201,0.14,0.40299999999999997,0.38799999999999996,0.044000000000000004,0.107
4315,Osceola,FL,Crude prevalence,437784,333862,0.213,0.348,0.063,0.09,0.059000000000000004,0.055,0.172,0.134,0.376,0.39799999999999996,0.031,0.11599999999999999
4317,Osceola,IA,Crude prevalence,5978,4643,0.311,0.39399999999999996,0.10300000000000001,0.1,0.08800000000000001,0.09300000000000001,0.201,0.14,0.386,0.395,0.044000000000000004,0.113
4319,Osceola,MI,Crude prevalence,23330,18218,0.348,0.40399999999999997,0.105,0.11800000000000001,0.091,0.109,0.276,0.13699999999999998,0.382,0.396,0.044000000000000004,0.121
4321,Oscoda,MI,Crude prevalence,8545,6848,0.39,0.45399999999999996,0.121,0.11900000000000001,0.11199999999999999,0.135,0.272,0.165,0.41700000000000004,0.384,0.055,0.17
4323,Oswego,NY,Crude prevalence,118162,94079,0.28600000000000003,0.35200000000000004,0.092,0.113,0.07200000000000001,0.083,0.21899999999999997,0.11199999999999999,0.36700000000000005,0.364,0.037000000000000005,0.135
4325,Otero,CO,Crude prevalence,18136,13957,0.298,0.35600000000000004,0.087,0.113,0.085,0.09,0.225,0.145,0.36700000000000005,0.34600000000000003,0.046,0.195
4327,Otero,NM,Crude prevalence,68835,54011,0.247,0.342,0.07,0.1,0.07200000000000001,0.07200000000000001,0.24,0.127,0.348,0.371,0.039,0.17600000000000002
4329,Otoe,NE,Crude prevalence,16335,12426,0.273,0.36700000000000005,0.09699999999999999,0.092,0.07,0.068,0.177,0.11900000000000001,0.365,0.40700000000000003,0.034,0.1
4331,Otsego,MI,Crude prevalence,25747,20430,0.324,0.382,0.106,0.114,0.079,0.091,0.273,0.12300000000000001,0.375,0.381,0.038,0.086
4333,Otsego,NY,Crude prevalence,60126,51237,0.267,0.321,0.09300000000000001,0.113,0.068,0.07200000000000001,0.209,0.102,0.37,0.299,0.034,0.11699999999999999
4335,Ottawa,KS,Crude prevalence,5818,4451,0.299,0.376,0.099,0.1,0.078,0.08199999999999999,0.207,0.122,0.385,0.38299999999999995,0.038,0.13699999999999998
4337,Ottawa,MI,Crude prevalence,303372,234628,0.249,0.313,0.086,0.109,0.057999999999999996,0.064,0.265,0.094,0.324,0.32299999999999995,0.028999999999999998,0.045
4339,Ottawa,OH,Crude prevalence,39803,32975,0.348,0.419,0.11599999999999999,0.105,0.085,0.085,0.23600000000000002,0.138,0.425,0.38,0.039,0.124
4341,Ottawa,OK,Crude prevalence,30287,22537,0.309,0.41,0.085,0.126,0.091,0.107,0.27,0.152,0.397,0.41700000000000004,0.047,0.247
4343,Otter Tail,MN,Crude prevalence,60626,47492,0.287,0.335,0.111,0.1,0.081,0.07200000000000001,0.23199999999999998,0.121,0.389,0.34299999999999997,0.04,0.106
4345,Ouachita,AR,Crude prevalence,21793,16948,0.324,0.495,0.083,0.11,0.09300000000000001,0.10300000000000001,0.23199999999999998,0.177,0.409,0.435,0.054000000000000006,0.258
4347,Ouachita,LA,Crude prevalence,157568,119007,0.309,0.446,0.07400000000000001,0.109,0.075,0.08800000000000001,0.257,0.154,0.384,0.439,0.044000000000000004,0.251
4349,Ouray,CO,Crude prevalence,5176,4488,0.312,0.34,0.125,0.106,0.07,0.062,0.21100000000000002,0.1,0.385,0.233,0.034,0.065
4351,Outagamie,WI,Crude prevalence,193234,149418,0.268,0.33299999999999996,0.083,0.106,0.06,0.059000000000000004,0.237,0.10300000000000001,0.35,0.366,0.03,0.081
4353,Overton,TN,Crude prevalence,23327,18448,0.363,0.435,0.095,0.114,0.091,0.12300000000000001,0.306,0.157,0.419,0.409,0.046,0.159
4355,Owen,IN,Crude prevalence,21532,17270,0.337,0.413,0.098,0.115,0.084,0.10300000000000001,0.265,0.145,0.418,0.41700000000000004,0.040999999999999995,0.149
4357,Owen,KY,Crude prevalence,11313,8968,,,,,,,,,,,,0.192
4359,Owsley,KY,Crude prevalence,4001,3084,,,,,,,,,,,,0.281
4361,Owyhee,ID,Crude prevalence,12722,9638,0.299,0.358,0.08199999999999999,0.11,0.08199999999999999,0.09300000000000001,0.222,0.134,0.35700000000000004,0.33399999999999996,0.044000000000000004,0.163
4363,Oxford,ME,Crude prevalence,59905,49429,0.35600000000000004,0.381,0.10400000000000001,0.134,0.09,0.107,0.263,0.13699999999999998,0.413,0.35,0.044000000000000004,0.162
4365,Ozark,MO,Crude prevalence,8970,7255,0.39399999999999996,0.47700000000000004,0.11599999999999999,0.11199999999999999,0.12,0.149,0.255,0.183,0.44,0.425,0.061,0.221
4367,Ozaukee,WI,Crude prevalence,93460,74094,0.263,0.303,0.099,0.102,0.063,0.054000000000000006,0.218,0.10099999999999999,0.37200000000000005,0.303,0.03,0.078
4369,Pacific,WA,Crude prevalence,24200,20677,0.368,0.42100000000000004,0.122,0.111,0.092,0.085,0.252,0.149,0.42700000000000005,0.364,0.047,0.085
4371,Page,IA,Crude prevalence,15014,12305,0.312,0.408,0.1,0.1,0.085,0.091,0.201,0.136,0.376,0.429,0.043,0.141
4373,Page,VA,Crude prevalence,23741,19159,0.331,0.4,0.1,0.11,0.084,0.095,0.251,0.141,0.42700000000000005,0.34600000000000003,0.042,0.158
4375,Palm Beach,FL,Crude prevalence,1533801,1247769,0.287,0.363,0.102,0.092,0.079,0.071,0.153,0.13699999999999998,0.381,0.266,0.04,0.128
4377,Palo Alto,IA,Crude prevalence,8810,6779,0.294,0.373,0.102,0.099,0.077,0.078,0.2,0.121,0.369,0.4,0.038,0.095
4379,Palo Pinto,TX,Crude prevalence,29747,22840,0.29,0.386,0.08900000000000001,0.10400000000000001,0.08,0.091,0.24,0.14400000000000002,0.392,0.39399999999999996,0.042,0.174
4381,Pamlico,NC,Crude prevalence,12423,10683,0.35700000000000004,0.46,0.113,0.106,0.096,0.096,0.23,0.152,0.414,0.36,0.05,0.152
4383,Panola,MS,Crude prevalence,32669,24732,0.32899999999999996,0.486,0.075,0.107,0.08800000000000001,0.106,0.201,0.184,0.39799999999999996,0.46299999999999997,0.055,0.19699999999999998
4385,Panola,TX,Crude prevalence,22838,17537,0.282,0.39299999999999996,0.086,0.107,0.075,0.084,0.235,0.138,0.386,0.374,0.042,0.145
4387,Park,CO,Crude prevalence,18117,15510,0.303,0.327,0.107,0.109,0.067,0.065,0.21100000000000002,0.102,0.37,0.235,0.033,0.053
4389,Park,MT,Crude prevalence,17903,14881,0.297,0.34,0.105,0.107,0.073,0.076,0.225,0.105,0.342,0.304,0.037000000000000005,0.12
4391,Park,WY,Crude prevalence,30735,24494,0.292,0.34,0.10800000000000001,0.098,0.07400000000000001,0.073,0.209,0.11699999999999999,0.365,0.315,0.037000000000000005,0.106
4393,Parke,IN,Crude prevalence,16484,12706,0.342,0.424,0.09699999999999999,0.122,0.091,0.11800000000000001,0.272,0.154,0.41700000000000004,0.423,0.045,0.2
4395,Parker,TX,Crude prevalence,173494,131016,0.258,0.34,0.083,0.10099999999999999,0.059000000000000004,0.064,0.24,0.107,0.363,0.355,0.031,0.132
4397,Parmer,TX,Crude prevalence,9617,6935,0.231,0.349,0.063,0.091,0.068,0.064,0.201,0.15,0.373,0.37,0.036000000000000004,0.162
4399,Pasco,FL,Crude prevalence,632996,504907,0.28300000000000003,0.382,0.099,0.09699999999999999,0.077,0.078,0.191,0.128,0.405,0.318,0.038,0.147
4401,Pasquotank,NC,Crude prevalence,41444,32807,0.27899999999999997,0.39299999999999996,0.078,0.113,0.067,0.07200000000000001,0.237,0.13,0.36,0.38299999999999995,0.04,0.157
4403,Passaic,NJ,Crude prevalence,513395,392936,0.214,0.324,0.067,0.08900000000000001,0.061,0.057999999999999996,0.154,0.127,0.374,0.31,0.034,0.141
4405,Patrick,VA,Crude prevalence,17509,14402,0.37200000000000005,0.434,0.111,0.11,0.10099999999999999,0.11,0.237,0.16399999999999998,0.434,0.39899999999999997,0.051,0.177
4407,Paulding,GA,Crude prevalence,183164,136998,0.233,0.35,0.068,0.10099999999999999,0.05,0.055,0.204,0.11599999999999999,0.363,0.384,0.028999999999999998,0.147
4409,Paulding,OH,Crude prevalence,18706,14290,0.32899999999999996,0.4,0.098,0.109,0.081,0.092,0.257,0.141,0.39399999999999996,0.413,0.039,0.174
4411,Pawnee,KS,Crude prevalence,6126,5127,0.293,0.387,0.096,0.098,0.08,0.081,0.193,0.127,0.386,0.382,0.039,0.145
4413,Pawnee,NE,Crude prevalence,2512,1933,0.325,0.42200000000000004,0.11800000000000001,0.095,0.099,0.098,0.16899999999999998,0.14400000000000002,0.37799999999999995,0.375,0.049,0.187
4415,Pawnee,OK,Crude prevalence,15864,12110,0.32,0.42100000000000004,0.092,0.11900000000000001,0.08800000000000001,0.099,0.26,0.14300000000000002,0.40399999999999997,0.397,0.044000000000000004,0.21
4417,Payette,ID,Crude prevalence,27279,20474,0.28600000000000003,0.355,0.09,0.109,0.077,0.084,0.225,0.11800000000000001,0.35200000000000004,0.314,0.04,0.13
4419,Payne,OK,Crude prevalence,83352,68128,0.214,0.306,0.063,0.115,0.057,0.067,0.26,0.098,0.322,0.33899999999999997,0.028999999999999998,0.11900000000000001
4421,Peach,GA,Crude prevalence,28805,22815,0.266,0.40299999999999997,0.071,0.106,0.066,0.071,0.195,0.149,0.382,0.39299999999999996,0.040999999999999995,0.166
4423,Pearl River,MS,Crude prevalence,57978,44780,0.325,0.428,0.08900000000000001,0.096,0.081,0.09300000000000001,0.21100000000000002,0.14400000000000002,0.402,0.38,0.044000000000000004,0.163
4425,Pecos,TX,Crude prevalence,14623,11009,0.21899999999999997,0.36200000000000004,0.051,0.08800000000000001,0.069,0.065,0.196,0.165,0.359,0.402,0.037000000000000005,0.155
4427,Pembina,ND,Crude prevalence,6661,5261,0.321,0.385,0.106,0.098,0.086,0.078,0.19699999999999998,0.128,0.38299999999999995,0.419,0.040999999999999995,0.11199999999999999
4429,Pemiscot,MO,Crude prevalence,14613,10795,0.354,0.45,0.085,0.122,0.09699999999999999,0.133,0.257,0.179,0.415,0.449,0.055999999999999994,0.32799999999999996
4431,Pend Oreille,WA,Crude prevalence,14361,11514,0.344,0.385,0.115,0.114,0.08800000000000001,0.087,0.24600000000000002,0.133,0.396,0.389,0.045,0.13
4433,Pender,NC,Crude prevalence,68521,53105,0.28800000000000003,0.373,0.087,0.107,0.068,0.073,0.248,0.11800000000000001,0.358,0.363,0.036000000000000004,0.109
4435,Pendleton,KY,Crude prevalence,14810,11396,,,,,,,,,,,,0.222
4437,Pendleton,WV,Crude prevalence,6029,4907,0.42700000000000005,0.484,0.11800000000000001,0.11800000000000001,0.109,0.122,0.287,0.182,0.47200000000000003,0.365,0.051,0.19
4439,Pennington,MN,Crude prevalence,13714,10676,0.251,0.342,0.09300000000000001,0.10300000000000001,0.068,0.063,0.249,0.11199999999999999,0.349,0.402,0.035,0.1
4441,Pennington,SD,Crude prevalence,115903,90529,0.268,0.34600000000000003,0.094,0.102,0.07,0.068,0.21,0.121,0.34299999999999997,0.337,0.035,0.155
4443,Penobscot,ME,Crude prevalence,155312,128236,0.316,0.37200000000000005,0.095,0.133,0.077,0.086,0.28800000000000003,0.115,0.375,0.38,0.036000000000000004,0.17300000000000001
4445,Peoria,IL,Crude prevalence,177513,135266,0.268,0.369,0.084,0.106,0.067,0.075,0.221,0.126,0.375,0.348,0.037000000000000005,0.11
4447,Pepin,WI,Crude prevalence,7441,5802,0.309,0.363,0.105,0.106,0.079,0.07400000000000001,0.226,0.124,0.376,0.366,0.038,0.099
4449,Perkins,NE,Crude prevalence,2795,2130,0.28,0.36700000000000005,0.10400000000000001,0.091,0.076,0.073,0.17,0.11900000000000001,0.35200000000000004,0.406,0.037000000000000005,0.126
4451,Perkins,SD,Crude prevalence,2834,2172,0.324,0.387,0.12,0.102,0.09300000000000001,0.08900000000000001,0.20199999999999999,0.14300000000000002,0.38799999999999996,0.36,0.046,0.11800000000000001
4453,Perquimans,NC,Crude prevalence,13377,10937,0.34700000000000003,0.449,0.106,0.111,0.092,0.09699999999999999,0.237,0.153,0.41,0.373,0.05,0.16399999999999998
4455,Perry,AL,Crude prevalence,7738,6081,0.377,0.569,0.073,0.11900000000000001,0.109,0.129,0.221,0.24600000000000002,0.435,0.529,0.07400000000000001,0.301
4457,Perry,AR,Crude prevalence,10184,8014,0.321,0.43799999999999994,0.098,0.102,0.091,0.102,0.251,0.141,0.41700000000000004,0.389,0.045,0.17600000000000002
4459,Perry,IL,Crude prevalence,20503,16597,0.295,0.385,0.09,0.105,0.079,0.095,0.223,0.132,0.375,0.40700000000000003,0.042,0.13
4461,Perry,IN,Crude prevalence,19209,15282,0.308,0.40399999999999997,0.092,0.11,0.077,0.092,0.252,0.134,0.397,0.376,0.038,0.147
4463,Perry,KY,Crude prevalence,27133,20782,,,,,,,,,,,,0.271
4465,Perry,MO,Crude prevalence,18950,14765,0.313,0.384,0.096,0.10400000000000001,0.077,0.092,0.244,0.125,0.39,0.36,0.039,0.139
4467,Perry,MS,Crude prevalence,11315,8819,0.327,0.467,0.087,0.099,0.086,0.102,0.21100000000000002,0.162,0.419,0.43700000000000006,0.049,0.24100000000000002
4469,Perry,OH,Crude prevalence,35551,27260,0.318,0.405,0.094,0.11199999999999999,0.083,0.10099999999999999,0.27,0.14300000000000002,0.391,0.386,0.04,0.163
4471,Perry,PA,Crude prevalence,46083,36495,,,,,,,,,,,,0.14300000000000002
4473,Perry,TN,Crude prevalence,8891,6896,0.364,0.446,0.096,0.114,0.096,0.128,0.302,0.16399999999999998,0.419,0.401,0.049,0.198
4475,Pershing,NV,Crude prevalence,6364,5279,0.26899999999999996,0.354,0.084,0.098,0.07400000000000001,0.08,0.196,0.121,0.389,0.35700000000000004,0.038,0.165
4477,Person,NC,Crude prevalence,39737,31541,0.317,0.43200000000000005,0.08800000000000001,0.114,0.08199999999999999,0.091,0.248,0.149,0.38299999999999995,0.38799999999999996,0.047,0.18100000000000002
4479,Petersburg,AK,Crude prevalence,3427,2729,0.268,0.35600000000000004,0.09,0.098,0.071,0.068,0.182,0.105,0.36700000000000005,0.308,0.036000000000000004,0.11199999999999999
4481,Petersburg,VA,Crude prevalence,33309,25028,0.298,0.46399999999999997,0.055999999999999994,0.13,0.07400000000000001,0.084,0.209,0.192,0.37,0.466,0.054000000000000006,0.258
4483,Petroleum,MT,Crude prevalence,554,454,0.34600000000000003,0.396,0.121,0.105,0.09,0.086,0.214,0.124,0.376,0.32899999999999996,0.045,0.157
4485,Pettis,MO,Crude prevalence,43530,32613,0.301,0.363,0.08800000000000001,0.107,0.07400000000000001,0.09,0.24600000000000002,0.126,0.37,0.361,0.039,0.182
4487,Phelps,MO,Crude prevalence,45284,35710,0.287,0.354,0.084,0.10400000000000001,0.071,0.084,0.259,0.11699999999999999,0.36,0.34600000000000003,0.036000000000000004,0.16899999999999998
4489,Phelps,NE,Crude prevalence,9057,6814,0.27699999999999997,0.353,0.09699999999999999,0.092,0.073,0.073,0.179,0.115,0.337,0.386,0.037000000000000005,0.141
4491,Philadelphia,PA,Crude prevalence,1550542,1226065,,,,,,,,,,,,0.21
4493,Phillips,AR,Crude prevalence,14961,11146,0.36200000000000004,0.556,0.075,0.122,0.107,0.124,0.226,0.217,0.41200000000000003,0.484,0.069,0.34299999999999997
4495,Phillips,CO,Crude prevalence,4476,3359,0.29600000000000004,0.341,0.09699999999999999,0.11199999999999999,0.08,0.083,0.22699999999999998,0.11900000000000001,0.355,0.289,0.042,0.127
4497,Phillips,KS,Crude prevalence,4761,3695,0.332,0.39799999999999996,0.107,0.10099999999999999,0.08900000000000001,0.09300000000000001,0.20600000000000002,0.136,0.405,0.405,0.043,0.136
4499,Phillips,MT,Crude prevalence,4249,3245,0.316,0.358,0.106,0.11199999999999999,0.08199999999999999,0.086,0.239,0.12,0.36,0.38799999999999996,0.043,0.16399999999999998
4501,Piatt,IL,Crude prevalence,16714,13082,0.28300000000000003,0.354,0.10099999999999999,0.1,0.066,0.069,0.217,0.109,0.379,0.35100000000000003,0.033,0.054000000000000006
4503,Pickaway,OH,Crude prevalence,61086,47959,0.289,0.387,0.085,0.11,0.071,0.085,0.26899999999999996,0.126,0.364,0.39799999999999996,0.035,0.16
4505,Pickens,AL,Crude prevalence,18688,15154,0.32799999999999996,0.483,0.078,0.106,0.087,0.1,0.223,0.18,0.426,0.48,0.052000000000000005,0.249
4507,Pickens,GA,Crude prevalence,35969,29293,0.305,0.40700000000000003,0.102,0.1,0.079,0.085,0.218,0.136,0.41700000000000004,0.35,0.04,0.149
4509,Pickens,SC,Crude prevalence,135495,110529,0.264,0.349,0.084,0.09699999999999999,0.067,0.078,0.254,0.121,0.35600000000000004,0.354,0.036000000000000004,0.172
4511,Pickett,TN,Crude prevalence,5128,4278,0.415,0.49,0.11599999999999999,0.113,0.121,0.152,0.299,0.191,0.45899999999999996,0.418,0.059000000000000004,0.22399999999999998
4513,Pierce,GA,Crude prevalence,20425,15398,0.29600000000000004,0.395,0.087,0.105,0.079,0.09300000000000001,0.225,0.14300000000000002,0.397,0.364,0.042,0.156
4515,Pierce,ND,Crude prevalence,3902,3000,0.313,0.369,0.106,0.10099999999999999,0.08,0.075,0.20199999999999999,0.121,0.377,0.40700000000000003,0.039,0.11599999999999999
4517,Pierce,NE,Crude prevalence,7299,5430,0.27,0.344,0.098,0.091,0.07,0.068,0.171,0.109,0.35600000000000004,0.389,0.035,0.10400000000000001
4519,Pierce,WA,Crude prevalence,928696,716813,0.258,0.32299999999999995,0.07400000000000001,0.10800000000000001,0.053,0.052000000000000005,0.265,0.106,0.355,0.369,0.03,0.138
4521,Pierce,WI,Crude prevalence,43026,34410,0.253,0.308,0.08199999999999999,0.107,0.059000000000000004,0.057999999999999996,0.235,0.098,0.332,0.332,0.028999999999999998,0.086
4523,Pike,AL,Crude prevalence,33137,26665,0.273,0.406,0.066,0.109,0.068,0.078,0.247,0.141,0.366,0.40299999999999997,0.04,0.165
4525,Pike,AR,Crude prevalence,10208,7916,0.325,0.44299999999999995,0.096,0.10300000000000001,0.091,0.102,0.257,0.14400000000000002,0.418,0.38299999999999995,0.045,0.157
4527,Pike,GA,Crude prevalence,20461,15706,0.271,0.366,0.084,0.10099999999999999,0.063,0.071,0.217,0.11900000000000001,0.385,0.36,0.034,0.098
4529,Pike,IL,Crude prevalence,14342,11015,0.315,0.39399999999999996,0.1,0.106,0.08199999999999999,0.09699999999999999,0.23199999999999998,0.133,0.391,0.406,0.042,0.166
4531,Pike,IN,Crude prevalence,12106,9417,0.33299999999999996,0.409,0.099,0.11199999999999999,0.084,0.102,0.254,0.145,0.413,0.379,0.040999999999999995,0.18100000000000002
4533,Pike,KY,Crude prevalence,55973,44589,,,,,,,,,,,,0.188
4535,Pike,MO,Crude prevalence,17935,13889,0.314,0.40299999999999997,0.091,0.106,0.083,0.10300000000000001,0.24100000000000002,0.135,0.39,0.38299999999999995,0.043,0.25
4537,Pike,MS,Crude prevalence,39394,29430,0.32299999999999995,0.502,0.07200000000000001,0.10800000000000001,0.087,0.105,0.193,0.18899999999999997,0.395,0.46,0.057,0.23
4539,Pike,OH,Crude prevalence,27001,20683,0.345,0.43700000000000006,0.095,0.11900000000000001,0.096,0.125,0.292,0.162,0.392,0.43200000000000005,0.048,0.22699999999999998
4541,Pike,PA,Crude prevalence,61247,50875,,,,,,,,,,,,0.102
4543,Pima,AZ,Crude prevalence,1063162,858060,0.258,0.341,0.092,0.109,0.067,0.068,0.228,0.11,0.379,0.311,0.036000000000000004,0.141
4545,Pinal,AZ,Crude prevalence,484239,380282,0.281,0.36200000000000004,0.09300000000000001,0.10800000000000001,0.069,0.075,0.198,0.129,0.40299999999999997,0.384,0.038,0.18600000000000003
4547,Pine,MN,Crude prevalence,30197,24419,0.27899999999999997,0.385,0.098,0.10099999999999999,0.081,0.078,0.249,0.131,0.364,0.396,0.040999999999999995,0.11199999999999999
4549,Pinellas,FL,Crude prevalence,961596,816023,0.304,0.373,0.113,0.095,0.08199999999999999,0.081,0.193,0.131,0.418,0.315,0.04,0.146
4551,Pipestone,MN,Crude prevalence,9245,6729,0.272,0.363,0.1,0.102,0.079,0.075,0.242,0.127,0.364,0.385,0.040999999999999995,0.12300000000000001
4553,Piscataquis,ME,Crude prevalence,17486,14518,0.374,0.405,0.109,0.126,0.10099999999999999,0.11199999999999999,0.262,0.138,0.413,0.34600000000000003,0.047,0.209
4555,Pitkin,CO,Crude prevalence,16640,14206,0.26,0.28800000000000003,0.105,0.102,0.057999999999999996,0.049,0.204,0.084,0.344,0.207,0.027999999999999997,0.07200000000000001
4557,Pitt,NC,Crude prevalence,175119,137875,0.252,0.34700000000000003,0.065,0.115,0.06,0.067,0.252,0.12,0.32799999999999996,0.39,0.036000000000000004,0.19899999999999998
4559,Pittsburg,OK,Crude prevalence,43479,33556,0.322,0.435,0.09,0.11800000000000001,0.08900000000000001,0.099,0.25,0.14300000000000002,0.40299999999999997,0.401,0.045,0.212
4561,Pittsylvania,VA,Crude prevalence,59571,49130,0.35100000000000003,0.45899999999999996,0.09699999999999999,0.113,0.095,0.10800000000000001,0.22899999999999998,0.175,0.439,0.41600000000000004,0.052000000000000005,0.237
4563,Piute,UT,Crude prevalence,1550,1221,0.35100000000000003,0.406,0.11599999999999999,0.115,0.102,0.10300000000000001,0.26,0.152,0.39899999999999997,0.33,0.052000000000000005,0.195
4565,Placer,CA,Crude prevalence,423561,332465,0.248,0.327,0.092,0.099,0.059000000000000004,0.052000000000000005,0.213,0.098,0.364,0.273,0.031,0.059000000000000004
4567,Plaquemines,LA,Crude prevalence,22386,16953,0.27899999999999997,0.4,0.073,0.099,0.068,0.076,0.26,0.138,0.382,0.387,0.038,0.151
4569,Platte,MO,Crude prevalence,111940,86325,0.259,0.33899999999999997,0.085,0.098,0.055999999999999994,0.059000000000000004,0.228,0.1,0.369,0.37,0.027999999999999997,0.115
4571,Platte,NE,Crude prevalence,34609,25501,0.255,0.349,0.08800000000000001,0.086,0.068,0.066,0.158,0.11900000000000001,0.35100000000000003,0.418,0.034,0.092
4573,Platte,WY,Crude prevalence,8546,6829,0.317,0.387,0.11199999999999999,0.102,0.09,0.091,0.198,0.135,0.37799999999999995,0.358,0.044000000000000004,0.121
4575,Pleasants,WV,Crude prevalence,7428,6004,0.37200000000000005,0.435,0.094,0.11800000000000001,0.081,0.1,0.307,0.149,0.42700000000000005,0.44,0.039,0.171
4577,Plumas,CA,Crude prevalence,19131,15898,0.32899999999999996,0.40399999999999997,0.121,0.106,0.09300000000000001,0.087,0.23399999999999999,0.135,0.414,0.299,0.046,0.092
4579,Plymouth,IA,Crude prevalence,25722,19365,0.27699999999999997,0.35,0.095,0.09699999999999999,0.068,0.068,0.18899999999999997,0.11199999999999999,0.35600000000000004,0.39399999999999996,0.033,0.11599999999999999
4581,Plymouth,MA,Crude prevalence,535308,426137,0.271,0.326,0.096,0.121,0.062,0.064,0.23800000000000002,0.10300000000000001,0.379,0.297,0.032,0.079
4583,Pocahontas,IA,Crude prevalence,6976,5362,0.313,0.387,0.10800000000000001,0.1,0.084,0.086,0.196,0.133,0.389,0.36200000000000004,0.042,0.157
4585,Pocahontas,WV,Crude prevalence,7765,6382,0.43200000000000005,0.499,0.113,0.122,0.114,0.139,0.294,0.192,0.466,0.406,0.054000000000000006,0.166
4587,Poinsett,AR,Crude prevalence,22397,16955,0.317,0.43,0.08800000000000001,0.10800000000000001,0.091,0.113,0.268,0.146,0.408,0.414,0.047,0.258
4589,Pointe Coupee,LA,Crude prevalence,20000,15744,0.342,0.475,0.08900000000000001,0.106,0.091,0.102,0.261,0.171,0.42200000000000004,0.39899999999999997,0.052000000000000005,0.23800000000000002
4591,Polk,AR,Crude prevalence,19436,15141,0.33,0.44799999999999995,0.102,0.105,0.10099999999999999,0.114,0.25,0.155,0.425,0.4,0.049,0.259
4593,Polk,FL,Crude prevalence,818330,638484,0.275,0.36200000000000004,0.085,0.1,0.077,0.08,0.192,0.136,0.401,0.402,0.04,0.147
4595,Polk,GA,Crude prevalence,44223,33130,0.28600000000000003,0.38799999999999996,0.078,0.105,0.073,0.08900000000000001,0.225,0.141,0.384,0.40399999999999997,0.040999999999999995,0.179
4597,Polk,IA,Crude prevalence,505255,383731,0.252,0.312,0.07400000000000001,0.098,0.055,0.057999999999999996,0.21600000000000003,0.10099999999999999,0.344,0.37,0.027999999999999997,0.11699999999999999
4599,Polk,MN,Crude prevalence,30412,23008,0.255,0.32,0.09300000000000001,0.102,0.071,0.067,0.245,0.113,0.33,0.39399999999999996,0.036000000000000004,0.10800000000000001
4601,Polk,MO,Crude prevalence,32780,25174,0.308,0.38,0.091,0.109,0.081,0.10099999999999999,0.261,0.13,0.38799999999999996,0.387,0.040999999999999995,0.22699999999999998
4603,Polk,NC,Crude prevalence,20060,17006,0.35600000000000004,0.43799999999999994,0.125,0.105,0.095,0.094,0.23800000000000002,0.141,0.42200000000000004,0.35200000000000004,0.047,0.08199999999999999
4605,Polk,NE,Crude prevalence,5228,4066,0.293,0.37,0.10400000000000001,0.09,0.076,0.07200000000000001,0.165,0.12,0.353,0.40399999999999997,0.037000000000000005,0.122
4607,Polk,OR,Crude prevalence,89805,70598,0.287,0.315,0.09,0.124,0.066,0.07,0.27,0.109,0.337,0.325,0.034,0.115
4609,Polk,TN,Crude prevalence,18033,14655,0.364,0.43799999999999994,0.099,0.11199999999999999,0.087,0.11,0.305,0.151,0.42100000000000004,0.43700000000000006,0.043,0.18100000000000002
4611,Polk,TX,Crude prevalence,54186,43059,0.294,0.40700000000000003,0.08199999999999999,0.107,0.081,0.098,0.248,0.154,0.397,0.392,0.043,0.132
4613,Polk,WI,Crude prevalence,45762,36790,0.312,0.361,0.1,0.107,0.075,0.073,0.226,0.124,0.391,0.35600000000000004,0.038,0.111
4615,Pondera,MT,Crude prevalence,6125,4691,0.33399999999999996,0.376,0.1,0.12300000000000001,0.08900000000000001,0.10300000000000001,0.25,0.136,0.35100000000000003,0.37200000000000005,0.049,0.191
4617,Pontotoc,MS,Crude prevalence,31535,23394,0.298,0.42,0.079,0.098,0.07200000000000001,0.086,0.209,0.138,0.385,0.389,0.04,0.193
4619,Pontotoc,OK,Crude prevalence,38396,28720,0.281,0.402,0.083,0.11800000000000001,0.07400000000000001,0.079,0.253,0.12300000000000001,0.381,0.39899999999999997,0.038,0.111
4621,Pope,AR,Crude prevalence,64593,49630,0.298,0.387,0.084,0.106,0.077,0.091,0.24600000000000002,0.127,0.382,0.446,0.039,0.18899999999999997
4623,Pope,IL,Crude prevalence,3707,3288,0.354,0.43,0.12,0.10300000000000001,0.094,0.099,0.213,0.149,0.423,0.396,0.047,0.177
4625,Pope,MN,Crude prevalence,11400,8902,0.282,0.368,0.109,0.1,0.081,0.071,0.235,0.122,0.36700000000000005,0.389,0.04,0.063
4627,Poquoson,VA,Crude prevalence,12635,9735,0.28600000000000003,0.348,0.098,0.1,0.064,0.061,0.231,0.11,0.391,0.332,0.031,0.051
4629,Portage,OH,Crude prevalence,162665,133435,0.28600000000000003,0.34700000000000003,0.087,0.10800000000000001,0.068,0.076,0.24600000000000002,0.11800000000000001,0.35600000000000004,0.32899999999999996,0.033,0.207
4631,Portage,WI,Crude prevalence,71024,57775,0.244,0.29,0.083,0.107,0.062,0.061,0.24600000000000002,0.096,0.33899999999999997,0.35100000000000003,0.031,0.095
4633,Porter,IN,Crude prevalence,175335,138304,0.289,0.385,0.085,0.109,0.066,0.07400000000000001,0.23600000000000002,0.125,0.392,0.39899999999999997,0.032,0.125
4635,Portsmouth,VA,Crude prevalence,96793,74620,0.27699999999999997,0.405,0.063,0.12300000000000001,0.067,0.076,0.22699999999999998,0.158,0.375,0.408,0.043,0.16
4637,Posey,IN,Crude prevalence,25040,19685,0.318,0.397,0.10099999999999999,0.109,0.07400000000000001,0.085,0.248,0.129,0.39299999999999996,0.40399999999999997,0.036000000000000004,0.157
4639,Pottawatomie,KS,Crude prevalence,26382,18835,0.249,0.332,0.085,0.09699999999999999,0.059000000000000004,0.061,0.19899999999999998,0.09699999999999999,0.35200000000000004,0.358,0.028999999999999998,0.11800000000000001
4641,Pottawatomie,OK,Crude prevalence,73791,56848,0.308,0.409,0.08199999999999999,0.12300000000000001,0.075,0.08900000000000001,0.259,0.13,0.395,0.41200000000000003,0.039,0.214
4643,Pottawattamie,IA,Crude prevalence,93179,72047,0.273,0.353,0.09,0.10400000000000001,0.07,0.078,0.21899999999999997,0.11699999999999999,0.369,0.391,0.036000000000000004,0.14400000000000002
4645,Potter,PA,Crude prevalence,15999,12797,,,,,,,,,,,,0.091
4647,Potter,SD,Crude prevalence,2413,1889,0.313,0.379,0.122,0.09699999999999999,0.085,0.07400000000000001,0.191,0.131,0.38299999999999995,0.348,0.040999999999999995,0.091
4649,Potter,TX,Crude prevalence,114647,84112,0.251,0.376,0.064,0.10099999999999999,0.07200000000000001,0.08199999999999999,0.23,0.153,0.37200000000000005,0.418,0.040999999999999995,0.147
4651,Powder River,MT,Crude prevalence,1743,1437,0.341,0.371,0.11900000000000001,0.107,0.084,0.083,0.217,0.11900000000000001,0.377,0.304,0.042,0.134
4653,Powell,KY,Crude prevalence,12972,9884,,,,,,,,,,,,0.267
4655,Powell,MT,Crude prevalence,7133,6094,0.297,0.35,0.091,0.10400000000000001,0.076,0.081,0.222,0.113,0.345,0.358,0.039,0.159
4657,Power,ID,Crude prevalence,8253,5792,0.271,0.336,0.08,0.105,0.07400000000000001,0.079,0.212,0.121,0.34700000000000003,0.375,0.039,0.235
4659,Poweshiek,IA,Crude prevalence,18453,14872,0.28,0.35200000000000004,0.094,0.099,0.07200000000000001,0.075,0.21600000000000003,0.114,0.36,0.405,0.036000000000000004,0.084
4661,Powhatan,VA,Crude prevalence,32105,26175,0.299,0.376,0.095,0.105,0.067,0.067,0.22399999999999998,0.121,0.40700000000000003,0.364,0.034,0.083
4663,Prairie,AR,Crude prevalence,8036,6369,0.34,0.467,0.1,0.10400000000000001,0.096,0.10400000000000001,0.23800000000000002,0.151,0.418,0.40299999999999997,0.048,0.162
4665,Prairie,MT,Crude prevalence,1112,902,0.40399999999999997,0.44799999999999995,0.135,0.11199999999999999,0.12300000000000001,0.128,0.222,0.162,0.401,0.335,0.063,0.267
4667,Pratt,KS,Crude prevalence,9082,6929,0.28300000000000003,0.359,0.09300000000000001,0.099,0.076,0.077,0.207,0.121,0.363,0.365,0.037000000000000005,0.14300000000000002
4669,Preble,OH,Crude prevalence,40556,31595,0.32799999999999996,0.39,0.099,0.109,0.079,0.091,0.26,0.134,0.37799999999999995,0.397,0.038,0.158
4671,Prentiss,MS,Crude prevalence,25135,19567,0.294,0.419,0.084,0.099,0.076,0.091,0.21600000000000003,0.139,0.392,0.405,0.042,0.198
4673,Presidio,TX,Crude prevalence,5795,4219,0.27899999999999997,0.429,0.069,0.08900000000000001,0.106,0.084,0.187,0.222,0.41600000000000004,0.41,0.055,0.26899999999999996
4675,Presque Isle,MI,Crude prevalence,13285,11288,0.39799999999999996,0.445,0.13,0.114,0.10800000000000001,0.11900000000000001,0.263,0.156,0.426,0.409,0.051,0.105
4677,Preston,WV,Crude prevalence,34099,27943,0.377,0.431,0.095,0.11900000000000001,0.085,0.105,0.305,0.153,0.426,0.377,0.040999999999999995,0.262
4679,Price,WI,Crude prevalence,14102,11739,0.341,0.401,0.11199999999999999,0.109,0.09699999999999999,0.095,0.22,0.14800000000000002,0.397,0.425,0.047,0.133
4681,Prince Edward,VA,Crude prevalence,22049,18532,0.26,0.358,0.065,0.11599999999999999,0.066,0.077,0.256,0.135,0.35700000000000004,0.37200000000000005,0.039,0.156
4683,Prince George,VA,Crude prevalence,42871,34450,0.23199999999999998,0.34,0.06,0.107,0.054000000000000006,0.059000000000000004,0.222,0.115,0.32799999999999996,0.384,0.031,0.124
4685,Prince George's,MD,Crude prevalence,947430,740721,0.25,0.4,0.055999999999999994,0.115,0.055,0.055,0.14800000000000002,0.152,0.364,0.42200000000000004,0.039,0.127
4687,Prince William,VA,Crude prevalence,489640,361424,0.217,0.32799999999999996,0.061,0.098,0.048,0.047,0.2,0.114,0.363,0.34299999999999997,0.027000000000000003,0.09699999999999999
4689,Prince of Wales-Hyder,AK,Crude prevalence,5696,4429,0.302,0.39399999999999996,0.085,0.11900000000000001,0.08900000000000001,0.094,0.203,0.14,0.366,0.384,0.048,0.2
4691,Providence,RI,Crude prevalence,660615,528665,0.237,0.33,0.07200000000000001,0.124,0.062,0.067,0.231,0.11599999999999999,0.33299999999999996,0.33399999999999996,0.032,0.172
4693,Prowers,CO,Crude prevalence,11751,8744,0.276,0.325,0.08199999999999999,0.111,0.076,0.081,0.22399999999999998,0.126,0.344,0.292,0.04,0.166
4695,Pueblo,CO,Crude prevalence,169422,132908,0.28800000000000003,0.322,0.081,0.111,0.069,0.07200000000000001,0.226,0.12300000000000001,0.321,0.321,0.037000000000000005,0.154
4697,Pulaski,AR,Crude prevalence,400009,307397,0.268,0.42200000000000004,0.075,0.10300000000000001,0.067,0.07200000000000001,0.231,0.129,0.363,0.405,0.039,0.157
4699,Pulaski,GA,Crude prevalence,10095,8287,0.315,0.436,0.086,0.115,0.087,0.102,0.218,0.168,0.402,0.408,0.051,0.191
4701,Pulaski,IL,Crude prevalence,4911,3909,0.332,0.45299999999999996,0.085,0.11599999999999999,0.095,0.11599999999999999,0.21899999999999997,0.184,0.39399999999999996,0.456,0.057,0.19399999999999998
4703,Pulaski,IN,Crude prevalence,12385,9679,0.32799999999999996,0.41700000000000004,0.099,0.11199999999999999,0.086,0.102,0.255,0.145,0.406,0.387,0.042,0.212
4705,Pulaski,KY,Crude prevalence,66191,51804,,,,,,,,,,,,0.282
4707,Pulaski,MO,Crude prevalence,53812,42066,0.20800000000000002,0.285,0.054000000000000006,0.10099999999999999,0.045,0.057999999999999996,0.24600000000000002,0.086,0.298,0.358,0.025,0.17
4709,Pulaski,VA,Crude prevalence,33655,27735,0.33,0.39299999999999996,0.102,0.109,0.083,0.09,0.24100000000000002,0.141,0.426,0.35700000000000004,0.042,0.145
4711,Pushmataha,OK,Crude prevalence,10800,8446,0.35600000000000004,0.469,0.096,0.124,0.11,0.128,0.27,0.177,0.433,0.391,0.055999999999999994,0.205
4713,Putnam,FL,Crude prevalence,75955,59956,0.33899999999999997,0.434,0.10300000000000001,0.10800000000000001,0.10800000000000001,0.13,0.196,0.175,0.42,0.331,0.057,0.239
4715,Putnam,GA,Crude prevalence,23129,18686,0.32899999999999996,0.452,0.1,0.10400000000000001,0.091,0.095,0.198,0.171,0.42,0.39399999999999996,0.049,0.153
4717,Putnam,IL,Crude prevalence,5561,4497,0.302,0.374,0.106,0.099,0.076,0.078,0.21100000000000002,0.121,0.39399999999999996,0.361,0.037000000000000005,0.066
4719,Putnam,IN,Crude prevalence,37567,30179,0.28300000000000003,0.365,0.086,0.113,0.069,0.083,0.259,0.124,0.38299999999999995,0.384,0.034,0.17
4721,Putnam,MO,Crude prevalence,4638,3551,0.34700000000000003,0.408,0.107,0.10400000000000001,0.087,0.099,0.243,0.136,0.41100000000000003,0.35,0.043,0.139
4723,Putnam,NY,Crude prevalence,98060,79093,0.256,0.304,0.09300000000000001,0.099,0.057999999999999996,0.053,0.17600000000000002,0.09699999999999999,0.377,0.275,0.028999999999999998,0.063
4725,Putnam,OH,Crude prevalence,34199,25492,0.305,0.366,0.098,0.105,0.07,0.07400000000000001,0.242,0.12300000000000001,0.36700000000000005,0.43700000000000006,0.033,0.106
4727,Putnam,TN,Crude prevalence,83844,66450,0.29100000000000004,0.37,0.081,0.109,0.069,0.08900000000000001,0.289,0.124,0.381,0.375,0.035,0.175
4729,Putnam,WV,Crude prevalence,56962,44875,0.364,0.43700000000000006,0.09699999999999999,0.11699999999999999,0.075,0.08800000000000001,0.301,0.141,0.431,0.38299999999999995,0.036000000000000004,0.139
4731,Quay,NM,Crude prevalence,8510,6759,0.32,0.419,0.09300000000000001,0.1,0.10300000000000001,0.099,0.223,0.172,0.397,0.376,0.054000000000000006,0.18
4733,Queen Anne's,MD,Crude prevalence,52508,41602,0.303,0.384,0.10400000000000001,0.099,0.067,0.068,0.22399999999999998,0.11599999999999999,0.375,0.294,0.034,0.092
4735,Queens,NY,Crude prevalence,2252196,1821507,0.204,0.336,0.061,0.08900000000000001,0.06,0.054000000000000006,0.13699999999999998,0.14300000000000002,0.41200000000000003,0.24,0.035,0.12
4737,Quitman,GA,Crude prevalence,2280,1849,0.39,0.547,0.105,0.111,0.121,0.131,0.18600000000000003,0.23600000000000002,0.46,0.423,0.073,0.177
4739,Quitman,MS,Crude prevalence,5546,4262,0.345,0.5479999999999999,0.065,0.11599999999999999,0.09699999999999999,0.124,0.185,0.228,0.402,0.512,0.07,0.32899999999999996
4741,Rabun,GA,Crude prevalence,17442,14652,0.332,0.43799999999999994,0.11599999999999999,0.09699999999999999,0.09300000000000001,0.094,0.205,0.155,0.44299999999999995,0.342,0.046,0.128
4743,Racine,WI,Crude prevalence,196613,152563,0.282,0.34600000000000003,0.085,0.113,0.067,0.067,0.22399999999999998,0.125,0.33299999999999996,0.423,0.035,0.102
4745,Radford,VA,Crude prevalence,16971,14797,0.198,0.275,0.049,0.12,0.049,0.066,0.3,0.092,0.303,0.344,0.026000000000000002,0.14800000000000002
4747,Rains,TX,Crude prevalence,12986,10414,0.309,0.405,0.10300000000000001,0.102,0.083,0.08800000000000001,0.233,0.141,0.41100000000000003,0.358,0.043,0.18600000000000003
4749,Raleigh,WV,Crude prevalence,72356,57230,0.391,0.47200000000000003,0.09699999999999999,0.126,0.095,0.121,0.306,0.177,0.444,0.431,0.047,0.218
4751,Ralls,MO,Crude prevalence,10489,8338,0.35,0.418,0.105,0.106,0.08800000000000001,0.105,0.248,0.141,0.41100000000000003,0.401,0.045,0.161
4753,Ramsey,MN,Crude prevalence,536075,413891,0.20600000000000002,0.301,0.077,0.10099999999999999,0.057,0.052000000000000005,0.257,0.105,0.33299999999999996,0.321,0.03,0.095
4755,Ramsey,ND,Crude prevalence,11463,8724,0.3,0.368,0.099,0.102,0.081,0.079,0.205,0.12300000000000001,0.384,0.408,0.04,0.11900000000000001
4757,Randall,TX,Crude prevalence,148255,113132,0.23600000000000002,0.32799999999999996,0.076,0.098,0.055999999999999994,0.057999999999999996,0.23600000000000002,0.10800000000000001,0.349,0.35100000000000003,0.03,0.134
4759,Randolph,AL,Crude prevalence,22786,17988,0.33799999999999997,0.461,0.094,0.10300000000000001,0.087,0.09699999999999999,0.244,0.161,0.444,0.37799999999999995,0.047,0.159
4761,Randolph,AR,Crude prevalence,18907,14260,0.327,0.436,0.09300000000000001,0.106,0.094,0.11199999999999999,0.268,0.147,0.402,0.414,0.047,0.287
4763,Randolph,GA,Crude prevalence,6078,4809,0.379,0.546,0.087,0.12,0.12,0.13699999999999998,0.196,0.249,0.433,0.456,0.079,0.341
4765,Randolph,IL,Crude prevalence,29815,23890,0.297,0.391,0.094,0.10400000000000001,0.077,0.08900000000000001,0.21899999999999997,0.129,0.38,0.38799999999999996,0.04,0.185
4767,Randolph,IN,Crude prevalence,24216,18722,0.33,0.41,0.09699999999999999,0.113,0.085,0.10300000000000001,0.258,0.14400000000000002,0.41200000000000003,0.387,0.042,0.163
4769,Randolph,MO,Crude prevalence,24109,18724,0.304,0.37799999999999995,0.087,0.109,0.076,0.096,0.255,0.127,0.376,0.377,0.04,0.193
4771,Randolph,NC,Crude prevalence,147458,114881,0.301,0.391,0.08800000000000001,0.109,0.078,0.092,0.265,0.132,0.384,0.39899999999999997,0.040999999999999995,0.198
4773,Randolph,WV,Crude prevalence,27350,22356,0.391,0.457,0.099,0.12,0.091,0.109,0.307,0.16,0.424,0.45899999999999996,0.043,0.20800000000000002
4775,Rankin,MS,Crude prevalence,160417,124962,0.281,0.40700000000000003,0.08199999999999999,0.091,0.06,0.064,0.193,0.121,0.38799999999999996,0.366,0.034,0.11599999999999999
4777,Ransom,ND,Crude prevalence,5603,4390,0.293,0.369,0.1,0.099,0.078,0.07400000000000001,0.19899999999999998,0.121,0.382,0.379,0.038,0.124
4779,Rapides,LA,Crude prevalence,126260,94760,0.327,0.43799999999999994,0.078,0.106,0.079,0.092,0.273,0.156,0.397,0.40700000000000003,0.045,0.16699999999999998
4781,Rappahannock,VA,Crude prevalence,7414,6250,0.348,0.42,0.115,0.10400000000000001,0.08900000000000001,0.08800000000000001,0.22899999999999998,0.147,0.43799999999999994,0.35200000000000004,0.044000000000000004,0.102
4783,Ravalli,MT,Crude prevalence,47738,38925,0.32899999999999996,0.34299999999999997,0.11199999999999999,0.105,0.075,0.076,0.223,0.10400000000000001,0.358,0.319,0.038,0.124
4785,Rawlins,KS,Crude prevalence,2463,1900,0.345,0.41700000000000004,0.115,0.10099999999999999,0.099,0.099,0.205,0.147,0.41,0.419,0.047,0.153
4787,Ray,MO,Crude prevalence,23182,17877,0.32,0.39799999999999996,0.096,0.107,0.079,0.096,0.25,0.133,0.39799999999999996,0.396,0.04,0.19699999999999998
4789,Reagan,TX,Crude prevalence,3141,2250,0.214,0.34299999999999997,0.054000000000000006,0.087,0.059000000000000004,0.055,0.196,0.145,0.35600000000000004,0.391,0.032,0.11699999999999999
4791,Real,TX,Crude prevalence,2854,2328,0.345,0.455,0.106,0.102,0.105,0.11,0.22699999999999998,0.183,0.436,0.381,0.054000000000000006,0.20199999999999999
4793,Red Lake,MN,Crude prevalence,3911,2973,0.272,0.35600000000000004,0.10300000000000001,0.10099999999999999,0.077,0.068,0.239,0.12,0.359,0.386,0.038,0.087
4795,Red River,LA,Crude prevalence,7356,5645,0.35,0.49700000000000005,0.081,0.111,0.099,0.12300000000000001,0.266,0.198,0.41,0.439,0.06,0.27899999999999997
4797,Red River,TX,Crude prevalence,11678,9261,0.32899999999999996,0.44799999999999995,0.098,0.109,0.09699999999999999,0.107,0.237,0.16899999999999998,0.413,0.385,0.053,0.124
4799,Red Willow,NE,Crude prevalence,10457,8110,0.287,0.386,0.09699999999999999,0.095,0.076,0.076,0.19399999999999998,0.121,0.361,0.42100000000000004,0.038,0.17
4801,Redwood,MN,Crude prevalence,15288,11470,0.272,0.35100000000000003,0.099,0.102,0.079,0.07400000000000001,0.237,0.128,0.36200000000000004,0.365,0.040999999999999995,0.151
4803,Reeves,TX,Crude prevalence,11770,8503,0.21,0.35600000000000004,0.045,0.087,0.07,0.062,0.196,0.17600000000000002,0.364,0.40700000000000003,0.038,0.18
4805,Refugio,TX,Crude prevalence,6666,5209,0.284,0.408,0.078,0.09699999999999999,0.086,0.084,0.21,0.17600000000000002,0.40399999999999997,0.397,0.046,0.204
4807,Reno,KS,Crude prevalence,61497,48096,0.295,0.354,0.091,0.102,0.079,0.083,0.221,0.132,0.368,0.44,0.039,0.134
4809,Rensselaer,NY,Crude prevalence,159305,129327,0.264,0.321,0.08900000000000001,0.109,0.06,0.065,0.2,0.099,0.361,0.315,0.031,0.11699999999999999
4811,Renville,MN,Crude prevalence,14348,11042,0.266,0.35600000000000004,0.099,0.1,0.08,0.075,0.23199999999999998,0.131,0.364,0.38799999999999996,0.04,0.133
4813,Renville,ND,Crude prevalence,2279,1757,0.289,0.36200000000000004,0.098,0.099,0.07200000000000001,0.069,0.19699999999999998,0.111,0.363,0.39,0.035,0.09300000000000001
4815,Republic,KS,Crude prevalence,4627,3574,0.336,0.419,0.113,0.10099999999999999,0.096,0.099,0.203,0.14300000000000002,0.402,0.41200000000000003,0.046,0.14
4817,Reynolds,MO,Crude prevalence,5950,4821,0.361,0.43200000000000005,0.10400000000000001,0.11,0.102,0.127,0.254,0.159,0.42100000000000004,0.41200000000000003,0.052000000000000005,0.209
4819,Rhea,TN,Crude prevalence,33924,26584,0.358,0.43200000000000005,0.094,0.111,0.087,0.114,0.302,0.157,0.41,0.425,0.044000000000000004,0.16
4821,Rice,KS,Crude prevalence,9260,7052,0.281,0.36,0.08900000000000001,0.099,0.071,0.07400000000000001,0.203,0.11900000000000001,0.375,0.395,0.035,0.102
4823,Rice,MN,Crude prevalence,67948,53679,0.221,0.318,0.08,0.099,0.06,0.055,0.23,0.10099999999999999,0.316,0.375,0.031,0.068
4825,Rich,UT,Crude prevalence,2670,1947,0.294,0.33899999999999997,0.102,0.11,0.073,0.069,0.261,0.11599999999999999,0.349,0.327,0.037000000000000005,0.087
4827,Richardson,NE,Crude prevalence,7689,6032,0.311,0.41100000000000003,0.106,0.094,0.084,0.084,0.177,0.14,0.366,0.45299999999999996,0.042,0.098
4829,Richland,IL,Crude prevalence,15488,12015,0.307,0.375,0.1,0.105,0.077,0.08900000000000001,0.23,0.125,0.385,0.39399999999999996,0.04,0.115
4831,Richland,LA,Crude prevalence,19712,15026,0.332,0.467,0.079,0.11,0.09,0.11,0.27399999999999997,0.177,0.405,0.431,0.053,0.233
4833,Richland,MT,Crude prevalence,11173,8358,0.261,0.313,0.09,0.107,0.062,0.064,0.22899999999999998,0.092,0.316,0.379,0.032,0.125
4835,Richland,ND,Crude prevalence,16558,13011,0.27899999999999997,0.34700000000000003,0.092,0.1,0.07,0.066,0.21600000000000003,0.105,0.35100000000000003,0.361,0.034,0.1
4837,Richland,OH,Crude prevalence,125064,97954,0.31,0.389,0.092,0.11,0.083,0.09699999999999999,0.262,0.145,0.37799999999999995,0.39,0.040999999999999995,0.136
4839,Richland,SC,Crude prevalence,425138,334065,0.254,0.365,0.063,0.099,0.054000000000000006,0.057999999999999996,0.223,0.13,0.34299999999999997,0.34700000000000003,0.035,0.128
4841,Richland,WI,Crude prevalence,17197,13613,0.318,0.37200000000000005,0.10300000000000001,0.109,0.08800000000000001,0.08900000000000001,0.225,0.136,0.364,0.375,0.044000000000000004,0.095
4843,Richmond,GA,Crude prevalence,205414,158562,0.258,0.419,0.061,0.115,0.066,0.075,0.204,0.16699999999999998,0.379,0.366,0.044000000000000004,0.21
4845,Richmond,NC,Crude prevalence,42324,32370,0.318,0.439,0.079,0.121,0.08800000000000001,0.106,0.259,0.16399999999999998,0.377,0.429,0.052000000000000005,0.263
4847,Richmond,NY,Crude prevalence,490687,385428,0.244,0.341,0.076,0.102,0.057999999999999996,0.06,0.153,0.11900000000000001,0.41200000000000003,0.303,0.032,0.11699999999999999
4850,Richmond,VA,Crude prevalence,9184,7501,0.297,0.425,0.085,0.11,0.08,0.08800000000000001,0.21899999999999997,0.151,0.397,0.371,0.045,0.198
4851,Richmond,VA,Crude prevalence,229247,189438,0.24100000000000002,0.36200000000000004,0.057,0.114,0.055999999999999994,0.062,0.228,0.129,0.345,0.377,0.035,0.152
4853,Riley,KS,Crude prevalence,71402,59912,0.171,0.23199999999999998,0.049,0.10099999999999999,0.043,0.049,0.23199999999999998,0.07200000000000001,0.259,0.264,0.022000000000000002,0.125
4855,Ringgold,IA,Crude prevalence,4642,3577,0.304,0.379,0.106,0.099,0.077,0.077,0.205,0.122,0.37799999999999995,0.42700000000000005,0.038,0.159
4857,Rio Arriba,NM,Crude prevalence,39876,30988,0.278,0.368,0.071,0.099,0.084,0.07,0.20199999999999999,0.172,0.35600000000000004,0.39899999999999997,0.045,0.16
4859,Rio Blanco,CO,Crude prevalence,6569,5042,0.27,0.311,0.092,0.11199999999999999,0.065,0.068,0.23600000000000002,0.096,0.335,0.267,0.033,0.142
4861,Rio Grande,CO,Crude prevalence,11188,8914,0.284,0.33399999999999996,0.09,0.106,0.07400000000000001,0.071,0.21,0.122,0.358,0.27699999999999997,0.038,0.138
4863,Ripley,IN,Crude prevalence,29227,22263,0.308,0.382,0.094,0.11199999999999999,0.073,0.087,0.249,0.125,0.395,0.36200000000000004,0.036000000000000004,0.141
4865,Ripley,MO,Crude prevalence,10806,8128,0.34700000000000003,0.418,0.096,0.114,0.09699999999999999,0.128,0.271,0.156,0.41,0.413,0.05,0.289
4867,Ritchie,WV,Crude prevalence,8167,6554,0.423,0.47600000000000003,0.10400000000000001,0.124,0.105,0.134,0.305,0.179,0.466,0.429,0.05,0.214
4869,Riverside,CA,Crude prevalence,2492442,1899181,0.239,0.33299999999999996,0.064,0.095,0.06,0.054000000000000006,0.217,0.124,0.36700000000000005,0.368,0.033,0.094
4871,Roane,TN,Crude prevalence,56096,45557,0.37,0.433,0.10400000000000001,0.10800000000000001,0.08800000000000001,0.105,0.29600000000000004,0.147,0.419,0.37,0.044000000000000004,0.11900000000000001
4873,Roane,WV,Crude prevalence,13743,11044,0.43,0.491,0.10300000000000001,0.126,0.11,0.14400000000000002,0.315,0.19399999999999998,0.457,0.41600000000000004,0.053,0.301
4876,Roanoke,VA,Crude prevalence,97026,78314,0.294,0.363,0.098,0.10300000000000001,0.069,0.068,0.24600000000000002,0.12,0.39,0.344,0.034,0.11199999999999999
4877,Roanoke,VA,Crude prevalence,97171,75344,0.303,0.396,0.078,0.115,0.07400000000000001,0.084,0.235,0.151,0.37,0.42,0.043,0.10400000000000001
4879,Roberts,SD,Crude prevalence,10206,7288,0.313,0.396,0.10099999999999999,0.114,0.095,0.09699999999999999,0.205,0.163,0.358,0.43,0.05,0.21
4881,Roberts,TX,Crude prevalence,840,631,0.276,0.363,0.098,0.09699999999999999,0.069,0.067,0.228,0.11599999999999999,0.385,0.337,0.035,0.121
4883,Robertson,KY,Crude prevalence,2313,1799,,,,,,,,,,,,0.24100000000000002
4885,Robertson,TN,Crude prevalence,76776,58419,0.295,0.382,0.08199999999999999,0.10800000000000001,0.066,0.08199999999999999,0.28300000000000003,0.127,0.386,0.37,0.034,0.149
4887,Robertson,TX,Crude prevalence,17267,13118,0.289,0.408,0.084,0.105,0.08,0.087,0.222,0.154,0.39399999999999996,0.379,0.045,0.13699999999999998
4889,Robeson,NC,Crude prevalence,117365,86828,0.32299999999999995,0.456,0.067,0.133,0.09300000000000001,0.114,0.22899999999999998,0.184,0.384,0.479,0.057999999999999996,0.312
4891,Rock,MN,Crude prevalence,9551,7310,0.254,0.332,0.09699999999999999,0.1,0.07200000000000001,0.067,0.24100000000000002,0.114,0.34600000000000003,0.366,0.037000000000000005,0.122
4893,Rock,NE,Crude prevalence,1271,987,0.303,0.38299999999999995,0.115,0.091,0.08199999999999999,0.077,0.166,0.125,0.374,0.38799999999999996,0.039,0.12
4895,Rock,WI,Crude prevalence,164278,127890,0.27,0.33399999999999996,0.085,0.11199999999999999,0.067,0.068,0.233,0.12300000000000001,0.34600000000000003,0.419,0.034,0.109
4897,Rock Island,IL,Crude prevalence,141236,109684,0.287,0.361,0.08800000000000001,0.105,0.073,0.081,0.204,0.131,0.37,0.396,0.039,0.152
4899,Rockbridge,VA,Crude prevalence,22358,18688,0.34600000000000003,0.409,0.11199999999999999,0.10400000000000001,0.087,0.08800000000000001,0.233,0.14,0.43200000000000005,0.34,0.042,0.08199999999999999
4901,Rockcastle,KY,Crude prevalence,16190,12780,,,,,,,,,,,,0.192
4903,Rockdale,GA,Crude prevalence,95987,73494,0.26899999999999996,0.43200000000000005,0.064,0.111,0.065,0.068,0.17600000000000002,0.17,0.374,0.39,0.044000000000000004,0.185
4905,Rockingham,NC,Crude prevalence,92518,73816,0.319,0.425,0.091,0.113,0.084,0.09699999999999999,0.252,0.145,0.389,0.373,0.047,0.182
4907,Rockingham,NH,Crude prevalence,320689,262293,0.267,0.34700000000000003,0.10099999999999999,0.1,0.057,0.057,0.217,0.091,0.369,0.312,0.028999999999999998,0.08
4909,Rockingham,VA,Crude prevalence,86568,67455,0.295,0.366,0.094,0.106,0.07200000000000001,0.077,0.239,0.12300000000000001,0.39899999999999997,0.331,0.036000000000000004,0.153
4911,Rockland,NY,Crude prevalence,340807,238842,0.24,0.32299999999999995,0.079,0.105,0.063,0.061,0.179,0.113,0.36,0.305,0.034,0.10300000000000001
4913,Rockwall,TX,Crude prevalence,131307,96606,0.20800000000000002,0.305,0.07,0.09699999999999999,0.045,0.045,0.218,0.094,0.34,0.35100000000000003,0.025,0.085
4915,Roger Mills,OK,Crude prevalence,3295,2502,0.336,0.43799999999999994,0.102,0.11199999999999999,0.09300000000000001,0.099,0.24600000000000002,0.146,0.42,0.40299999999999997,0.045,0.11800000000000001
4917,Rogers,OK,Crude prevalence,100248,77057,0.275,0.37799999999999995,0.086,0.114,0.07200000000000001,0.076,0.24600000000000002,0.124,0.382,0.401,0.036000000000000004,0.125
4919,Rolette,ND,Crude prevalence,11728,7935,0.301,0.40299999999999997,0.069,0.138,0.085,0.09699999999999999,0.22,0.179,0.35700000000000004,0.502,0.05,0.245
4921,Rooks,KS,Crude prevalence,4778,3726,0.314,0.381,0.10300000000000001,0.1,0.078,0.08199999999999999,0.213,0.12300000000000001,0.40299999999999997,0.406,0.038,0.124
4923,Roosevelt,MT,Crude prevalence,10319,6918,0.285,0.36,0.07,0.142,0.075,0.096,0.26899999999999996,0.141,0.32,0.41,0.046,0.207
4925,Roosevelt,NM,Crude prevalence,18787,14317,0.231,0.309,0.064,0.1,0.065,0.066,0.242,0.115,0.33799999999999997,0.326,0.034,0.134
4927,Roscommon,MI,Crude prevalence,23863,20479,0.386,0.451,0.13,0.114,0.107,0.12,0.26,0.157,0.418,0.392,0.051,0.146
4929,Roseau,MN,Crude prevalence,15252,11622,0.256,0.325,0.095,0.1,0.07200000000000001,0.068,0.231,0.11800000000000001,0.35,0.359,0.037000000000000005,0.109
4931,Rosebud,MT,Crude prevalence,8160,5803,0.312,0.39399999999999996,0.087,0.129,0.08199999999999999,0.095,0.24600000000000002,0.136,0.324,0.395,0.046,0.184
4933,Ross,OH,Crude prevalence,76501,60465,0.322,0.40700000000000003,0.09,0.11599999999999999,0.081,0.1,0.27899999999999997,0.15,0.379,0.44299999999999995,0.040999999999999995,0.209
4935,Routt,CO,Crude prevalence,25064,20739,0.247,0.27899999999999997,0.095,0.106,0.055,0.054000000000000006,0.218,0.083,0.337,0.237,0.027999999999999997,0.06
4937,Rowan,KY,Crude prevalence,24409,19548,,,,,,,,,,,,0.262
4939,Rowan,NC,Crude prevalence,151661,118284,0.293,0.377,0.083,0.11,0.073,0.084,0.247,0.127,0.36700000000000005,0.374,0.04,0.192
4941,Runnels,TX,Crude prevalence,9868,7542,0.276,0.382,0.085,0.09699999999999999,0.078,0.078,0.21899999999999997,0.147,0.39,0.359,0.040999999999999995,0.153
4943,Rush,IN,Crude prevalence,16847,13067,0.32299999999999995,0.401,0.095,0.11599999999999999,0.08199999999999999,0.10099999999999999,0.266,0.14300000000000002,0.41,0.391,0.04,0.214
4945,Rush,KS,Crude prevalence,2830,2263,0.33399999999999996,0.41200000000000003,0.11,0.10099999999999999,0.091,0.094,0.207,0.139,0.397,0.387,0.044000000000000004,0.127
4947,Rusk,TX,Crude prevalence,53079,41108,0.266,0.39,0.075,0.10400000000000001,0.071,0.08,0.22699999999999998,0.139,0.369,0.375,0.04,0.2
4949,Rusk,WI,Crude prevalence,14143,11289,0.33899999999999997,0.397,0.107,0.111,0.096,0.098,0.22699999999999998,0.149,0.384,0.41100000000000003,0.047,0.185
4951,Russell,AL,Crude prevalence,58744,44343,0.307,0.467,0.07,0.11,0.075,0.09,0.239,0.17300000000000001,0.41100000000000003,0.43,0.048,0.192
4953,Russell,KS,Crude prevalence,6723,5253,0.337,0.413,0.106,0.105,0.092,0.098,0.207,0.139,0.415,0.415,0.045,0.12300000000000001
4955,Russell,KY,Crude prevalence,18279,14064,,,,,,,,,,,,0.257
4957,Russell,VA,Crude prevalence,25477,20555,0.355,0.429,0.10400000000000001,0.115,0.095,0.114,0.263,0.157,0.435,0.396,0.048,0.218
4959,Rutherford,NC,Crude prevalence,65507,52439,0.324,0.41700000000000004,0.098,0.113,0.08900000000000001,0.10300000000000001,0.267,0.14400000000000002,0.39,0.381,0.047,0.19699999999999998
4961,Rutherford,TN,Crude prevalence,367101,277198,0.261,0.34,0.066,0.107,0.05,0.062,0.268,0.109,0.344,0.379,0.027000000000000003,0.111
4963,Rutland,VT,Crude prevalence,60271,49934,0.319,0.365,0.107,0.11800000000000001,0.075,0.079,0.253,0.10300000000000001,0.337,0.355,0.038,0.114
4965,Sabine,LA,Crude prevalence,21906,16848,0.353,0.47100000000000003,0.091,0.107,0.099,0.115,0.28,0.179,0.425,0.447,0.053,0.195
4967,Sabine,TX,Crude prevalence,10106,8293,0.35200000000000004,0.45899999999999996,0.114,0.106,0.10400000000000001,0.111,0.231,0.166,0.433,0.355,0.054000000000000006,0.203
4969,Sac,IA,Crude prevalence,9686,7495,0.315,0.379,0.107,0.099,0.081,0.081,0.198,0.125,0.381,0.413,0.039,0.11199999999999999
4971,Sacramento,CA,Crude prevalence,1584288,1226535,0.231,0.309,0.066,0.102,0.057,0.055999999999999994,0.225,0.11199999999999999,0.33799999999999997,0.29600000000000004,0.032,0.114
4973,Sagadahoc,ME,Crude prevalence,37513,30865,0.332,0.35,0.105,0.12300000000000001,0.077,0.081,0.271,0.10800000000000001,0.385,0.29600000000000004,0.036000000000000004,0.081
4975,Saginaw,MI,Crude prevalence,187782,147908,0.319,0.401,0.092,0.122,0.08,0.096,0.265,0.141,0.35200000000000004,0.366,0.043,0.14400000000000002
4977,Saguache,CO,Crude prevalence,6688,5416,0.32,0.38299999999999995,0.102,0.111,0.09300000000000001,0.09300000000000001,0.21,0.151,0.39399999999999996,0.29100000000000004,0.047,0.221
4979,Salem,NJ,Crude prevalence,65338,50965,0.26899999999999996,0.374,0.087,0.10099999999999999,0.069,0.07200000000000001,0.18600000000000003,0.11900000000000001,0.396,0.34,0.038,0.098
4981,Salem,VA,Crude prevalence,25600,20601,0.29100000000000004,0.354,0.09,0.10800000000000001,0.067,0.071,0.249,0.12,0.387,0.35200000000000004,0.034,0.12300000000000001
4983,Saline,AR,Crude prevalence,129574,99649,0.27699999999999997,0.4,0.09,0.1,0.071,0.07200000000000001,0.247,0.113,0.386,0.345,0.035,0.138
4985,Saline,IL,Crude prevalence,22873,18163,0.313,0.392,0.098,0.109,0.08199999999999999,0.09699999999999999,0.233,0.135,0.389,0.40299999999999997,0.043,0.152
4987,Saline,KS,Crude prevalence,53098,41187,0.278,0.355,0.08900000000000001,0.099,0.073,0.076,0.207,0.121,0.373,0.41100000000000003,0.036000000000000004,0.11800000000000001
4989,Saline,MO,Crude prevalence,23049,18077,0.282,0.353,0.083,0.105,0.071,0.08199999999999999,0.24600000000000002,0.124,0.373,0.377,0.037000000000000005,0.177
4991,Saline,NE,Crude prevalence,14555,10731,0.24100000000000002,0.32,0.078,0.08800000000000001,0.065,0.065,0.16899999999999998,0.11800000000000001,0.341,0.40399999999999997,0.033,0.132
4993,Salt Lake,UT,Crude prevalence,1185813,893016,0.212,0.275,0.07,0.11,0.044000000000000004,0.044000000000000004,0.278,0.085,0.307,0.299,0.025,0.083
4995,Saluda,SC,Crude prevalence,19123,14912,0.319,0.424,0.091,0.098,0.085,0.096,0.214,0.168,0.415,0.436,0.049,0.14300000000000002
4997,Sampson,NC,Crude prevalence,59601,44966,0.3,0.426,0.077,0.113,0.081,0.092,0.245,0.156,0.381,0.418,0.047,0.249
4999,San Augustine,TX,Crude prevalence,7833,6232,0.361,0.49700000000000005,0.098,0.115,0.11900000000000001,0.141,0.243,0.209,0.43200000000000005,0.435,0.068,0.259
5001,San Benito,CA,Crude prevalence,68175,51135,0.204,0.299,0.061,0.092,0.053,0.047,0.20199999999999999,0.113,0.341,0.315,0.028999999999999998,0.10800000000000001
5003,San Bernardino,CA,Crude prevalence,2195611,1641803,0.215,0.319,0.055,0.099,0.055999999999999994,0.052000000000000005,0.196,0.121,0.34,0.33299999999999996,0.032,0.114
5005,San Diego,CA,Crude prevalence,3269973,2594848,0.196,0.287,0.068,0.08900000000000001,0.052000000000000005,0.047,0.21100000000000002,0.1,0.33399999999999996,0.253,0.027999999999999997,0.10099999999999999
5007,San Francisco,CA,Crude prevalence,808988,698599,0.17600000000000002,0.27,0.06,0.084,0.049,0.039,0.19399999999999998,0.102,0.35200000000000004,0.172,0.026000000000000002,0.044000000000000004
5009,San Jacinto,TX,Crude prevalence,28936,22772,0.31,0.42700000000000005,0.09,0.106,0.09,0.10099999999999999,0.239,0.16399999999999998,0.40700000000000003,0.39,0.048,0.141
5011,San Joaquin,CA,Crude prevalence,800965,593491,0.204,0.304,0.057999999999999996,0.095,0.057,0.055,0.196,0.12300000000000001,0.337,0.307,0.033,0.11900000000000001
5013,San Juan,CO,Crude prevalence,802,709,0.282,0.324,0.10300000000000001,0.10400000000000001,0.069,0.062,0.215,0.102,0.353,0.264,0.034,0.135
5015,San Juan,NM,Crude prevalence,120675,90972,0.278,0.342,0.07400000000000001,0.12,0.083,0.092,0.23399999999999999,0.145,0.324,0.35100000000000003,0.047,0.271
5017,San Juan,UT,Crude prevalence,14358,10367,0.28800000000000003,0.373,0.08,0.133,0.08,0.08900000000000001,0.264,0.154,0.341,0.342,0.047,0.20800000000000002
5019,San Juan,WA,Crude prevalence,18566,16267,0.335,0.37,0.131,0.10400000000000001,0.08,0.064,0.225,0.109,0.392,0.247,0.039,0.091
5021,San Luis Obispo,CA,Crude prevalence,281639,233172,0.24,0.318,0.08900000000000001,0.099,0.064,0.057999999999999996,0.228,0.1,0.341,0.261,0.033,0.067
5023,San Mateo,CA,Crude prevalence,726353,587135,0.20199999999999999,0.292,0.068,0.085,0.052000000000000005,0.04,0.18100000000000002,0.106,0.374,0.223,0.027000000000000003,0.076
5025,San Miguel,CO,Crude prevalence,7868,6642,0.251,0.287,0.09300000000000001,0.105,0.057,0.053,0.21899999999999997,0.087,0.337,0.263,0.027999999999999997,0.075
5027,San Miguel,NM,Crude prevalence,26668,22308,0.275,0.371,0.07400000000000001,0.09,0.085,0.065,0.195,0.171,0.371,0.373,0.044000000000000004,0.125
5029,San Patricio,TX,Crude prevalence,70660,52520,0.244,0.38,0.064,0.096,0.068,0.069,0.207,0.154,0.38799999999999996,0.413,0.036000000000000004,0.184
5031,San Saba,TX,Crude prevalence,5845,4743,0.273,0.382,0.086,0.096,0.08199999999999999,0.086,0.21899999999999997,0.142,0.38799999999999996,0.358,0.042,0.14300000000000002
5033,Sanborn,SD,Crude prevalence,2399,1801,0.29100000000000004,0.359,0.10400000000000001,0.1,0.078,0.078,0.20199999999999999,0.126,0.368,0.363,0.039,0.106
5035,Sanders,MT,Crude prevalence,13684,11386,0.364,0.40399999999999997,0.12,0.11,0.102,0.10800000000000001,0.23,0.13699999999999998,0.38,0.349,0.052000000000000005,0.195
5037,Sandoval,NM,Crude prevalence,155936,122649,0.252,0.34,0.08,0.09699999999999999,0.064,0.055999999999999994,0.231,0.11800000000000001,0.353,0.326,0.034,0.134
5039,Sandusky,OH,Crude prevalence,58709,46050,0.335,0.397,0.094,0.107,0.08,0.08800000000000001,0.25,0.14400000000000002,0.384,0.40700000000000003,0.039,0.184
5041,Sangamon,IL,Crude prevalence,193491,151879,0.28300000000000003,0.37,0.091,0.105,0.066,0.073,0.21100000000000002,0.11900000000000001,0.36200000000000004,0.396,0.035,0.11699999999999999
5043,Sanilac,MI,Crude prevalence,40368,32004,0.342,0.408,0.106,0.11599999999999999,0.08900000000000001,0.107,0.276,0.138,0.38799999999999996,0.4,0.044000000000000004,0.125
5045,Sanpete,UT,Crude prevalence,30277,23084,0.25,0.284,0.076,0.11199999999999999,0.061,0.067,0.268,0.10400000000000001,0.305,0.292,0.033,0.185
5047,Santa Barbara,CA,Crude prevalence,441257,343138,0.218,0.304,0.069,0.09699999999999999,0.06,0.055999999999999994,0.217,0.10800000000000001,0.324,0.261,0.032,0.11699999999999999
5049,Santa Clara,CA,Crude prevalence,1877592,1503217,0.166,0.27,0.057,0.079,0.045,0.035,0.17800000000000002,0.105,0.342,0.21899999999999997,0.024,0.07200000000000001
5051,Santa Cruz,AZ,Crude prevalence,49158,36812,0.24,0.35700000000000004,0.07,0.094,0.075,0.068,0.16,0.155,0.391,0.342,0.040999999999999995,0.21
5053,Santa Cruz,CA,Crude prevalence,261547,214446,0.217,0.305,0.08,0.098,0.059000000000000004,0.054000000000000006,0.228,0.102,0.349,0.258,0.031,0.079
5055,Santa Fe,NM,Crude prevalence,155956,131762,0.267,0.332,0.09699999999999999,0.092,0.076,0.063,0.21899999999999997,0.126,0.35600000000000004,0.256,0.038,0.099
5057,Santa Rosa,FL,Crude prevalence,203162,158829,0.266,0.353,0.092,0.096,0.064,0.068,0.193,0.109,0.371,0.321,0.032,0.075
5059,Sarasota,FL,Crude prevalence,469013,403873,0.34,0.414,0.141,0.091,0.094,0.084,0.179,0.13,0.442,0.292,0.044000000000000004,0.076
5061,Saratoga,NY,Crude prevalence,238711,193626,0.27899999999999997,0.32299999999999995,0.098,0.10300000000000001,0.06,0.057999999999999996,0.20199999999999999,0.096,0.382,0.331,0.03,0.111
5063,Sargent,ND,Crude prevalence,3776,2992,0.295,0.36700000000000005,0.102,0.09699999999999999,0.077,0.07,0.195,0.11800000000000001,0.377,0.41200000000000003,0.037000000000000005,0.10400000000000001
5065,Sarpy,NE,Crude prevalence,199886,148082,0.212,0.301,0.07400000000000001,0.086,0.047,0.046,0.175,0.094,0.319,0.359,0.025,0.075
5067,Sauk,WI,Crude prevalence,65920,51378,0.285,0.34,0.09300000000000001,0.10800000000000001,0.071,0.07,0.242,0.12300000000000001,0.354,0.40399999999999997,0.035,0.08199999999999999
5069,Saunders,NE,Crude prevalence,23463,17644,0.263,0.348,0.094,0.08900000000000001,0.064,0.061,0.165,0.105,0.34600000000000003,0.39299999999999996,0.031,0.09300000000000001
5071,Sawyer,WI,Crude prevalence,18552,15215,0.341,0.414,0.11199999999999999,0.11,0.096,0.09300000000000001,0.22699999999999998,0.152,0.39,0.34299999999999997,0.048,0.096
5073,Schenectady,NY,Crude prevalence,159902,125778,0.255,0.33,0.084,0.11,0.061,0.064,0.193,0.102,0.35700000000000004,0.34299999999999997,0.033,0.128
5075,Schleicher,TX,Crude prevalence,2391,1809,0.259,0.371,0.079,0.091,0.07400000000000001,0.067,0.20199999999999999,0.14800000000000002,0.39,0.36,0.038,0.131
5077,Schley,GA,Crude prevalence,4526,3488,0.301,0.415,0.087,0.105,0.078,0.085,0.20800000000000002,0.151,0.401,0.374,0.044000000000000004,0.17800000000000002
5079,Schoharie,NY,Crude prevalence,30105,24919,0.29100000000000004,0.368,0.10400000000000001,0.11,0.076,0.079,0.2,0.113,0.39299999999999996,0.324,0.038,0.08
5081,Schoolcraft,MI,Crude prevalence,8149,6684,0.38299999999999995,0.439,0.12,0.11900000000000001,0.10300000000000001,0.11900000000000001,0.266,0.158,0.41100000000000003,0.40299999999999997,0.051,0.191
5083,Schuyler,IL,Crude prevalence,6733,5549,0.319,0.414,0.102,0.10300000000000001,0.087,0.098,0.21899999999999997,0.14400000000000002,0.39899999999999997,0.40399999999999997,0.045,0.11800000000000001
5085,Schuyler,MO,Crude prevalence,4053,2951,0.312,0.382,0.09699999999999999,0.10400000000000001,0.076,0.08900000000000001,0.243,0.122,0.389,0.38799999999999996,0.039,0.153
5087,Schuyler,NY,Crude prevalence,17507,14192,0.319,0.37799999999999995,0.106,0.11199999999999999,0.08199999999999999,0.09,0.20800000000000002,0.124,0.389,0.317,0.040999999999999995,0.11199999999999999
5089,Schuylkill,PA,Crude prevalence,143786,115159,,,,,,,,,,,,0.138
5091,Scioto,OH,Crude prevalence,71969,56470,0.335,0.436,0.09300000000000001,0.11599999999999999,0.09,0.114,0.293,0.153,0.387,0.447,0.044000000000000004,0.213
5093,Scotland,MO,Crude prevalence,4676,3300,0.316,0.38299999999999995,0.09699999999999999,0.10800000000000001,0.084,0.10400000000000001,0.251,0.128,0.392,0.371,0.043,0.20600000000000002
5095,Scotland,NC,Crude prevalence,34376,26528,0.307,0.461,0.073,0.124,0.09,0.109,0.243,0.174,0.381,0.452,0.055999999999999994,0.22
5097,Scott,AR,Crude prevalence,9851,7622,0.326,0.441,0.095,0.10300000000000001,0.095,0.106,0.251,0.14800000000000002,0.41200000000000003,0.37,0.047,0.17300000000000001
5099,Scott,IA,Crude prevalence,174270,134300,0.28800000000000003,0.32799999999999996,0.087,0.105,0.063,0.067,0.205,0.11,0.349,0.406,0.033,0.09699999999999999
5101,Scott,IL,Crude prevalence,4710,3763,0.305,0.374,0.1,0.10400000000000001,0.075,0.086,0.22699999999999998,0.12300000000000001,0.387,0.384,0.038,0.102
5103,Scott,IN,Crude prevalence,24657,19068,0.312,0.406,0.087,0.11699999999999999,0.078,0.10400000000000001,0.273,0.141,0.405,0.423,0.039,0.244
5105,Scott,KS,Crude prevalence,4922,3638,0.272,0.35,0.091,0.095,0.071,0.069,0.191,0.114,0.368,0.381,0.034,0.17600000000000002
5107,Scott,KY,Crude prevalence,60168,45676,,,,,,,,,,,,0.127
5109,Scott,MN,Crude prevalence,155814,116237,0.19899999999999998,0.303,0.076,0.095,0.048,0.043,0.223,0.094,0.319,0.32,0.025,0.055
5111,Scott,MO,Crude prevalence,37889,28776,0.31,0.39799999999999996,0.09,0.11,0.078,0.099,0.24600000000000002,0.134,0.392,0.381,0.042,0.207
5113,Scott,MS,Crude prevalence,27507,19774,0.321,0.467,0.07200000000000001,0.10400000000000001,0.086,0.105,0.2,0.183,0.402,0.434,0.054000000000000006,0.257
5115,Scott,TN,Crude prevalence,22171,17051,0.35600000000000004,0.441,0.08900000000000001,0.11800000000000001,0.096,0.138,0.327,0.166,0.41700000000000004,0.434,0.049,0.198
5117,Scott,VA,Crude prevalence,21433,17546,0.364,0.436,0.107,0.113,0.10099999999999999,0.11599999999999999,0.267,0.16399999999999998,0.441,0.38299999999999995,0.05,0.133
5119,Scotts Bluff,NE,Crude prevalence,35699,27153,0.282,0.377,0.092,0.092,0.075,0.076,0.175,0.13,0.344,0.391,0.038,0.11599999999999999
5121,Screven,GA,Crude prevalence,14174,11178,0.316,0.461,0.083,0.11,0.085,0.09699999999999999,0.2,0.17800000000000002,0.408,0.4,0.052000000000000005,0.213
5123,Scurry,TX,Crude prevalence,16212,11981,0.244,0.353,0.07,0.096,0.067,0.07,0.221,0.136,0.369,0.381,0.036000000000000004,0.217
5125,Searcy,AR,Crude prevalence,7806,6215,0.377,0.493,0.109,0.107,0.11900000000000001,0.13699999999999998,0.26,0.17600000000000002,0.449,0.39899999999999997,0.057999999999999996,0.20199999999999999
5127,Sebastian,AR,Crude prevalence,129098,98581,0.278,0.40700000000000003,0.08,0.10300000000000001,0.077,0.085,0.249,0.131,0.402,0.36200000000000004,0.039,0.165
5129,Sedgwick,CO,Crude prevalence,2299,1854,0.336,0.37799999999999995,0.11800000000000001,0.111,0.09300000000000001,0.091,0.21899999999999997,0.13,0.382,0.28,0.047,0.14300000000000002
5131,Sedgwick,KS,Crude prevalence,528469,398378,0.249,0.34700000000000003,0.076,0.1,0.065,0.071,0.226,0.12,0.365,0.386,0.034,0.08
5133,Seminole,FL,Crude prevalence,484271,385528,0.228,0.322,0.081,0.091,0.059000000000000004,0.055999999999999994,0.16399999999999998,0.11,0.355,0.295,0.03,0.106
5135,Seminole,GA,Crude prevalence,9092,7325,0.342,0.47,0.098,0.10800000000000001,0.095,0.102,0.195,0.18,0.426,0.39399999999999996,0.054000000000000006,0.20600000000000002
5137,Seminole,OK,Crude prevalence,23565,17848,0.326,0.444,0.085,0.127,0.096,0.114,0.276,0.161,0.418,0.45,0.05,0.258
5139,Seneca,NY,Crude prevalence,32349,25660,0.295,0.364,0.1,0.11199999999999999,0.078,0.087,0.212,0.11599999999999999,0.384,0.34700000000000003,0.04,0.171
5141,Seneca,OH,Crude prevalence,54527,42948,0.314,0.36,0.092,0.10800000000000001,0.07400000000000001,0.085,0.254,0.132,0.36700000000000005,0.358,0.036000000000000004,0.149
5143,Sequatchie,TN,Crude prevalence,17161,13711,0.365,0.447,0.098,0.113,0.098,0.128,0.313,0.16699999999999998,0.42100000000000004,0.39399999999999996,0.049,0.23399999999999999
5145,Sequoyah,OK,Crude prevalence,40291,30639,0.33,0.447,0.087,0.128,0.09699999999999999,0.115,0.268,0.166,0.41,0.47100000000000003,0.051,0.28300000000000003
5147,Sevier,AR,Crude prevalence,15632,11232,0.285,0.402,0.07200000000000001,0.102,0.086,0.099,0.24100000000000002,0.152,0.39299999999999996,0.414,0.044000000000000004,0.235
5149,Sevier,TN,Crude prevalence,99415,78781,0.342,0.408,0.09699999999999999,0.10800000000000001,0.08199999999999999,0.10099999999999999,0.294,0.14400000000000002,0.41600000000000004,0.384,0.040999999999999995,0.18899999999999997
5151,Sevier,UT,Crude prevalence,22344,16249,0.281,0.32899999999999996,0.09,0.111,0.064,0.066,0.275,0.105,0.34700000000000003,0.364,0.033,0.195
5153,Seward,KS,Crude prevalence,21067,14437,0.21,0.315,0.053,0.092,0.06,0.06,0.17800000000000002,0.134,0.348,0.42700000000000005,0.032,0.14800000000000002
5155,Seward,NE,Crude prevalence,17671,13590,0.249,0.32,0.08800000000000001,0.091,0.06,0.059000000000000004,0.184,0.095,0.32799999999999996,0.345,0.03,0.139
5157,Shackelford,TX,Crude prevalence,3229,2477,0.278,0.368,0.096,0.099,0.07,0.071,0.23199999999999998,0.12300000000000001,0.39,0.33799999999999997,0.036000000000000004,0.08199999999999999
5159,Shannon,MO,Crude prevalence,7238,5590,0.35200000000000004,0.425,0.105,0.109,0.095,0.11699999999999999,0.249,0.152,0.41,0.37,0.049,0.245
5161,Sharkey,MS,Crude prevalence,3336,2528,0.376,0.584,0.073,0.113,0.113,0.133,0.17600000000000002,0.252,0.42700000000000005,0.503,0.078,0.29100000000000004
5163,Sharp,AR,Crude prevalence,17968,14333,0.365,0.467,0.107,0.106,0.10800000000000001,0.12300000000000001,0.261,0.162,0.434,0.39399999999999996,0.053,0.24100000000000002
5165,Shasta,CA,Crude prevalence,180366,141552,0.278,0.359,0.095,0.10800000000000001,0.073,0.076,0.243,0.11699999999999999,0.39,0.293,0.039,0.086
5167,Shawano,WI,Crude prevalence,41109,32448,0.309,0.359,0.098,0.11199999999999999,0.081,0.08199999999999999,0.22,0.129,0.371,0.40399999999999997,0.040999999999999995,0.091
5169,Shawnee,KS,Crude prevalence,177746,137140,0.27699999999999997,0.39,0.08800000000000001,0.105,0.071,0.07400000000000001,0.23,0.125,0.41200000000000003,0.38299999999999995,0.035,0.107
5171,Sheboygan,WI,Crude prevalence,117752,92697,0.268,0.354,0.09,0.10300000000000001,0.069,0.065,0.22,0.115,0.35,0.366,0.034,0.081
5173,Shelby,AL,Crude prevalence,233000,180682,0.275,0.402,0.08900000000000001,0.09300000000000001,0.057,0.055,0.21600000000000003,0.11199999999999999,0.40399999999999997,0.317,0.03,0.10400000000000001
5175,Shelby,IA,Crude prevalence,11806,9133,0.314,0.374,0.107,0.1,0.079,0.079,0.19899999999999998,0.125,0.385,0.37799999999999995,0.039,0.14400000000000002
5177,Shelby,IL,Crude prevalence,20568,16229,0.317,0.389,0.106,0.10400000000000001,0.081,0.09,0.22399999999999998,0.13,0.395,0.376,0.040999999999999995,0.113
5179,Shelby,IN,Crude prevalence,45231,35206,0.316,0.40299999999999997,0.09300000000000001,0.11199999999999999,0.076,0.092,0.26899999999999996,0.139,0.40399999999999997,0.41200000000000003,0.037000000000000005,0.18
5181,Shelby,KY,Crude prevalence,49515,38642,,,,,,,,,,,,0.14400000000000002
5183,Shelby,MO,Crude prevalence,5931,4506,0.344,0.426,0.102,0.10800000000000001,0.096,0.11800000000000001,0.252,0.149,0.408,0.40299999999999997,0.048,0.23600000000000002
5185,Shelby,OH,Crude prevalence,47765,36087,0.314,0.382,0.09300000000000001,0.11,0.077,0.08800000000000001,0.256,0.133,0.37200000000000005,0.396,0.037000000000000005,0.153
5187,Shelby,TN,Crude prevalence,910042,678990,0.27399999999999997,0.43,0.065,0.11699999999999999,0.065,0.079,0.249,0.159,0.37799999999999995,0.397,0.042,0.21
5189,Shelby,TX,Crude prevalence,24179,17790,0.294,0.42,0.079,0.11,0.085,0.10099999999999999,0.239,0.16399999999999998,0.395,0.41100000000000003,0.048,0.195
5191,Shenandoah,VA,Crude prevalence,45228,35666,0.319,0.387,0.098,0.109,0.083,0.091,0.23600000000000002,0.141,0.402,0.36200000000000004,0.042,0.11900000000000001
5193,Sherburne,MN,Crude prevalence,102206,75976,0.213,0.287,0.076,0.098,0.05,0.049,0.24100000000000002,0.09,0.313,0.39,0.026000000000000002,0.113
5195,Sheridan,KS,Crude prevalence,2423,1821,0.304,0.37,0.105,0.098,0.078,0.075,0.2,0.11800000000000001,0.382,0.34,0.037000000000000005,0.136
5197,Sheridan,MT,Crude prevalence,3498,2775,0.321,0.375,0.106,0.111,0.079,0.083,0.235,0.115,0.365,0.355,0.040999999999999995,0.18100000000000002
5199,Sheridan,ND,Crude prevalence,1266,1018,0.364,0.441,0.134,0.098,0.105,0.09,0.18899999999999997,0.139,0.418,0.36200000000000004,0.05,0.13
5201,Sheridan,NE,Crude prevalence,4928,3887,0.304,0.40700000000000003,0.11199999999999999,0.095,0.08900000000000001,0.087,0.16399999999999998,0.139,0.35600000000000004,0.36,0.045,0.155
5203,Sheridan,WY,Crude prevalence,32519,25809,0.273,0.34,0.10099999999999999,0.1,0.07,0.071,0.231,0.109,0.33,0.306,0.035,0.09699999999999999
5205,Sherman,KS,Crude prevalence,5844,4429,0.28300000000000003,0.374,0.09300000000000001,0.099,0.077,0.078,0.20199999999999999,0.12300000000000001,0.37,0.382,0.037000000000000005,0.083
5207,Sherman,NE,Crude prevalence,2983,2327,0.311,0.39899999999999997,0.11199999999999999,0.09300000000000001,0.09,0.08800000000000001,0.16699999999999998,0.13699999999999998,0.385,0.414,0.044000000000000004,0.1
5209,Sherman,OR,Crude prevalence,1951,1533,0.353,0.402,0.113,0.122,0.094,0.099,0.264,0.142,0.385,0.366,0.047,0.132
5211,Sherman,TX,Crude prevalence,2678,1950,0.23600000000000002,0.342,0.073,0.09300000000000001,0.065,0.062,0.21,0.129,0.37,0.354,0.033,0.13
5213,Shiawassee,MI,Crude prevalence,68025,54057,0.32299999999999995,0.376,0.1,0.11599999999999999,0.077,0.092,0.28300000000000003,0.125,0.374,0.38799999999999996,0.038,0.11599999999999999
5215,Shoshone,ID,Crude prevalence,14026,11081,0.342,0.374,0.099,0.113,0.087,0.099,0.22899999999999998,0.135,0.38799999999999996,0.361,0.046,0.22899999999999998
5217,Sibley,MN,Crude prevalence,15084,11635,0.256,0.34,0.09300000000000001,0.099,0.07200000000000001,0.067,0.23399999999999999,0.115,0.342,0.38799999999999996,0.036000000000000004,0.10400000000000001
5219,Sierra,CA,Crude prevalence,3200,2670,0.345,0.428,0.12,0.106,0.10300000000000001,0.102,0.23199999999999998,0.153,0.42200000000000004,0.325,0.052000000000000005,0.141
5221,Sierra,NM,Crude prevalence,11488,9643,0.37799999999999995,0.462,0.121,0.10099999999999999,0.127,0.11900000000000001,0.22,0.182,0.428,0.368,0.064,0.16
5223,Silver Bow,MT,Crude prevalence,36360,29065,0.27899999999999997,0.325,0.08900000000000001,0.111,0.068,0.076,0.251,0.102,0.321,0.32299999999999995,0.036000000000000004,0.10800000000000001
5225,Simpson,KY,Crude prevalence,20195,15511,,,,,,,,,,,,0.149
5227,Simpson,MS,Crude prevalence,25715,19707,0.32,0.462,0.08199999999999999,0.10099999999999999,0.081,0.094,0.19699999999999998,0.162,0.406,0.402,0.049,0.205
5229,Sioux,IA,Crude prevalence,36246,26374,0.23199999999999998,0.325,0.085,0.096,0.059000000000000004,0.06,0.203,0.098,0.35,0.33,0.028999999999999998,0.092
5231,Sioux,ND,Crude prevalence,3643,2396,0.299,0.413,0.059000000000000004,0.147,0.099,0.122,0.239,0.20199999999999999,0.33899999999999997,0.491,0.06,0.285
5233,Sioux,NE,Crude prevalence,1154,947,0.33899999999999997,0.439,0.11800000000000001,0.094,0.109,0.106,0.172,0.16,0.395,0.426,0.052000000000000005,0.12
5235,Siskiyou,CA,Crude prevalence,42905,34437,0.319,0.39399999999999996,0.11,0.11,0.092,0.091,0.24,0.139,0.401,0.318,0.047,0.099
5237,Sitka,AK,Crude prevalence,8282,6728,0.24100000000000002,0.337,0.081,0.10099999999999999,0.061,0.06,0.191,0.099,0.33299999999999996,0.298,0.033,0.10099999999999999
5239,Skagit,WA,Crude prevalence,131417,104403,0.3,0.332,0.09699999999999999,0.11,0.069,0.065,0.255,0.10800000000000001,0.344,0.33,0.036000000000000004,0.114
5241,Skagway,AK,Crude prevalence,1095,925,0.24600000000000002,0.336,0.084,0.1,0.061,0.063,0.19399999999999998,0.091,0.34299999999999997,0.36200000000000004,0.032,0.13
5243,Skamania,WA,Crude prevalence,12640,10535,0.311,0.36200000000000004,0.10800000000000001,0.115,0.07400000000000001,0.07,0.252,0.11199999999999999,0.369,0.32799999999999996,0.038,0.09699999999999999
5245,Slope,ND,Crude prevalence,674,550,0.359,0.444,0.126,0.098,0.10300000000000001,0.094,0.18600000000000003,0.146,0.42100000000000004,0.38299999999999995,0.049,0.13699999999999998
5247,Smith,KS,Crude prevalence,3590,2863,0.332,0.408,0.11599999999999999,0.098,0.09,0.087,0.192,0.133,0.415,0.39,0.043,0.131
5249,Smith,MS,Crude prevalence,14099,10861,0.33899999999999997,0.485,0.091,0.102,0.09300000000000001,0.11,0.209,0.16899999999999998,0.42200000000000004,0.436,0.053,0.252
5251,Smith,TN,Crude prevalence,20538,15962,0.327,0.391,0.09,0.11,0.075,0.09699999999999999,0.3,0.135,0.392,0.391,0.038,0.11699999999999999
5253,Smith,TX,Crude prevalence,245209,186274,0.254,0.364,0.076,0.105,0.065,0.07,0.233,0.132,0.368,0.375,0.037000000000000005,0.154
5255,Smyth,VA,Crude prevalence,29216,23575,0.337,0.409,0.1,0.114,0.09300000000000001,0.109,0.26,0.154,0.41700000000000004,0.381,0.047,0.19399999999999998
5257,Snohomish,WA,Crude prevalence,844761,660415,0.237,0.29600000000000004,0.076,0.111,0.049,0.048,0.25,0.091,0.353,0.306,0.027000000000000003,0.061
5259,Snyder,PA,Crude prevalence,39717,31550,,,,,,,,,,,,0.159
5261,Socorro,NM,Crude prevalence,15963,12594,0.267,0.366,0.073,0.1,0.087,0.081,0.217,0.157,0.353,0.36200000000000004,0.046,0.265
5263,Solano,CA,Crude prevalence,449218,351690,0.22399999999999998,0.33299999999999996,0.069,0.10099999999999999,0.057999999999999996,0.053,0.19399999999999998,0.121,0.35600000000000004,0.313,0.033,0.096
5265,Somerset,MD,Crude prevalence,24910,20561,0.29,0.42700000000000005,0.075,0.11699999999999999,0.075,0.087,0.209,0.142,0.373,0.384,0.043,0.172
5267,Somerset,ME,Crude prevalence,51302,41911,0.35600000000000004,0.39299999999999996,0.099,0.135,0.09300000000000001,0.113,0.28800000000000003,0.139,0.41100000000000003,0.37200000000000005,0.044000000000000004,0.155
5269,Somerset,NJ,Crude prevalence,348842,275979,0.212,0.306,0.076,0.08,0.049,0.040999999999999995,0.139,0.10099999999999999,0.39299999999999996,0.263,0.026000000000000002,0.083
5271,Somerset,PA,Crude prevalence,72197,59202,,,,,,,,,,,,0.12
5273,Somervell,TX,Crude prevalence,9888,7756,0.273,0.366,0.09,0.099,0.069,0.071,0.231,0.12300000000000001,0.385,0.34299999999999997,0.035,0.102
5275,Sonoma,CA,Crude prevalence,481812,391558,0.245,0.316,0.09,0.098,0.064,0.057999999999999996,0.22899999999999998,0.107,0.349,0.261,0.033,0.078
5277,South Central Connecticut,CT,Crude prevalence,568158,457936,0.24600000000000002,0.32799999999999996,0.081,0.109,0.059000000000000004,0.055999999999999994,0.204,0.10400000000000001,0.382,0.33399999999999996,0.032,0.111
5279,Southampton,VA,Crude prevalence,17975,14690,0.321,0.43200000000000005,0.087,0.111,0.078,0.08,0.215,0.159,0.41100000000000003,0.384,0.045,0.142
5281,Southeast Fairbanks,AK,Crude prevalence,7077,5262,0.252,0.355,0.077,0.10099999999999999,0.07,0.075,0.193,0.102,0.331,0.35700000000000004,0.037000000000000005,0.126
5283,Southeastern Connecticut,CT,Crude prevalence,279634,226482,0.266,0.344,0.087,0.11699999999999999,0.061,0.063,0.231,0.1,0.36200000000000004,0.325,0.033,0.105
5285,Spalding,GA,Crude prevalence,69946,53654,0.28800000000000003,0.431,0.079,0.10800000000000001,0.077,0.08800000000000001,0.2,0.16,0.39,0.397,0.046,0.165
5287,Spartanburg,SC,Crude prevalence,356698,273436,0.28300000000000003,0.382,0.08,0.09699999999999999,0.065,0.075,0.24100000000000002,0.135,0.385,0.379,0.037000000000000005,0.12300000000000001
5289,Spencer,IN,Crude prevalence,19910,15626,0.317,0.409,0.099,0.109,0.076,0.086,0.258,0.134,0.41,0.39899999999999997,0.036000000000000004,0.124
5291,Spencer,KY,Crude prevalence,20531,15906,,,,,,,,,,,,0.147
5293,Spink,SD,Crude prevalence,6166,4773,0.3,0.373,0.114,0.1,0.083,0.08,0.20199999999999999,0.129,0.376,0.36,0.042,0.14400000000000002
5295,Spokane,WA,Crude prevalence,551455,433863,0.264,0.311,0.084,0.115,0.06,0.06,0.265,0.102,0.34700000000000003,0.34700000000000003,0.032,0.10099999999999999
5297,Spotsylvania,VA,Crude prevalence,149588,113315,0.261,0.365,0.077,0.107,0.059000000000000004,0.061,0.22699999999999998,0.126,0.374,0.40299999999999997,0.032,0.095
5299,St. Bernard,LA,Crude prevalence,44463,33008,0.294,0.42,0.068,0.106,0.07400000000000001,0.091,0.27899999999999997,0.153,0.39,0.428,0.042,0.22699999999999998
5301,St. Charles,LA,Crude prevalence,50620,38554,0.285,0.41200000000000003,0.077,0.099,0.065,0.071,0.255,0.132,0.387,0.377,0.036000000000000004,0.135
5303,St. Charles,MO,Crude prevalence,416659,323865,0.263,0.319,0.09,0.1,0.055999999999999994,0.057999999999999996,0.228,0.10300000000000001,0.369,0.35700000000000004,0.027999999999999997,0.121
5305,St. Clair,AL,Crude prevalence,95552,74442,0.313,0.418,0.08900000000000001,0.1,0.071,0.079,0.25,0.13,0.42700000000000005,0.396,0.037000000000000005,0.11199999999999999
5307,St. Clair,IL,Crude prevalence,251018,194116,0.28300000000000003,0.39,0.079,0.111,0.065,0.07200000000000001,0.209,0.131,0.365,0.38799999999999996,0.038,0.11800000000000001
5309,St. Clair,MI,Crude prevalence,159874,127824,0.32,0.387,0.10099999999999999,0.11699999999999999,0.077,0.092,0.275,0.122,0.363,0.365,0.038,0.159
5311,St. Clair,MO,Crude prevalence,9752,7697,0.363,0.45,0.111,0.10800000000000001,0.105,0.125,0.252,0.162,0.42200000000000004,0.376,0.053,0.21100000000000002
5313,St. Croix,WI,Crude prevalence,96763,74028,0.247,0.32,0.087,0.10400000000000001,0.057,0.055,0.226,0.096,0.32799999999999996,0.363,0.028999999999999998,0.09
5315,St. Francis,AR,Crude prevalence,22101,17444,0.306,0.501,0.069,0.11,0.09300000000000001,0.109,0.217,0.18899999999999997,0.371,0.48200000000000004,0.057,0.243
5317,St. Francois,MO,Crude prevalence,67058,53194,0.305,0.392,0.086,0.10800000000000001,0.077,0.10099999999999999,0.259,0.129,0.379,0.40299999999999997,0.04,0.149
5319,St. Helena,LA,Crude prevalence,10774,8595,0.34600000000000003,0.493,0.078,0.113,0.098,0.115,0.257,0.198,0.41,0.42700000000000005,0.061,0.276
5321,St. James,LA,Crude prevalence,19191,14995,0.319,0.46,0.079,0.105,0.078,0.083,0.245,0.165,0.385,0.43700000000000006,0.048,0.175
5323,St. John the Baptist,LA,Crude prevalence,39592,30134,0.293,0.46399999999999997,0.065,0.107,0.07200000000000001,0.078,0.24,0.172,0.389,0.418,0.046,0.195
5325,St. Johns,FL,Crude prevalence,320110,251521,0.271,0.34600000000000003,0.106,0.09300000000000001,0.065,0.06,0.174,0.106,0.382,0.292,0.031,0.07400000000000001
5327,St. Joseph,IN,Crude prevalence,272848,209729,0.27399999999999997,0.37200000000000005,0.081,0.111,0.065,0.078,0.272,0.129,0.377,0.353,0.034,0.122
5329,St. Joseph,MI,Crude prevalence,60878,46399,0.313,0.376,0.095,0.11599999999999999,0.078,0.096,0.275,0.128,0.354,0.38299999999999995,0.039,0.18
5331,St. Landry,LA,Crude prevalence,81464,59706,0.32799999999999996,0.473,0.07400000000000001,0.11199999999999999,0.09,0.11199999999999999,0.266,0.182,0.401,0.40399999999999997,0.055,0.21600000000000003
5333,St. Lawrence,NY,Crude prevalence,106940,85802,0.292,0.365,0.091,0.11699999999999999,0.073,0.086,0.23600000000000002,0.11900000000000001,0.366,0.418,0.038,0.20800000000000002
5335,St. Louis,MN,Crude prevalence,200514,163794,0.253,0.321,0.092,0.105,0.07,0.065,0.25,0.11199999999999999,0.321,0.35200000000000004,0.035,0.162
5338,St. Louis,MO,Crude prevalence,281754,230905,0.256,0.375,0.065,0.11699999999999999,0.061,0.07400000000000001,0.239,0.133,0.337,0.37,0.039,0.168
5339,St. Louis,MO,Crude prevalence,987059,771815,0.28,0.369,0.085,0.106,0.061,0.065,0.22699999999999998,0.115,0.365,0.313,0.034,0.12
5341,St. Lucie,FL,Crude prevalence,373586,300271,0.295,0.39899999999999997,0.1,0.099,0.084,0.083,0.17,0.145,0.40299999999999997,0.315,0.043,0.115
5343,St. Martin,LA,Crude prevalence,51057,38941,0.316,0.43700000000000006,0.079,0.105,0.08,0.09699999999999999,0.285,0.155,0.39799999999999996,0.45299999999999996,0.046,0.151
5345,St. Mary,LA,Crude prevalence,47055,35623,0.336,0.474,0.08,0.107,0.092,0.10800000000000001,0.273,0.18100000000000002,0.42700000000000005,0.45,0.054000000000000006,0.237
5347,St. Mary's,MD,Crude prevalence,115281,87752,0.273,0.34700000000000003,0.08,0.107,0.057,0.059000000000000004,0.212,0.114,0.37200000000000005,0.374,0.03,0.08
5349,St. Tammany,LA,Crude prevalence,275583,211037,0.281,0.389,0.08900000000000001,0.095,0.07,0.07200000000000001,0.252,0.133,0.377,0.374,0.036000000000000004,0.10300000000000001
5351,Stafford,KS,Crude prevalence,3909,2956,0.308,0.38299999999999995,0.099,0.10099999999999999,0.081,0.084,0.204,0.131,0.4,0.41,0.04,0.168
5353,Stafford,VA,Crude prevalence,165428,122402,0.23399999999999999,0.315,0.066,0.10300000000000001,0.048,0.048,0.221,0.107,0.35700000000000004,0.35700000000000004,0.027000000000000003,0.091
5355,Stanislaus,CA,Crude prevalence,551430,405599,0.23,0.318,0.062,0.1,0.061,0.061,0.209,0.11900000000000001,0.34600000000000003,0.364,0.034,0.154
5357,Stanley,SD,Crude prevalence,3043,2361,0.27699999999999997,0.336,0.106,0.098,0.069,0.063,0.2,0.111,0.354,0.35200000000000004,0.034,0.115
5359,Stanly,NC,Crude prevalence,65699,51434,0.295,0.384,0.08800000000000001,0.11,0.076,0.086,0.257,0.127,0.375,0.363,0.04,0.19699999999999998
5361,Stanton,KS,Crude prevalence,1901,1393,0.27699999999999997,0.366,0.08,0.09699999999999999,0.081,0.083,0.191,0.147,0.38,0.395,0.040999999999999995,0.15
5363,Stanton,NE,Crude prevalence,5856,4443,0.27,0.34299999999999997,0.099,0.091,0.071,0.068,0.16399999999999998,0.115,0.358,0.39799999999999996,0.035,0.12
5365,Stark,IL,Crude prevalence,5218,4084,0.306,0.385,0.102,0.10300000000000001,0.079,0.08800000000000001,0.223,0.127,0.39,0.382,0.04,0.10400000000000001
5367,Stark,ND,Crude prevalence,33001,23903,0.242,0.317,0.078,0.098,0.06,0.06,0.19699999999999998,0.095,0.35,0.374,0.03,0.125
5369,Stark,OH,Crude prevalence,372716,292739,0.321,0.385,0.094,0.11199999999999999,0.079,0.08800000000000001,0.251,0.13699999999999998,0.386,0.40399999999999997,0.039,0.192
5371,Starke,IN,Crude prevalence,23206,18050,0.33899999999999997,0.41200000000000003,0.096,0.114,0.086,0.109,0.264,0.15,0.41200000000000003,0.424,0.043,0.207
5373,Starr,TX,Crude prevalence,65934,44621,0.22399999999999998,0.366,0.040999999999999995,0.09300000000000001,0.076,0.07200000000000001,0.212,0.2,0.37200000000000005,0.45,0.042,0.23600000000000002
5375,Staunton,VA,Crude prevalence,25915,20871,0.303,0.371,0.092,0.11,0.07,0.075,0.245,0.129,0.39,0.364,0.037000000000000005,0.094
5377,Ste. Genevieve,MO,Crude prevalence,18642,14648,0.324,0.39399999999999996,0.099,0.10400000000000001,0.079,0.091,0.244,0.125,0.39799999999999996,0.37200000000000005,0.039,0.14400000000000002
5379,Stearns,MN,Crude prevalence,160977,123090,0.218,0.301,0.08199999999999999,0.10300000000000001,0.061,0.057999999999999996,0.251,0.10099999999999999,0.327,0.36,0.032,0.09
5381,Steele,MN,Crude prevalence,37421,28437,0.24600000000000002,0.33299999999999996,0.09300000000000001,0.099,0.067,0.061,0.231,0.109,0.337,0.374,0.034,0.051
5383,Steele,ND,Crude prevalence,1782,1384,0.32,0.38799999999999996,0.111,0.098,0.087,0.079,0.195,0.127,0.396,0.35,0.040999999999999995,0.125
5385,Stephens,GA,Crude prevalence,27228,21289,0.305,0.41100000000000003,0.092,0.105,0.083,0.096,0.221,0.149,0.40399999999999997,0.385,0.045,0.18899999999999997
5387,Stephens,OK,Crude prevalence,44014,33994,0.32299999999999995,0.43700000000000006,0.09300000000000001,0.11599999999999999,0.08800000000000001,0.098,0.254,0.142,0.405,0.391,0.044000000000000004,0.20800000000000002
5389,Stephens,TX,Crude prevalence,9343,7416,0.271,0.377,0.084,0.098,0.077,0.084,0.228,0.138,0.381,0.363,0.04,0.14300000000000002
5391,Stephenson,IL,Crude prevalence,43105,34127,0.319,0.401,0.10400000000000001,0.106,0.083,0.091,0.22399999999999998,0.139,0.395,0.406,0.043,0.14
5393,Sterling,TX,Crude prevalence,1397,980,0.22,0.311,0.071,0.092,0.051,0.049,0.214,0.105,0.353,0.332,0.027000000000000003,0.11199999999999999
5395,Steuben,IN,Crude prevalence,34917,28111,0.312,0.392,0.099,0.111,0.078,0.08800000000000001,0.254,0.135,0.41200000000000003,0.348,0.037000000000000005,0.125
5397,Steuben,NY,Crude prevalence,92162,72423,0.311,0.35700000000000004,0.1,0.11,0.075,0.083,0.217,0.115,0.387,0.348,0.038,0.134
5399,Stevens,KS,Crude prevalence,5077,3621,0.281,0.37799999999999995,0.079,0.10099999999999999,0.084,0.091,0.19899999999999998,0.149,0.381,0.413,0.042,0.185
5401,Stevens,MN,Crude prevalence,9728,7542,0.22,0.287,0.08,0.1,0.06,0.055,0.24600000000000002,0.09699999999999999,0.307,0.368,0.03,0.146
5403,Stevens,WA,Crude prevalence,48837,38686,0.34700000000000003,0.376,0.11199999999999999,0.12,0.087,0.086,0.243,0.126,0.382,0.34299999999999997,0.044000000000000004,0.14
5405,Stewart,GA,Crude prevalence,4674,4068,0.256,0.431,0.055,0.1,0.079,0.09300000000000001,0.17300000000000001,0.179,0.368,0.41600000000000004,0.052000000000000005,0.242
5407,Stewart,TN,Crude prevalence,14222,11296,0.34299999999999997,0.414,0.09699999999999999,0.10800000000000001,0.08,0.098,0.29,0.14,0.41,0.381,0.04,0.156
5409,Stillwater,MT,Crude prevalence,9173,7300,0.32,0.35100000000000003,0.10800000000000001,0.10800000000000001,0.073,0.075,0.226,0.10800000000000001,0.359,0.302,0.038,0.069
5411,Stoddard,MO,Crude prevalence,28397,22190,0.348,0.402,0.096,0.109,0.08800000000000001,0.114,0.261,0.142,0.389,0.376,0.046,0.259
5413,Stokes,NC,Crude prevalence,45532,37073,0.33299999999999996,0.41,0.102,0.109,0.084,0.094,0.263,0.132,0.40399999999999997,0.371,0.043,0.155
5415,Stone,AR,Crude prevalence,12671,10181,0.37200000000000005,0.479,0.11599999999999999,0.105,0.11800000000000001,0.132,0.253,0.17,0.444,0.39799999999999996,0.057,0.228
5417,Stone,MO,Crude prevalence,32658,27152,0.38299999999999995,0.455,0.12300000000000001,0.10400000000000001,0.102,0.113,0.235,0.156,0.44799999999999995,0.41100000000000003,0.05,0.15
5419,Stone,MS,Crude prevalence,18756,14785,0.299,0.43,0.08199999999999999,0.09699999999999999,0.07400000000000001,0.086,0.209,0.14,0.39,0.41,0.040999999999999995,0.18899999999999997
5421,Stonewall,TX,Crude prevalence,1218,955,0.321,0.42700000000000005,0.10400000000000001,0.1,0.094,0.096,0.221,0.158,0.41700000000000004,0.358,0.049,0.213
5423,Storey,NV,Crude prevalence,4177,3662,0.336,0.385,0.124,0.10300000000000001,0.084,0.081,0.19699999999999998,0.124,0.43799999999999994,0.316,0.040999999999999995,0.091
5425,Story,IA,Crude prevalence,98566,82292,0.18899999999999997,0.264,0.064,0.09699999999999999,0.047,0.048,0.215,0.081,0.31,0.308,0.023,0.115
5427,Strafford,NH,Crude prevalence,133243,110001,0.26,0.309,0.086,0.107,0.053,0.06,0.263,0.086,0.345,0.324,0.027999999999999997,0.095
5429,Stutsman,ND,Crude prevalence,21392,17062,0.289,0.337,0.094,0.10300000000000001,0.073,0.073,0.20600000000000002,0.109,0.349,0.397,0.036000000000000004,0.13
5431,Sublette,WY,Crude prevalence,8969,7060,0.289,0.344,0.107,0.098,0.073,0.07,0.20199999999999999,0.11199999999999999,0.377,0.33299999999999996,0.036000000000000004,0.122
5433,Suffolk,MA,Crude prevalence,768425,646638,0.192,0.27399999999999997,0.057999999999999996,0.114,0.048,0.051,0.23199999999999998,0.09300000000000001,0.325,0.242,0.027999999999999997,0.149
5435,Suffolk,NY,Crude prevalence,1523170,1210387,0.239,0.317,0.086,0.102,0.057,0.054000000000000006,0.16,0.1,0.39399999999999996,0.297,0.03,0.09699999999999999
5437,Suffolk,VA,Crude prevalence,100659,77077,0.297,0.392,0.07,0.11599999999999999,0.059000000000000004,0.063,0.212,0.13699999999999998,0.392,0.425,0.036000000000000004,0.099
5439,Sullivan,IN,Crude prevalence,20757,16872,0.309,0.41100000000000003,0.08900000000000001,0.113,0.081,0.10300000000000001,0.253,0.141,0.40399999999999997,0.436,0.04,0.16399999999999998
5441,Sullivan,MO,Crude prevalence,5797,4514,0.331,0.41100000000000003,0.095,0.10400000000000001,0.08900000000000001,0.10300000000000001,0.24,0.151,0.406,0.401,0.045,0.20199999999999999
5443,Sullivan,NH,Crude prevalence,43969,36340,0.316,0.361,0.105,0.10800000000000001,0.073,0.08,0.24100000000000002,0.11199999999999999,0.37799999999999995,0.335,0.038,0.115
5445,Sullivan,NY,Crude prevalence,79920,62695,0.27899999999999997,0.358,0.08900000000000001,0.106,0.07200000000000001,0.075,0.193,0.121,0.376,0.319,0.037000000000000005,0.131
5447,Sullivan,PA,Crude prevalence,5834,5235,,,,,,,,,,,,0.146
5449,Sullivan,TN,Crude prevalence,162135,131383,0.361,0.42,0.102,0.11199999999999999,0.085,0.10300000000000001,0.306,0.152,0.39399999999999996,0.37799999999999995,0.042,0.18100000000000002
5451,Sully,SD,Crude prevalence,1494,1195,0.29600000000000004,0.376,0.11599999999999999,0.096,0.081,0.071,0.188,0.125,0.374,0.34700000000000003,0.039,0.057999999999999996
5453,Summers,WV,Crude prevalence,11581,9749,0.435,0.489,0.10800000000000001,0.13,0.11,0.139,0.305,0.19399999999999998,0.455,0.39799999999999996,0.054000000000000006,0.306
5455,Summit,CO,Crude prevalence,30465,25681,0.22699999999999998,0.263,0.08199999999999999,0.10400000000000001,0.05,0.05,0.221,0.079,0.299,0.244,0.025,0.11199999999999999
5457,Summit,OH,Crude prevalence,535733,425767,0.312,0.375,0.092,0.11199999999999999,0.07,0.079,0.258,0.13699999999999998,0.373,0.376,0.036000000000000004,0.10099999999999999
5459,Summit,UT,Crude prevalence,42759,33254,0.24600000000000002,0.27699999999999997,0.092,0.10099999999999999,0.05,0.043,0.22699999999999998,0.087,0.32299999999999995,0.198,0.025,0.078
5461,Sumner,KS,Crude prevalence,22334,16986,0.297,0.375,0.09300000000000001,0.10099999999999999,0.077,0.083,0.213,0.124,0.396,0.39899999999999997,0.038,0.147
5463,Sumner,TN,Crude prevalence,207994,160636,0.313,0.37,0.087,0.107,0.064,0.075,0.293,0.122,0.39399999999999996,0.406,0.033,0.126
5465,Sumter,AL,Crude prevalence,11727,9434,0.32,0.5,0.064,0.11599999999999999,0.085,0.09300000000000001,0.215,0.19699999999999998,0.39899999999999997,0.47200000000000003,0.057999999999999996,0.292
5467,Sumter,FL,Crude prevalence,151565,140704,0.415,0.48,0.17800000000000002,0.08800000000000001,0.121,0.10099999999999999,0.141,0.16,0.514,0.295,0.055,0.134
5469,Sumter,GA,Crude prevalence,28890,22380,0.28300000000000003,0.436,0.07,0.113,0.077,0.086,0.192,0.16699999999999998,0.385,0.395,0.048,0.158
5471,Sumter,SC,Crude prevalence,104165,79564,0.29,0.41600000000000004,0.073,0.105,0.07,0.08,0.21,0.158,0.373,0.42700000000000005,0.046,0.183
5473,Sunflower,MS,Crude prevalence,24468,19260,0.29600000000000004,0.504,0.055999999999999994,0.10800000000000001,0.081,0.10099999999999999,0.171,0.193,0.373,0.486,0.057999999999999996,0.276
5475,Surry,NC,Crude prevalence,71462,56528,0.321,0.40399999999999997,0.09699999999999999,0.11199999999999999,0.087,0.10099999999999999,0.27,0.13699999999999998,0.4,0.409,0.045,0.17300000000000001
5477,Surry,VA,Crude prevalence,6593,5458,0.342,0.45799999999999996,0.092,0.113,0.086,0.085,0.21100000000000002,0.17300000000000001,0.425,0.39899999999999997,0.05,0.171
5479,Susquehanna,PA,Crude prevalence,38109,31006,,,,,,,,,,,,0.126
5481,Sussex,DE,Crude prevalence,263509,216820,0.342,0.434,0.11699999999999999,0.105,0.091,0.091,0.204,0.142,0.485,0.33799999999999997,0.044000000000000004,0.124
5483,Sussex,NJ,Crude prevalence,146132,117673,0.239,0.33299999999999996,0.09,0.094,0.057999999999999996,0.054000000000000006,0.182,0.095,0.395,0.26899999999999996,0.028999999999999998,0.071
5485,Sussex,VA,Crude prevalence,10757,9043,0.29,0.435,0.068,0.113,0.07400000000000001,0.08,0.20199999999999999,0.162,0.377,0.455,0.046,0.192
5487,Sutter,CA,Crude prevalence,97948,73657,0.233,0.33299999999999996,0.069,0.1,0.068,0.068,0.215,0.128,0.361,0.295,0.037000000000000005,0.162
5489,Sutton,TX,Crude prevalence,3221,2454,0.267,0.392,0.07400000000000001,0.091,0.08199999999999999,0.076,0.201,0.174,0.4,0.38299999999999995,0.042,0.171
5491,Suwannee,FL,Crude prevalence,46130,36557,0.311,0.409,0.099,0.102,0.09300000000000001,0.105,0.193,0.15,0.41200000000000003,0.38299999999999995,0.047,0.175
5493,Swain,NC,Crude prevalence,13916,10906,0.315,0.41700000000000004,0.09,0.121,0.087,0.10300000000000001,0.267,0.152,0.392,0.40700000000000003,0.048,0.193
5495,Sweet Grass,MT,Crude prevalence,3763,3087,0.324,0.361,0.113,0.107,0.079,0.077,0.22699999999999998,0.109,0.358,0.294,0.04,0.111
5497,Sweetwater,WY,Crude prevalence,41249,31162,0.23800000000000002,0.311,0.08,0.10300000000000001,0.062,0.07,0.23600000000000002,0.111,0.32899999999999996,0.363,0.032,0.11800000000000001
5499,Swift,MN,Crude prevalence,9719,7508,0.281,0.379,0.105,0.1,0.086,0.078,0.247,0.132,0.374,0.384,0.043,0.094
5501,Swisher,TX,Crude prevalence,6955,5305,0.257,0.39299999999999996,0.067,0.098,0.08199999999999999,0.08900000000000001,0.21899999999999997,0.166,0.374,0.405,0.044000000000000004,0.207
5503,Switzerland,IN,Crude prevalence,10019,7652,0.33899999999999997,0.428,0.095,0.115,0.087,0.109,0.268,0.149,0.41100000000000003,0.40399999999999997,0.043,0.243
5505,Talbot,GA,Crude prevalence,5718,4784,0.35600000000000004,0.524,0.08800000000000001,0.113,0.10400000000000001,0.113,0.185,0.221,0.434,0.431,0.066,0.24100000000000002
5507,Talbot,MD,Crude prevalence,37823,30897,0.332,0.41600000000000004,0.12300000000000001,0.10300000000000001,0.084,0.08,0.205,0.131,0.425,0.301,0.043,0.1
5509,Taliaferro,GA,Crude prevalence,1609,1312,0.354,0.522,0.09,0.109,0.10400000000000001,0.10800000000000001,0.175,0.217,0.431,0.41700000000000004,0.066,0.18100000000000002
5511,Talladega,AL,Crude prevalence,81132,64467,0.322,0.48200000000000004,0.083,0.106,0.083,0.094,0.22699999999999998,0.172,0.42100000000000004,0.456,0.048,0.17300000000000001
5513,Tallahatchie,MS,Crude prevalence,11837,9494,0.31,0.507,0.067,0.10300000000000001,0.086,0.102,0.185,0.18899999999999997,0.4,0.449,0.057,0.281
5515,Tallapoosa,AL,Crude prevalence,40677,32607,0.363,0.485,0.098,0.10300000000000001,0.09,0.095,0.235,0.168,0.451,0.395,0.049,0.174
5517,Tama,IA,Crude prevalence,16833,12823,0.302,0.377,0.09699999999999999,0.102,0.08199999999999999,0.08800000000000001,0.20199999999999999,0.136,0.373,0.402,0.040999999999999995,0.136
5519,Taney,MO,Crude prevalence,56775,45069,0.324,0.39399999999999996,0.1,0.107,0.083,0.095,0.243,0.133,0.39399999999999996,0.35700000000000004,0.042,0.163
5521,Tangipahoa,LA,Crude prevalence,138064,104233,0.299,0.40700000000000003,0.07200000000000001,0.105,0.073,0.087,0.264,0.146,0.37,0.43,0.040999999999999995,0.201
5523,Taos,NM,Crude prevalence,34405,29128,0.305,0.381,0.096,0.094,0.087,0.07,0.205,0.152,0.373,0.27899999999999997,0.044000000000000004,0.115
5525,Tarrant,TX,Crude prevalence,2182947,1635353,0.215,0.314,0.06,0.10099999999999999,0.051,0.054000000000000006,0.22699999999999998,0.11699999999999999,0.32799999999999996,0.332,0.03,0.13699999999999998
5527,Tate,MS,Crude prevalence,28261,22008,0.294,0.418,0.077,0.098,0.071,0.081,0.2,0.142,0.39299999999999996,0.361,0.040999999999999995,0.18899999999999997
5529,Tattnall,GA,Crude prevalence,24296,19380,0.28,0.425,0.071,0.10400000000000001,0.079,0.095,0.20199999999999999,0.16,0.391,0.40700000000000003,0.046,0.257
5531,Taylor,FL,Crude prevalence,21582,17040,0.32,0.44299999999999995,0.096,0.105,0.09699999999999999,0.115,0.193,0.159,0.408,0.408,0.051,0.161
5533,Taylor,GA,Crude prevalence,7758,6246,0.34600000000000003,0.486,0.086,0.115,0.10300000000000001,0.126,0.21,0.20199999999999999,0.419,0.424,0.063,0.278
5535,Taylor,IA,Crude prevalence,5924,4508,0.307,0.391,0.1,0.098,0.08,0.083,0.20600000000000002,0.129,0.386,0.397,0.04,0.092
5537,Taylor,KY,Crude prevalence,26443,20386,,,,,,,,,,,,0.17300000000000001
5539,Taylor,TX,Crude prevalence,146836,110949,0.226,0.327,0.069,0.1,0.057999999999999996,0.063,0.23399999999999999,0.11199999999999999,0.34600000000000003,0.34299999999999997,0.031,0.1
5541,Taylor,WI,Crude prevalence,20058,15464,0.309,0.373,0.098,0.107,0.08199999999999999,0.084,0.21600000000000003,0.128,0.377,0.44299999999999995,0.040999999999999995,0.128
5543,Taylor,WV,Crude prevalence,16388,13194,0.384,0.449,0.09699999999999999,0.12300000000000001,0.09,0.11199999999999999,0.302,0.159,0.44299999999999995,0.42,0.043,0.165
5545,Tazewell,IL,Crude prevalence,129541,101480,0.282,0.353,0.096,0.10300000000000001,0.066,0.073,0.23,0.11199999999999999,0.368,0.363,0.034,0.16
5547,Tazewell,VA,Crude prevalence,39120,31690,0.354,0.431,0.1,0.114,0.09300000000000001,0.109,0.26899999999999996,0.159,0.425,0.40399999999999997,0.047,0.14
5549,Tehama,CA,Crude prevalence,64896,49286,0.28,0.359,0.09,0.107,0.081,0.084,0.24100000000000002,0.13,0.365,0.316,0.043,0.115
5551,Telfair,GA,Crude prevalence,10920,9009,0.315,0.475,0.076,0.107,0.10099999999999999,0.12,0.198,0.205,0.413,0.43,0.061,0.305
5553,Teller,CO,Crude prevalence,24617,20694,0.305,0.33399999999999996,0.11199999999999999,0.11,0.069,0.068,0.22,0.102,0.373,0.24100000000000002,0.035,0.136
5555,Tensas,LA,Crude prevalence,3764,2991,0.40399999999999997,0.573,0.09,0.113,0.128,0.146,0.24600000000000002,0.251,0.45,0.484,0.079,0.325
5557,Terrebonne,LA,Crude prevalence,103616,77948,0.309,0.414,0.078,0.10400000000000001,0.077,0.09,0.273,0.152,0.391,0.413,0.042,0.165
5559,Terrell,GA,Crude prevalence,8718,6786,0.33399999999999996,0.496,0.077,0.11900000000000001,0.099,0.11599999999999999,0.19399999999999998,0.212,0.413,0.436,0.064,0.263
5561,Terrell,TX,Crude prevalence,687,556,0.275,0.396,0.096,0.084,0.078,0.055999999999999994,0.179,0.15,0.414,0.33799999999999997,0.037000000000000005,0.077
5563,Terry,TX,Crude prevalence,11547,8240,0.251,0.376,0.064,0.09699999999999999,0.076,0.08199999999999999,0.21899999999999997,0.16399999999999998,0.379,0.40700000000000003,0.042,0.226
5565,Teton,ID,Crude prevalence,12549,9883,0.249,0.297,0.08,0.1,0.053,0.054000000000000006,0.207,0.092,0.325,0.32,0.027000000000000003,0.071
5567,Teton,MT,Crude prevalence,6430,4837,0.31,0.35,0.105,0.111,0.078,0.081,0.235,0.11,0.361,0.309,0.040999999999999995,0.177
5569,Teton,WY,Crude prevalence,23232,19340,0.221,0.27,0.08800000000000001,0.09,0.05,0.045,0.18,0.084,0.304,0.24,0.024,0.051
5571,Texas,MO,Crude prevalence,25619,20067,0.342,0.43799999999999994,0.09699999999999999,0.109,0.096,0.122,0.255,0.158,0.40700000000000003,0.42100000000000004,0.049,0.19
5573,Texas,OK,Crude prevalence,20371,14549,0.24100000000000002,0.375,0.062,0.10300000000000001,0.07,0.07200000000000001,0.222,0.13699999999999998,0.375,0.441,0.035,0.163
5575,Thayer,NE,Crude prevalence,4829,3720,0.302,0.384,0.10800000000000001,0.09300000000000001,0.084,0.084,0.174,0.132,0.37200000000000005,0.4,0.042,0.17800000000000002
5577,Thomas,GA,Crude prevalence,45649,34945,0.299,0.43200000000000005,0.083,0.107,0.078,0.085,0.19699999999999998,0.16,0.402,0.392,0.046,0.203
5579,Thomas,KS,Crude prevalence,7865,5942,0.258,0.33,0.08800000000000001,0.099,0.064,0.065,0.209,0.102,0.34700000000000003,0.35,0.031,0.133
5581,Thomas,NE,Crude prevalence,677,525,0.285,0.36,0.11,0.09,0.073,0.067,0.166,0.113,0.36,0.366,0.036000000000000004,0.151
5583,Throckmorton,TX,Crude prevalence,1526,1159,0.327,0.431,0.11,0.1,0.09699999999999999,0.09699999999999999,0.22899999999999998,0.154,0.42,0.355,0.049,0.213
5585,Thurston,NE,Crude prevalence,6557,4284,0.233,0.358,0.07,0.113,0.069,0.078,0.182,0.134,0.308,0.45399999999999996,0.039,0.14400000000000002
5587,Thurston,WA,Crude prevalence,299003,237569,0.28600000000000003,0.345,0.09,0.11199999999999999,0.057999999999999996,0.053,0.272,0.10300000000000001,0.365,0.312,0.031,0.07
5589,Tift,GA,Crude prevalence,41554,31354,0.285,0.41,0.07400000000000001,0.107,0.07400000000000001,0.086,0.21,0.158,0.384,0.39399999999999996,0.044000000000000004,0.139
5591,Tillamook,OR,Crude prevalence,27417,22499,0.33299999999999996,0.376,0.114,0.11900000000000001,0.086,0.09,0.254,0.135,0.375,0.321,0.043,0.16899999999999998
5593,Tillman,OK,Crude prevalence,6869,5259,0.316,0.436,0.08800000000000001,0.111,0.092,0.098,0.23399999999999999,0.162,0.418,0.44,0.047,0.205
5595,Tioga,NY,Crude prevalence,47715,38115,0.302,0.369,0.105,0.11,0.076,0.081,0.21,0.113,0.396,0.305,0.038,0.17600000000000002
5597,Tioga,PA,Crude prevalence,40840,32882,,,,,,,,,,,,0.136
5599,Tippah,MS,Crude prevalence,21287,16342,0.316,0.435,0.084,0.098,0.081,0.098,0.213,0.153,0.401,0.433,0.046,0.264
5601,Tippecanoe,IN,Crude prevalence,188792,150623,0.214,0.294,0.062,0.107,0.053,0.064,0.243,0.1,0.34700000000000003,0.27899999999999997,0.027000000000000003,0.096
5603,Tipton,IN,Crude prevalence,15256,12151,0.322,0.397,0.10099999999999999,0.11,0.078,0.08900000000000001,0.25,0.135,0.408,0.365,0.038,0.141
5605,Tipton,TN,Crude prevalence,62015,47484,0.314,0.42100000000000004,0.08,0.113,0.07,0.08900000000000001,0.287,0.142,0.392,0.441,0.038,0.166
5607,Tishomingo,MS,Crude prevalence,18507,14543,0.34600000000000003,0.445,0.09699999999999999,0.09699999999999999,0.09,0.107,0.222,0.15,0.42200000000000004,0.395,0.047,0.191
5609,Titus,TX,Crude prevalence,31357,22569,0.257,0.37799999999999995,0.068,0.102,0.075,0.085,0.225,0.156,0.374,0.386,0.042,0.18100000000000002
5611,Todd,KY,Crude prevalence,12494,9127,,,,,,,,,,,,0.21100000000000002
5613,Todd,MN,Crude prevalence,25667,19382,0.28800000000000003,0.38,0.10300000000000001,0.1,0.087,0.083,0.24100000000000002,0.133,0.373,0.39299999999999996,0.044000000000000004,0.114
5615,Todd,SD,Crude prevalence,9199,5411,0.271,0.385,0.055,0.153,0.095,0.132,0.242,0.207,0.306,0.493,0.062,0.402
5617,Tom Green,TX,Crude prevalence,119057,90938,0.245,0.348,0.07200000000000001,0.096,0.064,0.065,0.23,0.129,0.359,0.368,0.034,0.10400000000000001
5619,Tompkins,NY,Crude prevalence,103558,89113,0.213,0.261,0.076,0.105,0.048,0.048,0.225,0.076,0.297,0.24600000000000002,0.024,0.134
5621,Tooele,UT,Crude prevalence,82051,56930,0.23,0.28800000000000003,0.065,0.114,0.043,0.046,0.278,0.08900000000000001,0.298,0.376,0.024,0.091
5623,Toole,MT,Crude prevalence,5133,4036,0.27899999999999997,0.341,0.08199999999999999,0.11,0.075,0.08800000000000001,0.23199999999999998,0.115,0.331,0.35600000000000004,0.04,0.18
5625,Toombs,GA,Crude prevalence,27040,19850,0.295,0.41100000000000003,0.078,0.10800000000000001,0.077,0.091,0.20800000000000002,0.155,0.39,0.406,0.045,0.242
5627,Torrance,NM,Crude prevalence,15633,12406,0.309,0.39799999999999996,0.084,0.102,0.096,0.096,0.244,0.165,0.384,0.345,0.05,0.16699999999999998
5629,Towner,ND,Crude prevalence,2030,1581,0.354,0.433,0.113,0.105,0.10099999999999999,0.099,0.2,0.15,0.41,0.439,0.049,0.087
5631,Towns,GA,Crude prevalence,13035,11309,0.36,0.455,0.134,0.096,0.10099999999999999,0.09699999999999999,0.203,0.159,0.45399999999999996,0.319,0.049,0.18600000000000003
5633,Traill,ND,Crude prevalence,7908,6099,0.28,0.34299999999999997,0.09699999999999999,0.09699999999999999,0.068,0.062,0.195,0.105,0.353,0.382,0.033,0.08900000000000001
5635,Transylvania,NC,Crude prevalence,33549,28383,0.344,0.423,0.122,0.10300000000000001,0.09,0.085,0.242,0.129,0.409,0.337,0.043,0.115
5637,Traverse,MN,Crude prevalence,3136,2467,0.29100000000000004,0.379,0.11,0.10099999999999999,0.087,0.077,0.23199999999999998,0.132,0.38,0.387,0.044000000000000004,0.096
5639,Travis,TX,Crude prevalence,1334961,1071849,0.17600000000000002,0.266,0.055999999999999994,0.092,0.040999999999999995,0.04,0.221,0.09,0.325,0.304,0.022000000000000002,0.085
5641,Treasure,MT,Crude prevalence,772,586,0.348,0.4,0.124,0.106,0.092,0.087,0.21600000000000003,0.125,0.37,0.332,0.046,0.1
5643,Trego,KS,Crude prevalence,2731,2207,0.327,0.392,0.11199999999999999,0.09699999999999999,0.08,0.078,0.195,0.12300000000000001,0.39399999999999996,0.405,0.038,0.135
5645,Trempealeau,WI,Crude prevalence,30899,22713,0.29100000000000004,0.353,0.09300000000000001,0.106,0.075,0.076,0.23199999999999998,0.12300000000000001,0.35700000000000004,0.413,0.037000000000000005,0.127
5647,Treutlen,GA,Crude prevalence,6341,4946,0.307,0.44299999999999995,0.077,0.113,0.092,0.11900000000000001,0.218,0.183,0.408,0.41200000000000003,0.055,0.276
5649,Trigg,KY,Crude prevalence,14369,11280,,,,,,,,,,,,0.239
5651,Trimble,KY,Crude prevalence,8607,6709,,,,,,,,,,,,0.162
5653,Trinity,CA,Crude prevalence,15670,12928,0.35200000000000004,0.43700000000000006,0.11800000000000001,0.11,0.11,0.113,0.248,0.159,0.425,0.33299999999999996,0.057,0.158
5655,Trinity,TX,Crude prevalence,14228,11401,0.332,0.439,0.102,0.107,0.095,0.105,0.237,0.16399999999999998,0.41700000000000004,0.377,0.05,0.19399999999999998
5657,Tripp,SD,Crude prevalence,5621,4341,0.319,0.39899999999999997,0.111,0.10800000000000001,0.098,0.1,0.20600000000000002,0.153,0.385,0.37,0.05,0.209
5659,Troup,GA,Crude prevalence,70742,53548,0.27399999999999997,0.405,0.07400000000000001,0.10800000000000001,0.071,0.08199999999999999,0.207,0.15,0.365,0.36,0.043,0.14
5661,Trousdale,TN,Crude prevalence,12271,9953,0.266,0.359,0.065,0.106,0.06,0.08199999999999999,0.292,0.11699999999999999,0.355,0.391,0.032,0.18899999999999997
5663,Trumbull,OH,Crude prevalence,200373,159197,0.35100000000000003,0.402,0.098,0.113,0.08900000000000001,0.102,0.256,0.155,0.392,0.397,0.044000000000000004,0.157
5665,Tucker,WV,Crude prevalence,6604,5662,0.424,0.48100000000000004,0.114,0.11900000000000001,0.099,0.113,0.293,0.16899999999999998,0.45899999999999996,0.39299999999999996,0.046,0.19899999999999998
5667,Tulare,CA,Crude prevalence,479468,338551,0.203,0.312,0.055,0.1,0.062,0.061,0.223,0.131,0.34,0.35,0.034,0.152
5669,Tulsa,OK,Crude prevalence,682868,513124,0.248,0.35600000000000004,0.073,0.11199999999999999,0.066,0.07200000000000001,0.272,0.11699999999999999,0.35200000000000004,0.35700000000000004,0.034,0.152
5671,Tunica,MS,Crude prevalence,9234,6698,0.315,0.528,0.055,0.11699999999999999,0.085,0.11199999999999999,0.18600000000000003,0.214,0.381,0.51,0.063,0.306
5673,Tuolumne,CA,Crude prevalence,54204,44852,0.29100000000000004,0.368,0.109,0.10300000000000001,0.08,0.076,0.23600000000000002,0.121,0.39,0.29,0.040999999999999995,0.08
5675,Turner,GA,Crude prevalence,8909,6668,0.322,0.45899999999999996,0.081,0.114,0.092,0.111,0.20800000000000002,0.185,0.409,0.444,0.055999999999999994,0.235
5677,Turner,SD,Crude prevalence,9027,6748,0.27699999999999997,0.34299999999999997,0.10099999999999999,0.099,0.073,0.071,0.204,0.11800000000000001,0.35600000000000004,0.34,0.036000000000000004,0.115
5679,Tuscaloosa,AL,Crude prevalence,237373,189087,0.255,0.389,0.066,0.10300000000000001,0.057999999999999996,0.066,0.25,0.12,0.38,0.41,0.034,0.152
5681,Tuscarawas,OH,Crude prevalence,91874,70742,0.307,0.39899999999999997,0.09699999999999999,0.11199999999999999,0.08199999999999999,0.09699999999999999,0.249,0.136,0.364,0.434,0.04,0.174
5683,Tuscola,MI,Crude prevalence,52826,42309,0.335,0.39399999999999996,0.10300000000000001,0.11599999999999999,0.084,0.102,0.27399999999999997,0.132,0.381,0.41700000000000004,0.042,0.18899999999999997
5685,Twiggs,GA,Crude prevalence,7691,6243,0.336,0.478,0.08800000000000001,0.11,0.09300000000000001,0.10300000000000001,0.191,0.18600000000000003,0.43,0.397,0.057,0.196
5687,Twin Falls,ID,Crude prevalence,95156,70457,0.273,0.31,0.081,0.111,0.065,0.073,0.237,0.11,0.3,0.33299999999999996,0.035,0.182
5689,Tyler,TX,Crude prevalence,20382,16475,0.299,0.42,0.08800000000000001,0.107,0.09,0.107,0.243,0.153,0.401,0.387,0.048,0.14300000000000002
5691,Tyler,WV,Crude prevalence,7919,6382,0.41700000000000004,0.48,0.109,0.12,0.1,0.11900000000000001,0.298,0.17600000000000002,0.465,0.428,0.047,0.172
5693,Tyrrell,NC,Crude prevalence,3461,2772,0.33399999999999996,0.462,0.087,0.111,0.09699999999999999,0.106,0.22899999999999998,0.175,0.401,0.413,0.057,0.19899999999999998
5695,Uinta,WY,Crude prevalence,20745,15278,0.253,0.316,0.08900000000000001,0.102,0.065,0.07200000000000001,0.20800000000000002,0.11,0.33899999999999997,0.344,0.033,0.12300000000000001
5697,Uintah,UT,Crude prevalence,37747,26247,0.264,0.307,0.077,0.115,0.057999999999999996,0.065,0.272,0.105,0.324,0.355,0.032,0.161
5699,Ulster,NY,Crude prevalence,182333,151636,0.27699999999999997,0.37,0.095,0.10400000000000001,0.068,0.069,0.19399999999999998,0.109,0.374,0.305,0.035,0.109
5701,Umatilla,OR,Crude prevalence,80053,60628,0.28,0.327,0.08,0.12,0.07,0.078,0.235,0.125,0.326,0.377,0.036000000000000004,0.127
5703,Unicoi,TN,Crude prevalence,17756,14576,0.36700000000000005,0.452,0.10300000000000001,0.111,0.09699999999999999,0.122,0.299,0.165,0.435,0.39299999999999996,0.048,0.155
5705,Union,AR,Crude prevalence,37397,28421,0.31,0.46399999999999997,0.08199999999999999,0.109,0.087,0.096,0.23600000000000002,0.16,0.40399999999999997,0.39399999999999996,0.049,0.201
5707,Union,FL,Crude prevalence,15532,12084,0.281,0.41,0.08199999999999999,0.10300000000000001,0.085,0.1,0.20199999999999999,0.145,0.397,0.41600000000000004,0.045,0.152
5709,Union,GA,Crude prevalence,27124,23066,0.365,0.45,0.129,0.096,0.099,0.099,0.205,0.157,0.451,0.345,0.048,0.098
5711,Union,IA,Crude prevalence,11906,9293,0.289,0.37200000000000005,0.09699999999999999,0.10099999999999999,0.07400000000000001,0.079,0.20600000000000002,0.121,0.371,0.37200000000000005,0.037000000000000005,0.102
5713,Union,IL,Crude prevalence,16667,13274,0.316,0.39799999999999996,0.099,0.107,0.087,0.10099999999999999,0.228,0.141,0.39299999999999996,0.39799999999999996,0.044000000000000004,0.20199999999999999
5715,Union,IN,Crude prevalence,6973,5517,0.319,0.392,0.099,0.11199999999999999,0.075,0.086,0.254,0.13,0.406,0.376,0.036000000000000004,0.156
5717,Union,KY,Crude prevalence,13106,10559,,,,,,,,,,,,0.18899999999999997
5719,Union,LA,Crude prevalence,20650,16318,0.358,0.484,0.094,0.105,0.102,0.11900000000000001,0.27,0.184,0.433,0.37,0.055999999999999994,0.185
5721,Union,MS,Crude prevalence,28284,21239,0.303,0.43,0.084,0.098,0.077,0.09300000000000001,0.214,0.141,0.41600000000000004,0.41600000000000004,0.043,0.217
5723,Union,NC,Crude prevalence,256452,191719,0.24600000000000002,0.336,0.076,0.10300000000000001,0.055,0.057,0.24100000000000002,0.105,0.358,0.33399999999999996,0.028999999999999998,0.141
5725,Union,NJ,Crude prevalence,572726,439083,0.195,0.337,0.064,0.09,0.055,0.05,0.14300000000000002,0.11599999999999999,0.37799999999999995,0.297,0.032,0.11699999999999999
5727,Union,NM,Crude prevalence,3964,3169,0.28600000000000003,0.382,0.085,0.09699999999999999,0.087,0.084,0.222,0.147,0.369,0.34299999999999997,0.045,0.195
5729,Union,OH,Crude prevalence,69637,53037,0.26,0.32,0.08,0.10400000000000001,0.052000000000000005,0.057,0.242,0.102,0.34600000000000003,0.39799999999999996,0.026000000000000002,0.076
5731,Union,OR,Crude prevalence,25944,20317,0.316,0.359,0.099,0.122,0.078,0.084,0.273,0.122,0.348,0.358,0.039,0.155
5733,Union,PA,Crude prevalence,42042,34751,,,,,,,,,,,,0.152
5735,Union,SC,Crude prevalence,26629,21101,0.348,0.474,0.09,0.109,0.094,0.11900000000000001,0.23399999999999999,0.191,0.42200000000000004,0.44,0.057999999999999996,0.171
5737,Union,SD,Crude prevalence,17183,13101,0.251,0.32,0.099,0.096,0.064,0.059000000000000004,0.19899999999999998,0.106,0.34700000000000003,0.312,0.032,0.138
5739,Union,TN,Crude prevalence,20741,16391,0.342,0.41200000000000003,0.09300000000000001,0.111,0.083,0.109,0.299,0.146,0.41100000000000003,0.40299999999999997,0.042,0.204
5741,Upshur,TX,Crude prevalence,43281,32998,0.29,0.38799999999999996,0.086,0.10800000000000001,0.077,0.09,0.249,0.139,0.387,0.376,0.042,0.126
5743,Upshur,WV,Crude prevalence,23529,18726,0.384,0.449,0.09699999999999999,0.122,0.094,0.115,0.303,0.165,0.441,0.366,0.044000000000000004,0.222
5745,Upson,GA,Crude prevalence,28263,21805,0.294,0.42100000000000004,0.083,0.109,0.081,0.095,0.212,0.163,0.392,0.392,0.047,0.209
5747,Upton,TX,Crude prevalence,3109,2293,0.254,0.379,0.065,0.098,0.077,0.08,0.21899999999999997,0.166,0.376,0.409,0.042,0.168
5749,Utah,UT,Crude prevalence,719174,495249,0.171,0.23,0.06,0.099,0.037000000000000005,0.036000000000000004,0.264,0.069,0.27,0.297,0.02,0.08
5751,Uvalde,TX,Crude prevalence,24960,18337,0.23199999999999998,0.355,0.062,0.091,0.07,0.066,0.20600000000000002,0.157,0.365,0.401,0.037000000000000005,0.193
5753,Val Verde,TX,Crude prevalence,47720,34333,0.205,0.33,0.049,0.08800000000000001,0.064,0.055999999999999994,0.195,0.156,0.353,0.37799999999999995,0.034,0.141
5755,Valencia,NM,Crude prevalence,79141,61087,0.258,0.35200000000000004,0.07,0.096,0.07400000000000001,0.066,0.218,0.146,0.35700000000000004,0.354,0.039,0.135
5757,Valley,ID,Crude prevalence,12644,10405,0.32899999999999996,0.39,0.109,0.107,0.085,0.086,0.212,0.131,0.374,0.34,0.043,0.109
5759,Valley,MT,Crude prevalence,7474,5820,0.33399999999999996,0.39299999999999996,0.109,0.113,0.08199999999999999,0.084,0.23199999999999998,0.11599999999999999,0.365,0.327,0.043,0.121
5761,Valley,NE,Crude prevalence,4012,3070,0.305,0.385,0.11,0.09300000000000001,0.085,0.08199999999999999,0.166,0.129,0.364,0.418,0.042,0.09300000000000001
5763,Van Buren,AR,Crude prevalence,16142,13054,0.358,0.474,0.109,0.10400000000000001,0.111,0.126,0.248,0.162,0.435,0.396,0.054000000000000006,0.204
5765,Van Buren,IA,Crude prevalence,7266,5528,0.321,0.402,0.10400000000000001,0.105,0.08800000000000001,0.098,0.212,0.139,0.382,0.395,0.044000000000000004,0.136
5767,Van Buren,MI,Crude prevalence,75798,58504,0.327,0.384,0.09699999999999999,0.11699999999999999,0.08,0.095,0.27399999999999997,0.135,0.373,0.39399999999999996,0.04,0.095
5769,Van Buren,TN,Crude prevalence,6493,5159,0.374,0.451,0.105,0.111,0.095,0.11800000000000001,0.295,0.16,0.435,0.392,0.047,0.165
5771,Van Wert,OH,Crude prevalence,28704,22097,0.312,0.38799999999999996,0.098,0.10800000000000001,0.078,0.08800000000000001,0.257,0.132,0.36700000000000005,0.373,0.037000000000000005,0.113
5773,Van Zandt,TX,Crude prevalence,64000,49331,0.29,0.38799999999999996,0.092,0.10400000000000001,0.077,0.085,0.247,0.134,0.397,0.36,0.04,0.19399999999999998
5775,Vance,NC,Crude prevalence,42301,32113,0.311,0.451,0.075,0.12,0.083,0.094,0.231,0.168,0.377,0.426,0.052000000000000005,0.20600000000000002
5777,Vanderburgh,IN,Crude prevalence,179810,140992,0.299,0.384,0.087,0.115,0.073,0.086,0.271,0.128,0.38299999999999995,0.382,0.037000000000000005,0.222
5779,Venango,PA,Crude prevalence,49431,39983,,,,,,,,,,,,0.11800000000000001
5781,Ventura,CA,Crude prevalence,829590,651461,0.21100000000000002,0.307,0.073,0.095,0.057999999999999996,0.052000000000000005,0.20600000000000002,0.114,0.361,0.257,0.031,0.109
5783,Vermilion,IL,Crude prevalence,71652,54905,0.306,0.42200000000000004,0.091,0.109,0.08199999999999999,0.09699999999999999,0.22899999999999998,0.14400000000000002,0.395,0.43799999999999994,0.044000000000000004,0.174
5785,Vermilion,LA,Crude prevalence,56992,42588,0.316,0.425,0.081,0.10300000000000001,0.081,0.1,0.287,0.15,0.401,0.428,0.044000000000000004,0.16699999999999998
5787,Vermillion,IN,Crude prevalence,15417,12095,0.336,0.409,0.096,0.115,0.08199999999999999,0.10099999999999999,0.263,0.14300000000000002,0.406,0.406,0.04,0.18
5789,Vernon,LA,Crude prevalence,46250,34491,0.273,0.38799999999999996,0.07,0.1,0.068,0.081,0.275,0.125,0.377,0.385,0.037000000000000005,0.19
5791,Vernon,MO,Crude prevalence,19710,15019,0.33399999999999996,0.405,0.09699999999999999,0.111,0.09,0.113,0.266,0.14300000000000002,0.40700000000000003,0.37799999999999995,0.046,0.23600000000000002
5793,Vernon,WI,Crude prevalence,31170,23135,0.31,0.365,0.099,0.11,0.084,0.085,0.22899999999999998,0.129,0.37,0.38799999999999996,0.040999999999999995,0.12300000000000001
5795,Victoria,TX,Crude prevalence,91664,68723,0.244,0.354,0.07,0.096,0.068,0.069,0.21600000000000003,0.145,0.363,0.37200000000000005,0.037000000000000005,0.19
5797,Vigo,IN,Crude prevalence,106153,84369,0.293,0.375,0.081,0.11599999999999999,0.07400000000000001,0.095,0.265,0.13699999999999998,0.386,0.41,0.038,0.228
5799,Vilas,WI,Crude prevalence,23885,20060,0.345,0.41600000000000004,0.122,0.10800000000000001,0.094,0.083,0.22399999999999998,0.138,0.42,0.384,0.044000000000000004,0.09699999999999999
5801,Vinton,OH,Crude prevalence,12474,9815,0.33799999999999997,0.41200000000000003,0.095,0.11699999999999999,0.08900000000000001,0.114,0.281,0.154,0.39899999999999997,0.40299999999999997,0.044000000000000004,0.213
5803,Virginia Beach,VA,Crude prevalence,453649,355216,0.256,0.354,0.076,0.106,0.057,0.055999999999999994,0.233,0.12300000000000001,0.395,0.36700000000000005,0.031,0.085
5805,Volusia,FL,Crude prevalence,590357,487914,0.28800000000000003,0.391,0.106,0.1,0.083,0.084,0.191,0.135,0.406,0.327,0.040999999999999995,0.14300000000000002
5807,Wabash,IL,Crude prevalence,10942,8679,0.307,0.384,0.10099999999999999,0.106,0.08199999999999999,0.094,0.22899999999999998,0.133,0.385,0.39799999999999996,0.042,0.183
5809,Wabash,IN,Crude prevalence,30670,24213,0.33,0.4,0.102,0.113,0.081,0.09699999999999999,0.24600000000000002,0.138,0.4,0.381,0.04,0.17300000000000001
5811,Wabasha,MN,Crude prevalence,21683,16964,0.278,0.336,0.106,0.099,0.07400000000000001,0.065,0.22399999999999998,0.11599999999999999,0.35600000000000004,0.375,0.037000000000000005,0.086
5813,Wabaunsee,KS,Crude prevalence,7057,5423,0.294,0.36200000000000004,0.098,0.099,0.073,0.073,0.201,0.115,0.374,0.35100000000000003,0.035,0.122
5815,Wadena,MN,Crude prevalence,14241,10464,0.27899999999999997,0.349,0.09699999999999999,0.106,0.079,0.078,0.253,0.127,0.34600000000000003,0.384,0.040999999999999995,0.155
5817,Wagoner,OK,Crude prevalence,89280,68338,0.28300000000000003,0.387,0.084,0.11199999999999999,0.068,0.07400000000000001,0.245,0.11900000000000001,0.373,0.361,0.035,0.09699999999999999
5819,Wahkiakum,WA,Crude prevalence,4765,3987,0.392,0.429,0.127,0.115,0.102,0.092,0.254,0.147,0.434,0.391,0.051,0.135
5821,Wake,NC,Crude prevalence,1190275,919538,0.215,0.322,0.069,0.10099999999999999,0.047,0.046,0.231,0.095,0.33899999999999997,0.293,0.026000000000000002,0.071
5823,Wakulla,FL,Crude prevalence,36449,28876,0.275,0.374,0.09,0.1,0.069,0.078,0.18,0.126,0.386,0.389,0.035,0.135
5825,Waldo,ME,Crude prevalence,40620,33502,0.34299999999999997,0.361,0.106,0.133,0.08199999999999999,0.08900000000000001,0.282,0.11699999999999999,0.395,0.34299999999999997,0.038,0.207
5827,Walker,AL,Crude prevalence,64728,49914,0.341,0.441,0.095,0.10300000000000001,0.086,0.102,0.266,0.151,0.419,0.358,0.044000000000000004,0.17800000000000002
5829,Walker,GA,Crude prevalence,69489,54798,0.305,0.396,0.09300000000000001,0.102,0.077,0.08800000000000001,0.21600000000000003,0.135,0.401,0.38,0.04,0.129
5831,Walker,TX,Crude prevalence,81268,69285,0.22399999999999998,0.36200000000000004,0.06,0.102,0.064,0.073,0.228,0.133,0.342,0.39299999999999996,0.036000000000000004,0.209
5833,Walla Walla,WA,Crude prevalence,61568,48966,0.26,0.316,0.087,0.11,0.065,0.06,0.248,0.106,0.35,0.341,0.034,0.111
5835,Wallace,KS,Crude prevalence,1509,1087,0.327,0.39899999999999997,0.107,0.1,0.08900000000000001,0.09,0.204,0.13699999999999998,0.39899999999999997,0.366,0.043,0.12
5837,Waller,TX,Crude prevalence,63553,48491,0.19699999999999998,0.312,0.053,0.10300000000000001,0.05,0.054000000000000006,0.21600000000000003,0.111,0.32,0.366,0.028999999999999998,0.128
5839,Wallowa,OR,Crude prevalence,7674,6171,0.345,0.385,0.121,0.11699999999999999,0.083,0.08199999999999999,0.256,0.126,0.385,0.342,0.040999999999999995,0.078
5841,Walsh,ND,Crude prevalence,10305,7893,0.314,0.374,0.10099999999999999,0.099,0.08199999999999999,0.078,0.19399999999999998,0.124,0.37200000000000005,0.358,0.040999999999999995,0.13699999999999998
5843,Walthall,MS,Crude prevalence,13863,10730,0.341,0.496,0.08199999999999999,0.10300000000000001,0.09,0.10400000000000001,0.192,0.17800000000000002,0.41700000000000004,0.431,0.055,0.23
5845,Walton,FL,Crude prevalence,86354,68437,0.29,0.363,0.10300000000000001,0.095,0.07400000000000001,0.077,0.187,0.12300000000000001,0.401,0.301,0.036000000000000004,0.13
5847,Walton,GA,Crude prevalence,106702,81495,0.272,0.38,0.081,0.10300000000000001,0.066,0.073,0.204,0.13,0.377,0.38299999999999995,0.037000000000000005,0.106
5849,Walworth,SD,Crude prevalence,5269,4009,0.301,0.36700000000000005,0.109,0.10300000000000001,0.084,0.079,0.198,0.134,0.371,0.34299999999999997,0.042,0.14
5851,Walworth,WI,Crude prevalence,105822,85648,0.263,0.327,0.08800000000000001,0.105,0.068,0.064,0.21899999999999997,0.11199999999999999,0.349,0.384,0.033,0.055999999999999994
5853,Wapello,IA,Crude prevalence,35166,26771,0.28600000000000003,0.358,0.086,0.10300000000000001,0.076,0.086,0.204,0.135,0.376,0.41700000000000004,0.039,0.156
5855,Ward,ND,Crude prevalence,68332,51945,0.243,0.314,0.076,0.099,0.053,0.052000000000000005,0.205,0.08800000000000001,0.319,0.33899999999999997,0.027000000000000003,0.113
5857,Ward,TX,Crude prevalence,10966,7825,0.23,0.348,0.06,0.094,0.064,0.064,0.213,0.14400000000000002,0.36200000000000004,0.376,0.035,0.2
5859,Ware,GA,Crude prevalence,36243,27189,0.292,0.433,0.078,0.109,0.084,0.1,0.21899999999999997,0.168,0.39399999999999996,0.413,0.049,0.27399999999999997
5861,Warren,GA,Crude prevalence,5106,4068,0.33399999999999996,0.503,0.08199999999999999,0.114,0.094,0.105,0.18899999999999997,0.20199999999999999,0.41200000000000003,0.435,0.061,0.26
5863,Warren,IA,Crude prevalence,55205,41762,0.26,0.32299999999999995,0.08900000000000001,0.09699999999999999,0.055999999999999994,0.057,0.205,0.09699999999999999,0.355,0.387,0.027999999999999997,0.079
5865,Warren,IL,Crude prevalence,16185,12565,0.284,0.361,0.091,0.10400000000000001,0.073,0.08199999999999999,0.22399999999999998,0.12300000000000001,0.37200000000000005,0.37,0.037000000000000005,0.11699999999999999
5867,Warren,IN,Crude prevalence,8518,6645,0.32799999999999996,0.405,0.10099999999999999,0.11199999999999999,0.08199999999999999,0.096,0.256,0.141,0.414,0.41600000000000004,0.04,0.125
5869,Warren,KY,Crude prevalence,142229,108754,,,,,,,,,,,,0.158
5871,Warren,MO,Crude prevalence,37806,29200,0.308,0.37799999999999995,0.092,0.105,0.073,0.087,0.249,0.12300000000000001,0.387,0.39,0.037000000000000005,0.18600000000000003
5873,Warren,MS,Crude prevalence,42298,32439,0.31,0.46399999999999997,0.077,0.10099999999999999,0.075,0.08199999999999999,0.183,0.162,0.38799999999999996,0.43799999999999994,0.047,0.17800000000000002
5875,Warren,NC,Crude prevalence,18836,15503,0.35700000000000004,0.504,0.08800000000000001,0.11900000000000001,0.105,0.115,0.222,0.2,0.40700000000000003,0.439,0.065,0.218
5877,Warren,NJ,Crude prevalence,111252,89862,0.264,0.345,0.094,0.09300000000000001,0.061,0.057999999999999996,0.17800000000000002,0.1,0.39799999999999996,0.325,0.032,0.085
5879,Warren,NY,Crude prevalence,65380,54087,0.301,0.358,0.107,0.109,0.07200000000000001,0.07400000000000001,0.21,0.11199999999999999,0.38299999999999995,0.31,0.036000000000000004,0.135
5881,Warren,OH,Crude prevalence,252148,192654,0.267,0.322,0.08800000000000001,0.099,0.057999999999999996,0.057999999999999996,0.22699999999999998,0.11,0.35200000000000004,0.326,0.027999999999999997,0.113
5883,Warren,PA,Crude prevalence,37572,30176,,,,,,,,,,,,0.162
5885,Warren,TN,Crude prevalence,42638,32817,0.33899999999999997,0.42100000000000004,0.087,0.11199999999999999,0.08199999999999999,0.10800000000000001,0.297,0.155,0.397,0.423,0.042,0.273
5887,Warren,VA,Crude prevalence,41843,32854,0.28800000000000003,0.361,0.086,0.10800000000000001,0.07,0.076,0.244,0.127,0.382,0.38,0.035,0.154
5889,Warrick,IN,Crude prevalence,65867,50898,0.29,0.353,0.094,0.107,0.063,0.068,0.248,0.11599999999999999,0.39899999999999997,0.34,0.031,0.11
5891,Wasatch,UT,Crude prevalence,37144,26748,0.23,0.271,0.085,0.1,0.05,0.045,0.22399999999999998,0.084,0.314,0.243,0.026000000000000002,0.105
5893,Wasco,OR,Crude prevalence,26333,20804,0.308,0.354,0.095,0.121,0.079,0.086,0.264,0.133,0.36,0.379,0.04,0.20800000000000002
5895,Waseca,MN,Crude prevalence,18981,14718,0.25,0.324,0.09,0.10300000000000001,0.068,0.065,0.24600000000000002,0.114,0.345,0.391,0.035,0.121
5897,Washakie,WY,Crude prevalence,7710,6140,0.304,0.361,0.10300000000000001,0.10099999999999999,0.085,0.08900000000000001,0.203,0.13699999999999998,0.364,0.33299999999999996,0.043,0.11800000000000001
5899,Washburn,WI,Crude prevalence,16930,13886,0.34299999999999997,0.40399999999999997,0.11199999999999999,0.11,0.092,0.08900000000000001,0.21600000000000003,0.14400000000000002,0.41200000000000003,0.35600000000000004,0.045,0.106
5901,Washington,AL,Crude prevalence,15022,11806,0.35200000000000004,0.474,0.091,0.105,0.087,0.095,0.24100000000000002,0.17,0.433,0.41100000000000003,0.049,0.158
5903,Washington,AR,Crude prevalence,261549,200987,0.217,0.34600000000000003,0.064,0.102,0.057999999999999996,0.065,0.24600000000000002,0.10099999999999999,0.33299999999999996,0.354,0.028999999999999998,0.165
5905,Washington,CO,Crude prevalence,4855,3732,0.294,0.326,0.102,0.111,0.07400000000000001,0.076,0.226,0.105,0.35700000000000004,0.264,0.038,0.139
5907,Washington,FL,Crude prevalence,25602,20435,0.315,0.423,0.092,0.105,0.08900000000000001,0.107,0.204,0.151,0.414,0.401,0.046,0.17300000000000001
5909,Washington,GA,Crude prevalence,19820,15608,0.302,0.47100000000000003,0.071,0.111,0.083,0.09699999999999999,0.19399999999999998,0.187,0.396,0.431,0.054000000000000006,0.22
5911,Washington,IA,Crude prevalence,22560,16984,0.29100000000000004,0.373,0.09699999999999999,0.098,0.073,0.076,0.207,0.12,0.37,0.386,0.036000000000000004,0.10400000000000001
5913,Washington,ID,Crude prevalence,11425,8903,0.336,0.38299999999999995,0.102,0.111,0.096,0.1,0.218,0.145,0.374,0.33399999999999996,0.049,0.18
5915,Washington,IL,Crude prevalence,13536,10805,0.298,0.365,0.10099999999999999,0.102,0.07200000000000001,0.078,0.222,0.11699999999999999,0.384,0.368,0.036000000000000004,0.113
5917,Washington,IN,Crude prevalence,28205,21906,0.32299999999999995,0.423,0.09300000000000001,0.11699999999999999,0.083,0.106,0.27399999999999997,0.147,0.41100000000000003,0.415,0.040999999999999995,0.2
5919,Washington,KS,Crude prevalence,5504,4139,0.302,0.373,0.10400000000000001,0.09699999999999999,0.079,0.08,0.196,0.11900000000000001,0.391,0.34,0.038,0.138
5921,Washington,KY,Crude prevalence,12267,9420,,,,,,,,,,,,0.209
5923,Washington,LA,Crude prevalence,44865,34243,0.341,0.469,0.081,0.10800000000000001,0.09300000000000001,0.113,0.272,0.17800000000000002,0.40700000000000003,0.455,0.053,0.242
5925,Washington,MD,Crude prevalence,155813,122221,0.306,0.389,0.09,0.107,0.07200000000000001,0.084,0.22899999999999998,0.133,0.359,0.39,0.038,0.146
5927,Washington,ME,Crude prevalence,31555,25717,0.397,0.431,0.10800000000000001,0.132,0.098,0.113,0.267,0.149,0.38799999999999996,0.39799999999999996,0.046,0.196
5929,Washington,MN,Crude prevalence,278936,212815,0.213,0.294,0.08800000000000001,0.09300000000000001,0.052000000000000005,0.045,0.228,0.10300000000000001,0.342,0.325,0.027000000000000003,0.077
5931,Washington,MO,Crude prevalence,23534,18183,0.327,0.41,0.09,0.11199999999999999,0.08800000000000001,0.11900000000000001,0.264,0.14800000000000002,0.395,0.419,0.046,0.267
5933,Washington,MS,Crude prevalence,41946,31186,0.337,0.539,0.066,0.113,0.091,0.111,0.16899999999999998,0.21,0.39,0.442,0.065,0.22699999999999998
5935,Washington,NC,Crude prevalence,10713,8617,0.379,0.518,0.094,0.122,0.111,0.124,0.23399999999999999,0.20600000000000002,0.41700000000000004,0.436,0.068,0.265
5937,Washington,NE,Crude prevalence,21152,16193,0.26899999999999996,0.342,0.098,0.08900000000000001,0.063,0.06,0.177,0.107,0.358,0.41200000000000003,0.031,0.092
5939,Washington,NY,Crude prevalence,60047,49075,0.307,0.36200000000000004,0.102,0.111,0.07400000000000001,0.081,0.204,0.11199999999999999,0.40700000000000003,0.314,0.038,0.18600000000000003
5941,Washington,OH,Crude prevalence,58577,47177,0.34299999999999997,0.41200000000000003,0.10400000000000001,0.109,0.086,0.096,0.258,0.138,0.37799999999999995,0.43700000000000006,0.040999999999999995,0.18100000000000002
5943,Washington,OK,Crude prevalence,53706,40761,0.316,0.396,0.092,0.11599999999999999,0.08199999999999999,0.08800000000000001,0.265,0.132,0.39,0.424,0.040999999999999995,0.222
5945,Washington,OR,Crude prevalence,598865,472361,0.22399999999999998,0.299,0.076,0.11199999999999999,0.05,0.05,0.249,0.099,0.336,0.324,0.026000000000000002,0.11199999999999999
5947,Washington,PA,Crude prevalence,210232,169190,,,,,,,,,,,,0.122
5949,Washington,RI,Crude prevalence,129982,110479,0.26899999999999996,0.331,0.102,0.10800000000000001,0.064,0.063,0.221,0.09,0.34299999999999997,0.27,0.031,0.11900000000000001
5951,Washington,TN,Crude prevalence,138420,112911,0.311,0.369,0.08900000000000001,0.109,0.073,0.08800000000000001,0.309,0.128,0.368,0.355,0.036000000000000004,0.136
5953,Washington,TX,Crude prevalence,37007,29213,0.276,0.385,0.09,0.1,0.07200000000000001,0.071,0.217,0.132,0.38299999999999995,0.35700000000000004,0.038,0.12
5955,Washington,UT,Crude prevalence,202452,153718,0.28300000000000003,0.342,0.10099999999999999,0.107,0.069,0.062,0.254,0.107,0.35,0.331,0.035,0.106
5957,Washington,VA,Crude prevalence,54050,44535,0.32299999999999995,0.4,0.107,0.107,0.083,0.08800000000000001,0.243,0.138,0.42100000000000004,0.38299999999999995,0.040999999999999995,0.10099999999999999
5959,Washington,VT,Crude prevalence,60142,49442,0.282,0.303,0.10099999999999999,0.107,0.061,0.063,0.276,0.08900000000000001,0.33399999999999996,0.271,0.032,0.128
5961,Washington,WI,Crude prevalence,138168,109514,0.261,0.32899999999999996,0.096,0.105,0.065,0.059000000000000004,0.223,0.105,0.359,0.364,0.032,0.085
5963,Washita,OK,Crude prevalence,10736,8159,0.314,0.405,0.094,0.11199999999999999,0.084,0.09300000000000001,0.249,0.134,0.40700000000000003,0.395,0.040999999999999995,0.205
5965,Washoe,NV,Crude prevalence,498022,396438,0.254,0.297,0.083,0.10300000000000001,0.061,0.067,0.21100000000000002,0.1,0.37,0.285,0.032,0.111
5967,Washtenaw,MI,Crude prevalence,365536,299903,0.221,0.282,0.077,0.106,0.051,0.054000000000000006,0.267,0.087,0.29100000000000004,0.275,0.027000000000000003,0.075
5969,Watauga,NC,Crude prevalence,54748,48121,0.24,0.313,0.075,0.109,0.063,0.07,0.285,0.098,0.32799999999999996,0.33,0.031,0.156
5971,Watonwan,MN,Crude prevalence,11077,8140,0.256,0.345,0.092,0.096,0.076,0.069,0.223,0.129,0.35200000000000004,0.368,0.039,0.121
5973,Waukesha,WI,Crude prevalence,412591,327018,0.265,0.336,0.096,0.102,0.062,0.052000000000000005,0.20199999999999999,0.105,0.355,0.33399999999999996,0.028999999999999998,0.059000000000000004
5975,Waupaca,WI,Crude prevalence,51388,41137,0.308,0.36700000000000005,0.095,0.111,0.077,0.078,0.22899999999999998,0.131,0.373,0.382,0.038,0.114
5977,Waushara,WI,Crude prevalence,24934,20556,0.321,0.391,0.105,0.105,0.08900000000000001,0.087,0.221,0.14400000000000002,0.374,0.397,0.044000000000000004,0.129
5979,Wayne,GA,Crude prevalence,31373,23759,0.29,0.42700000000000005,0.078,0.10800000000000001,0.08,0.1,0.21600000000000003,0.158,0.39299999999999996,0.433,0.046,0.19699999999999998
5981,Wayne,IA,Crude prevalence,6557,4850,0.317,0.38799999999999996,0.10400000000000001,0.102,0.086,0.091,0.207,0.131,0.385,0.406,0.043,0.149
5983,Wayne,IL,Crude prevalence,15761,12269,0.32,0.397,0.102,0.107,0.085,0.1,0.233,0.136,0.395,0.39899999999999997,0.043,0.244
5985,Wayne,IN,Crude prevalence,66127,51199,0.326,0.409,0.09300000000000001,0.11800000000000001,0.083,0.10300000000000001,0.271,0.147,0.39799999999999996,0.379,0.042,0.161
5987,Wayne,KY,Crude prevalence,19580,15608,,,,,,,,,,,,0.295
5989,Wayne,MI,Crude prevalence,1751169,1339690,0.297,0.40299999999999997,0.076,0.12300000000000001,0.07400000000000001,0.092,0.243,0.14300000000000002,0.361,0.374,0.044000000000000004,0.095
5991,Wayne,MO,Crude prevalence,10811,8628,0.377,0.45399999999999996,0.107,0.113,0.111,0.14300000000000002,0.258,0.174,0.426,0.415,0.057,0.247
5993,Wayne,MS,Crude prevalence,19703,14753,0.33399999999999996,0.47700000000000004,0.079,0.105,0.09,0.107,0.19699999999999998,0.17800000000000002,0.401,0.442,0.055,0.225
5995,Wayne,NC,Crude prevalence,118686,90368,0.28600000000000003,0.41100000000000003,0.07400000000000001,0.115,0.07400000000000001,0.084,0.242,0.142,0.359,0.395,0.044000000000000004,0.185
5997,Wayne,NE,Crude prevalence,9874,7832,0.215,0.29,0.075,0.092,0.057999999999999996,0.057999999999999996,0.182,0.09699999999999999,0.3,0.373,0.028999999999999998,0.11699999999999999
5999,Wayne,NY,Crude prevalence,90829,71935,0.29100000000000004,0.34,0.10099999999999999,0.111,0.073,0.077,0.209,0.11199999999999999,0.38,0.374,0.037000000000000005,0.102
6001,Wayne,OH,Crude prevalence,116510,88780,0.304,0.371,0.094,0.11,0.076,0.087,0.254,0.129,0.371,0.375,0.037000000000000005,0.134
6003,Wayne,PA,Crude prevalence,51262,42777,,,,,,,,,,,,0.152
6005,Wayne,TN,Crude prevalence,16066,13393,0.345,0.42700000000000005,0.091,0.11,0.08900000000000001,0.11800000000000001,0.29,0.154,0.414,0.405,0.046,0.171
6007,Wayne,UT,Crude prevalence,2614,2014,0.32299999999999995,0.379,0.10800000000000001,0.111,0.083,0.081,0.256,0.131,0.37799999999999995,0.34299999999999997,0.042,0.138
6009,Wayne,WV,Crude prevalence,37686,30122,0.405,0.465,0.102,0.125,0.09699999999999999,0.12,0.313,0.16899999999999998,0.43700000000000006,0.426,0.046,0.217
6011,Waynesboro,VA,Crude prevalence,23182,17775,0.295,0.376,0.086,0.11,0.071,0.079,0.242,0.132,0.385,0.386,0.038,0.18
6013,Weakley,TN,Crude prevalence,33084,26870,0.306,0.38299999999999995,0.083,0.113,0.078,0.1,0.301,0.139,0.37799999999999995,0.391,0.04,0.207
6015,Webb,TX,Crude prevalence,269148,186022,0.188,0.316,0.040999999999999995,0.087,0.057999999999999996,0.05,0.191,0.161,0.33899999999999997,0.42100000000000004,0.032,0.14400000000000002
6017,Weber,UT,Crude prevalence,271926,201028,0.24600000000000002,0.294,0.073,0.114,0.049,0.049,0.282,0.09,0.33,0.34700000000000003,0.026000000000000002,0.126
6019,Webster,GA,Crude prevalence,2337,1938,0.353,0.507,0.09300000000000001,0.11199999999999999,0.107,0.114,0.193,0.21,0.431,0.42200000000000004,0.064,0.245
6021,Webster,IA,Crude prevalence,36485,28671,0.28,0.369,0.091,0.10099999999999999,0.071,0.077,0.205,0.11800000000000001,0.35100000000000003,0.41200000000000003,0.036000000000000004,0.12300000000000001
6023,Webster,KY,Crude prevalence,12726,9635,,,,,,,,,,,,0.258
6025,Webster,LA,Crude prevalence,35238,27304,0.35100000000000003,0.494,0.085,0.11199999999999999,0.102,0.126,0.27399999999999997,0.195,0.415,0.446,0.06,0.243
6027,Webster,MO,Crude prevalence,41472,29983,0.292,0.371,0.086,0.10800000000000001,0.07400000000000001,0.094,0.261,0.122,0.375,0.41700000000000004,0.038,0.196
6029,Webster,MS,Crude prevalence,9988,7562,0.305,0.43200000000000005,0.086,0.09699999999999999,0.073,0.085,0.20199999999999999,0.13699999999999998,0.413,0.365,0.040999999999999995,0.132
6031,Webster,NE,Crude prevalence,3351,2578,0.299,0.374,0.102,0.09300000000000001,0.076,0.077,0.17600000000000002,0.129,0.37200000000000005,0.391,0.038,0.16699999999999998
6033,Webster,WV,Crude prevalence,8045,6456,0.44799999999999995,0.499,0.109,0.127,0.115,0.14800000000000002,0.314,0.195,0.47100000000000003,0.429,0.055,0.263
6035,Weld,CO,Crude prevalence,359442,268740,0.215,0.278,0.071,0.107,0.051,0.055,0.221,0.095,0.311,0.33799999999999997,0.027000000000000003,0.106
6037,Wells,IN,Crude prevalence,28555,21512,0.314,0.392,0.094,0.11,0.07200000000000001,0.085,0.257,0.127,0.387,0.419,0.035,0.14
6039,Wells,ND,Crude prevalence,3876,3059,0.348,0.406,0.11699999999999999,0.10099999999999999,0.095,0.09,0.192,0.138,0.39799999999999996,0.37799999999999995,0.046,0.126
6041,West Baton Rouge,LA,Crude prevalence,28266,21373,0.284,0.426,0.07,0.10400000000000001,0.065,0.07200000000000001,0.255,0.14,0.37,0.41600000000000004,0.039,0.133
6043,West Carroll,LA,Crude prevalence,9323,7222,0.34299999999999997,0.456,0.094,0.10400000000000001,0.094,0.111,0.27699999999999997,0.165,0.414,0.401,0.051,0.267
6045,West Feliciana,LA,Crude prevalence,15371,12848,0.272,0.444,0.07,0.091,0.069,0.069,0.218,0.146,0.38,0.40700000000000003,0.04,0.183
6047,Westchester,NY,Crude prevalence,990817,782936,0.24100000000000002,0.298,0.081,0.09300000000000001,0.055999999999999994,0.049,0.155,0.105,0.365,0.26,0.03,0.083
6049,Western Connecticut,CT,Crude prevalence,623907,489485,0.215,0.282,0.084,0.098,0.05,0.046,0.177,0.085,0.38,0.247,0.027999999999999997,0.077
6051,Westmoreland,PA,Crude prevalence,351163,287864,,,,,,,,,,,,0.142
6053,Westmoreland,VA,Crude prevalence,19013,15601,0.37200000000000005,0.45399999999999996,0.1,0.114,0.1,0.107,0.23,0.183,0.43799999999999994,0.41,0.055,0.165
6055,Weston,WY,Crude prevalence,6808,5543,0.289,0.34600000000000003,0.09699999999999999,0.099,0.079,0.08199999999999999,0.195,0.126,0.37,0.35700000000000004,0.039,0.154
6057,Wetzel,WV,Crude prevalence,13890,10969,0.406,0.456,0.10300000000000001,0.121,0.09699999999999999,0.11699999999999999,0.307,0.16699999999999998,0.45399999999999996,0.424,0.046,0.182
6059,Wexford,MI,Crude prevalence,34122,26384,0.32899999999999996,0.392,0.10099999999999999,0.11699999999999999,0.084,0.102,0.27899999999999997,0.13,0.371,0.39,0.040999999999999995,0.14800000000000002
6061,Wharton,TX,Crude prevalence,41739,31173,0.26,0.381,0.073,0.099,0.073,0.07400000000000001,0.215,0.15,0.376,0.4,0.04,0.214
6063,Whatcom,WA,Crude prevalence,231919,189784,0.243,0.284,0.086,0.107,0.057,0.054000000000000006,0.295,0.08800000000000001,0.331,0.265,0.03,0.098
6065,Wheatland,MT,Crude prevalence,2057,1534,0.344,0.389,0.106,0.115,0.091,0.1,0.24600000000000002,0.13,0.36700000000000005,0.32,0.047,0.215
6067,Wheeler,GA,Crude prevalence,7081,5935,0.26899999999999996,0.43799999999999994,0.069,0.1,0.081,0.096,0.19,0.16,0.384,0.413,0.048,0.201
6069,Wheeler,NE,Crude prevalence,775,603,0.312,0.406,0.121,0.08800000000000001,0.085,0.076,0.158,0.132,0.387,0.384,0.04,0.10800000000000001
6071,Wheeler,OR,Crude prevalence,1436,1267,0.405,0.452,0.13699999999999998,0.122,0.113,0.114,0.253,0.165,0.414,0.358,0.055999999999999994,0.131
6073,Wheeler,TX,Crude prevalence,4804,3606,0.292,0.39799999999999996,0.09,0.10300000000000001,0.083,0.091,0.23399999999999999,0.147,0.395,0.37200000000000005,0.043,0.18100000000000002
6075,White,AR,Crude prevalence,78452,60279,0.301,0.40399999999999997,0.084,0.106,0.079,0.09300000000000001,0.263,0.126,0.392,0.397,0.04,0.195
6077,White,GA,Crude prevalence,29026,23497,0.3,0.39799999999999996,0.102,0.099,0.079,0.084,0.21100000000000002,0.132,0.41100000000000003,0.35,0.04,0.08800000000000001
6079,White,IL,Crude prevalence,13401,10554,0.33,0.409,0.10400000000000001,0.109,0.092,0.11,0.235,0.145,0.396,0.392,0.047,0.185
6081,White,IN,Crude prevalence,24917,19028,0.331,0.40299999999999997,0.099,0.11,0.081,0.095,0.253,0.146,0.415,0.446,0.04,0.166
6083,White,TN,Crude prevalence,28692,22572,0.35700000000000004,0.433,0.09699999999999999,0.113,0.09,0.11900000000000001,0.314,0.156,0.414,0.397,0.046,0.209
6085,White Pine,NV,Crude prevalence,8522,6803,0.298,0.364,0.092,0.107,0.081,0.091,0.215,0.126,0.39299999999999996,0.344,0.042,0.172
6087,Whiteside,IL,Crude prevalence,54498,42573,0.299,0.371,0.09699999999999999,0.102,0.076,0.083,0.215,0.13,0.39,0.36200000000000004,0.038,0.156
6089,Whitfield,GA,Crude prevalence,103687,78269,0.253,0.35700000000000004,0.07400000000000001,0.096,0.069,0.075,0.20199999999999999,0.141,0.39299999999999996,0.379,0.037000000000000005,0.16399999999999998
6091,Whitley,IN,Crude prevalence,34742,26865,0.308,0.381,0.095,0.11,0.073,0.085,0.24600000000000002,0.126,0.39,0.397,0.035,0.124
6093,Whitley,KY,Crude prevalence,36825,27163,,,,,,,,,,,,0.218
6095,Whitman,WA,Crude prevalence,48012,40463,0.184,0.239,0.059000000000000004,0.12,0.045,0.049,0.285,0.07400000000000001,0.275,0.285,0.025,0.091
6097,Wibaux,MT,Crude prevalence,910,719,0.321,0.37200000000000005,0.109,0.11,0.08199999999999999,0.084,0.23600000000000002,0.11599999999999999,0.359,0.325,0.042,0.122
6099,Wichita,KS,Crude prevalence,2082,1493,0.298,0.392,0.092,0.095,0.08800000000000001,0.086,0.19,0.145,0.384,0.41700000000000004,0.042,0.16699999999999998
6101,Wichita,TX,Crude prevalence,130180,100315,0.23800000000000002,0.348,0.07,0.10300000000000001,0.062,0.071,0.239,0.121,0.345,0.353,0.034,0.132
6103,Wicomico,MD,Crude prevalence,104800,81312,0.281,0.36700000000000005,0.078,0.111,0.065,0.07400000000000001,0.217,0.126,0.391,0.396,0.037000000000000005,0.127
6105,Wilbarger,TX,Crude prevalence,12522,9895,0.28600000000000003,0.40299999999999997,0.077,0.105,0.085,0.099,0.237,0.165,0.385,0.396,0.047,0.218
6107,Wilcox,AL,Crude prevalence,9944,7755,0.373,0.5670000000000001,0.076,0.11900000000000001,0.10800000000000001,0.128,0.214,0.23800000000000002,0.439,0.512,0.073,0.331
6109,Wilcox,GA,Crude prevalence,8779,7154,0.295,0.462,0.08,0.102,0.091,0.10300000000000001,0.192,0.174,0.39799999999999996,0.426,0.053,0.17600000000000002
6111,Wilkes,GA,Crude prevalence,9518,7557,0.33,0.474,0.08800000000000001,0.10800000000000001,0.09300000000000001,0.102,0.192,0.18899999999999997,0.425,0.406,0.055999999999999994,0.214
6113,Wilkes,NC,Crude prevalence,66013,52999,0.327,0.415,0.10099999999999999,0.11,0.09,0.10400000000000001,0.268,0.139,0.402,0.38,0.047,0.22699999999999998
6115,Wilkin,MN,Crude prevalence,6306,4874,0.268,0.354,0.096,0.10300000000000001,0.076,0.073,0.247,0.12300000000000001,0.353,0.386,0.039,0.15
6117,Wilkinson,GA,Crude prevalence,8725,6784,0.318,0.45899999999999996,0.083,0.109,0.085,0.09699999999999999,0.201,0.177,0.409,0.41,0.052000000000000005,0.21899999999999997
6119,Wilkinson,MS,Crude prevalence,8058,6454,0.33,0.529,0.068,0.105,0.091,0.105,0.17,0.20600000000000002,0.401,0.474,0.062,0.264
6121,Will,IL,Crude prevalence,700728,537627,0.23800000000000002,0.32,0.07200000000000001,0.09699999999999999,0.053,0.055999999999999994,0.18899999999999997,0.107,0.34,0.38,0.028999999999999998,0.07400000000000001
6123,Willacy,TX,Crude prevalence,20037,15371,0.223,0.365,0.046,0.08900000000000001,0.077,0.07200000000000001,0.195,0.188,0.364,0.43200000000000005,0.042,0.172
6125,Williams,ND,Crude prevalence,39113,27329,0.218,0.304,0.065,0.102,0.051,0.054000000000000006,0.212,0.08900000000000001,0.308,0.40399999999999997,0.027000000000000003,0.114
6127,Williams,OH,Crude prevalence,36591,28607,0.32299999999999995,0.39899999999999997,0.09699999999999999,0.111,0.083,0.095,0.258,0.14400000000000002,0.385,0.406,0.04,0.155
6129,Williamsburg,SC,Crude prevalence,29891,24199,0.32,0.499,0.075,0.109,0.086,0.1,0.2,0.204,0.397,0.45,0.06,0.188
6131,Williamsburg,VA,Crude prevalence,15847,14049,0.21,0.285,0.064,0.11,0.051,0.053,0.248,0.094,0.322,0.311,0.027000000000000003,0.111
6133,Williamson,IL,Crude prevalence,66706,52683,0.295,0.37200000000000005,0.095,0.105,0.07200000000000001,0.08199999999999999,0.22899999999999998,0.124,0.37,0.401,0.037000000000000005,0.073
6135,Williamson,TN,Crude prevalence,264460,197303,0.272,0.35,0.08900000000000001,0.098,0.051,0.052000000000000005,0.247,0.1,0.381,0.294,0.025,0.038
6137,Williamson,TX,Crude prevalence,697191,532125,0.196,0.292,0.066,0.09,0.045,0.043,0.204,0.098,0.32799999999999996,0.326,0.024,0.084
6139,Wilson,KS,Crude prevalence,8382,6388,0.32299999999999995,0.40299999999999997,0.10099999999999999,0.10400000000000001,0.08800000000000001,0.096,0.213,0.138,0.40299999999999997,0.39799999999999996,0.043,0.182
6141,Wilson,NC,Crude prevalence,78970,60928,0.316,0.447,0.077,0.11900000000000001,0.086,0.099,0.23800000000000002,0.168,0.375,0.384,0.052000000000000005,0.174
6143,Wilson,TN,Crude prevalence,163674,125684,0.287,0.35700000000000004,0.085,0.10400000000000001,0.059000000000000004,0.068,0.27,0.113,0.382,0.312,0.03,0.09300000000000001
6145,Wilson,TX,Crude prevalence,54183,41434,0.248,0.342,0.075,0.094,0.063,0.061,0.209,0.131,0.37799999999999995,0.353,0.033,0.1
6147,Winchester,VA,Crude prevalence,27617,21446,0.287,0.375,0.079,0.109,0.07400000000000001,0.083,0.242,0.142,0.387,0.376,0.039,0.106
6149,Windham,VT,Crude prevalence,45966,38295,0.298,0.325,0.107,0.10800000000000001,0.071,0.075,0.261,0.098,0.337,0.259,0.037000000000000005,0.126
6151,Windsor,VT,Crude prevalence,58101,48044,0.294,0.332,0.11,0.10800000000000001,0.067,0.067,0.266,0.095,0.33299999999999996,0.28800000000000003,0.036000000000000004,0.122
6153,Winkler,TX,Crude prevalence,7414,5280,0.218,0.33799999999999997,0.055999999999999994,0.092,0.061,0.06,0.205,0.141,0.359,0.376,0.033,0.131
6155,Winn,LA,Crude prevalence,13216,10424,0.32,0.466,0.08,0.102,0.08900000000000001,0.10300000000000001,0.264,0.171,0.406,0.45899999999999996,0.05,0.214
6157,Winnebago,IA,Crude prevalence,10571,8271,0.287,0.364,0.098,0.099,0.07200000000000001,0.07400000000000001,0.203,0.11599999999999999,0.366,0.384,0.036000000000000004,0.141
6159,Winnebago,IL,Crude prevalence,280922,215494,0.293,0.382,0.085,0.106,0.073,0.083,0.225,0.139,0.38299999999999995,0.42,0.04,0.152
6161,Winnebago,WI,Crude prevalence,171735,137307,0.272,0.324,0.084,0.11,0.063,0.064,0.23399999999999999,0.11199999999999999,0.33899999999999997,0.4,0.032,0.091
6163,Winneshiek,IA,Crude prevalence,19815,16136,0.27399999999999997,0.341,0.10099999999999999,0.096,0.07,0.066,0.192,0.107,0.35700000000000004,0.34700000000000003,0.034,0.081
6165,Winona,MN,Crude prevalence,49721,41197,0.218,0.3,0.083,0.10300000000000001,0.061,0.057999999999999996,0.25,0.098,0.311,0.33799999999999997,0.031,0.08
6167,Winston,AL,Crude prevalence,23611,18837,0.363,0.469,0.102,0.10300000000000001,0.099,0.11800000000000001,0.262,0.165,0.45899999999999996,0.391,0.05,0.14300000000000002
6169,Winston,MS,Crude prevalence,17416,13573,0.35100000000000003,0.508,0.081,0.10300000000000001,0.096,0.11,0.187,0.195,0.41200000000000003,0.41700000000000004,0.059000000000000004,0.254
6171,Wirt,WV,Crude prevalence,5000,3936,0.419,0.47600000000000003,0.107,0.12300000000000001,0.10400000000000001,0.127,0.303,0.18100000000000002,0.457,0.428,0.049,0.26
6173,Wise,TX,Crude prevalence,78097,58924,0.257,0.345,0.079,0.10099999999999999,0.064,0.07200000000000001,0.235,0.11900000000000001,0.368,0.341,0.034,0.11900000000000001
6175,Wise,VA,Crude prevalence,35174,28336,0.325,0.418,0.091,0.114,0.086,0.105,0.263,0.151,0.40399999999999997,0.435,0.044000000000000004,0.17800000000000002
6177,Wolfe,KY,Crude prevalence,6282,4858,,,,,,,,,,,,0.402
6179,Wood,OH,Crude prevalence,132650,106092,0.266,0.331,0.08199999999999999,0.106,0.061,0.066,0.276,0.107,0.337,0.374,0.028999999999999998,0.10099999999999999
6181,Wood,TX,Crude prevalence,47921,39005,0.317,0.41200000000000003,0.105,0.10300000000000001,0.08800000000000001,0.09300000000000001,0.23199999999999998,0.146,0.413,0.34299999999999997,0.045,0.17600000000000002
6183,Wood,WI,Crude prevalence,73939,58207,0.301,0.359,0.096,0.109,0.078,0.077,0.22699999999999998,0.126,0.35700000000000004,0.4,0.039,0.086
6185,Wood,WV,Crude prevalence,83052,65756,0.39,0.45299999999999996,0.102,0.12,0.09,0.10800000000000001,0.32,0.166,0.43,0.435,0.042,0.22399999999999998
6187,Woodbury,IA,Crude prevalence,105951,78835,0.247,0.345,0.076,0.098,0.066,0.073,0.2,0.121,0.341,0.391,0.034,0.099
6189,Woodford,IL,Crude prevalence,38285,29234,0.275,0.34700000000000003,0.096,0.10099999999999999,0.064,0.068,0.22,0.106,0.371,0.373,0.032,0.113
6191,Woodford,KY,Crude prevalence,27268,21423,,,,,,,,,,,,0.168
6193,Woodruff,AR,Crude prevalence,5964,4659,0.355,0.498,0.094,0.11,0.107,0.12300000000000001,0.244,0.183,0.425,0.392,0.06,0.212
6195,Woods,OK,Crude prevalence,8564,6777,0.27,0.361,0.08199999999999999,0.109,0.07200000000000001,0.076,0.26,0.111,0.375,0.366,0.035,0.149
6197,Woodson,KS,Crude prevalence,3115,2491,0.327,0.408,0.107,0.102,0.08900000000000001,0.094,0.207,0.136,0.40299999999999997,0.396,0.043,0.159
6199,Woodward,OK,Crude prevalence,19947,15150,0.278,0.395,0.083,0.109,0.075,0.08199999999999999,0.24100000000000002,0.121,0.379,0.415,0.037000000000000005,0.19399999999999998
6201,Worcester,MA,Crude prevalence,866866,690404,0.26899999999999996,0.332,0.085,0.121,0.06,0.063,0.256,0.10400000000000001,0.353,0.326,0.031,0.122
6203,Worcester,MD,Crude prevalence,54171,44887,0.341,0.42100000000000004,0.11599999999999999,0.10099999999999999,0.081,0.08,0.204,0.13699999999999998,0.42200000000000004,0.331,0.042,0.07
6205,Worth,GA,Crude prevalence,20273,15854,0.32,0.445,0.087,0.109,0.086,0.10099999999999999,0.217,0.16899999999999998,0.406,0.389,0.05,0.207
6207,Worth,IA,Crude prevalence,7297,5744,0.307,0.381,0.10300000000000001,0.098,0.077,0.078,0.2,0.124,0.385,0.405,0.038,0.11199999999999999
6209,Worth,MO,Crude prevalence,1907,1536,0.36700000000000005,0.43799999999999994,0.11199999999999999,0.106,0.099,0.11699999999999999,0.245,0.155,0.42200000000000004,0.402,0.05,0.207
6211,Wrangell,AK,Crude prevalence,2064,1686,0.313,0.408,0.105,0.106,0.094,0.091,0.183,0.129,0.405,0.348,0.048,0.147
6213,Wright,IA,Crude prevalence,12656,9332,0.303,0.384,0.10099999999999999,0.099,0.086,0.087,0.195,0.139,0.385,0.40700000000000003,0.042,0.15
6215,Wright,MN,Crude prevalence,151150,110472,0.22399999999999998,0.308,0.08199999999999999,0.1,0.052000000000000005,0.049,0.244,0.092,0.331,0.354,0.027000000000000003,0.08
6217,Wright,MO,Crude prevalence,19403,14305,0.341,0.413,0.096,0.11199999999999999,0.095,0.126,0.266,0.155,0.405,0.42200000000000004,0.05,0.322
6219,Wyandot,OH,Crude prevalence,21457,16768,0.319,0.391,0.10099999999999999,0.107,0.076,0.084,0.24600000000000002,0.13,0.371,0.35600000000000004,0.036000000000000004,0.16399999999999998
6221,Wyandotte,KS,Crude prevalence,165281,120644,0.23399999999999999,0.37,0.057999999999999996,0.10099999999999999,0.067,0.07400000000000001,0.177,0.145,0.353,0.40700000000000003,0.038,0.175
6223,Wyoming,NY,Crude prevalence,39532,32281,0.287,0.366,0.096,0.109,0.073,0.081,0.207,0.11199999999999999,0.384,0.35600000000000004,0.037000000000000005,0.11
6225,Wyoming,PA,Crude prevalence,25902,20959,,,,,,,,,,,,0.153
6227,Wyoming,WV,Crude prevalence,20277,16181,0.423,0.49700000000000005,0.099,0.129,0.107,0.14,0.316,0.187,0.46299999999999997,0.446,0.051,0.261
6229,Wythe,VA,Crude prevalence,28104,22650,0.33899999999999997,0.40299999999999997,0.10099999999999999,0.111,0.085,0.096,0.251,0.14300000000000002,0.42,0.38799999999999996,0.043,0.215
6231,Yadkin,NC,Crude prevalence,37774,30051,0.312,0.406,0.09699999999999999,0.109,0.084,0.095,0.263,0.133,0.39299999999999996,0.363,0.043,0.149
6233,Yakima,WA,Crude prevalence,256643,183160,0.233,0.327,0.068,0.107,0.065,0.065,0.226,0.129,0.34700000000000003,0.397,0.036000000000000004,0.172
6235,Yakutat,AK,Crude prevalence,687,555,0.28,0.405,0.083,0.109,0.08900000000000001,0.086,0.18,0.13699999999999998,0.38,0.354,0.048,0.16
6237,Yalobusha,MS,Crude prevalence,12386,9781,0.35200000000000004,0.507,0.085,0.10300000000000001,0.096,0.114,0.195,0.19,0.423,0.401,0.057999999999999996,0.218
6239,Yamhill,OR,Crude prevalence,108644,86173,0.275,0.332,0.08800000000000001,0.11800000000000001,0.064,0.068,0.248,0.11199999999999999,0.32799999999999996,0.37,0.033,0.171
6241,Yancey,NC,Crude prevalence,18938,15582,0.336,0.414,0.109,0.10800000000000001,0.091,0.1,0.261,0.13699999999999998,0.40299999999999997,0.35600000000000004,0.045,0.214
6243,Yankton,SD,Crude prevalence,23517,18574,0.275,0.35,0.102,0.098,0.071,0.067,0.20199999999999999,0.11800000000000001,0.353,0.38299999999999995,0.036000000000000004,0.115
6245,Yates,NY,Crude prevalence,24472,18914,0.301,0.358,0.10300000000000001,0.113,0.079,0.08900000000000001,0.20800000000000002,0.11599999999999999,0.387,0.33899999999999997,0.04,0.158
6247,Yavapai,AZ,Crude prevalence,249081,211150,0.336,0.38,0.13,0.10800000000000001,0.08800000000000001,0.092,0.193,0.121,0.41,0.27,0.045,0.11599999999999999
6249,Yazoo,MS,Crude prevalence,25796,20207,0.295,0.495,0.06,0.10400000000000001,0.083,0.107,0.18600000000000003,0.185,0.38299999999999995,0.505,0.055,0.322
6251,Yell,AR,Crude prevalence,20044,15261,0.304,0.435,0.086,0.10099999999999999,0.087,0.099,0.251,0.147,0.414,0.42,0.043,0.201
6253,Yellow Medicine,MN,Crude prevalence,9467,7259,0.27699999999999997,0.35600000000000004,0.098,0.102,0.077,0.07200000000000001,0.244,0.124,0.35200000000000004,0.38799999999999996,0.039,0.098
6255,Yellowstone,MT,Crude prevalence,170843,132003,0.273,0.317,0.091,0.107,0.06,0.064,0.273,0.095,0.32,0.34,0.032,0.114
6257,Yoakum,TX,Crude prevalence,7468,5012,0.21600000000000003,0.326,0.057999999999999996,0.092,0.06,0.057999999999999996,0.209,0.135,0.355,0.376,0.032,0.17600000000000002
6259,Yolo,CA,Crude prevalence,220544,177405,0.19,0.26,0.057999999999999996,0.098,0.049,0.047,0.23600000000000002,0.09300000000000001,0.312,0.257,0.027000000000000003,0.155
6261,York,ME,Crude prevalence,218586,180518,0.314,0.353,0.105,0.127,0.07200000000000001,0.078,0.254,0.10400000000000001,0.373,0.331,0.034,0.127
6263,York,NE,Crude prevalence,14356,11004,0.26,0.34,0.09300000000000001,0.094,0.071,0.07,0.17300000000000001,0.11199999999999999,0.344,0.409,0.035,0.08199999999999999
6265,York,PA,Crude prevalence,464640,363700,,,,,,,,,,,,0.14
6267,York,SC,Crude prevalence,298320,228347,0.252,0.355,0.08199999999999999,0.09300000000000001,0.053,0.06,0.21899999999999997,0.11800000000000001,0.358,0.373,0.031,0.111
6269,York,VA,Crude prevalence,70952,54822,0.268,0.33399999999999996,0.086,0.1,0.057,0.052000000000000005,0.212,0.111,0.38299999999999995,0.315,0.028999999999999998,0.092
6271,Young,TX,Crude prevalence,18124,13798,0.282,0.381,0.09,0.1,0.075,0.081,0.23399999999999999,0.134,0.389,0.371,0.039,0.139
6273,Yuba,CA,Crude prevalence,85722,62561,0.22399999999999998,0.309,0.065,0.10400000000000001,0.06,0.065,0.237,0.113,0.335,0.308,0.034,0.146
6275,Yukon-Koyukuk,AK,Crude prevalence,5129,3732,0.297,0.414,0.07400000000000001,0.126,0.09699999999999999,0.105,0.198,0.165,0.38,0.369,0.055999999999999994,0.3
6277,Yuma,AZ,Crude prevalence,213221,161189,0.25,0.353,0.079,0.09699999999999999,0.079,0.075,0.179,0.145,0.359,0.374,0.042,0.22399999999999998
6279,Yuma,CO,Crude prevalence,9862,7075,0.271,0.314,0.091,0.111,0.07200000000000001,0.078,0.223,0.109,0.342,0.284,0.038,0.11900000000000001
6281,Zapata,TX,Crude prevalence,13736,9425,0.23399999999999999,0.382,0.047,0.092,0.084,0.078,0.204,0.20800000000000002,0.38,0.43700000000000006,0.046,0.249
6283,Zavala,TX,Crude prevalence,9312,6563,0.248,0.406,0.047,0.094,0.09,0.084,0.20800000000000002,0.226,0.389,0.475,0.049,0.265
6285,Ziebach,SD,Crude prevalence,2322,1744,0.28300000000000003,0.39399999999999996,0.067,0.138,0.092,0.11199999999999999,0.231,0.187,0.34600000000000003,0.47200000000000003,0.055,0.295
